timestamp,actual,persistence,seasonal_naive,sarimax,lstm_seed42,lstm_seed1,lstm_seed2,lstm,tcn_seed42,tcn_seed1,tcn_seed2,tcn
2013-12-16 00:00:00+01:00,346.46026611328125,346.1808166503906,317.9599609375,339.81086511039,355.41428100745946,353.809323706322,358.18898555426006,353.809323706322,366.7324308235815,363.26263833283576,373.0877708698313,373.0877708698313
2013-12-16 00:10:00+01:00,335.4793701171875,346.46026611328125,395.845458984375,323.3448804613517,338.4459321536245,337.94765533245493,342.8649216322635,337.94765533245493,355.5025516513899,348.0207389021515,358.37768055813837,358.37768055813837
2013-12-16 00:20:00+01:00,321.91082763671875,335.4793701171875,346.2423400878906,307.1760523681761,322.76741309417497,322.5166320830925,327.3699886508209,322.5166320830925,338.72886756145425,331.16015618781887,332.4585431267188,332.4585431267188
2013-12-16 00:30:00+01:00,286.60003662109375,321.91082763671875,297.6806640625,298.91515069119174,307.50180546133777,307.0614843455095,311.289018606172,307.0614843455095,320.4331857258441,320.3894320765489,314.0798107212774,314.0798107212774
2013-12-16 00:40:00+01:00,299.6622009277344,286.60003662109375,232.73995971679688,276.8780012136486,288.89988550869595,287.67552438545886,289.9556559938978,287.67552438545886,297.8745788327952,298.9190808488656,283.4873464981326,283.4873464981326
2013-12-16 00:50:00+01:00,247.85450744628906,299.6622009277344,252.48585510253906,275.2876965189061,277.0722439119642,275.92718610475646,278.55952816211874,275.92718610475646,295.962211175621,291.04248919357184,284.76162847605246,284.76162847605246
2013-12-16 01:00:00+01:00,235.4923553466797,247.85450744628906,238.6772918701172,243.64525886771952,260.86743405944827,259.9015408202008,260.86219648125143,259.9015408202008,267.1942105738757,263.85843419853313,256.26052317685065,256.26052317685065
2013-12-16 01:10:00+01:00,268.6986389160156,235.4923553466797,253.9409942626953,232.72998302613658,247.1828016690236,246.6282057531728,246.75674315776536,246.6282057531728,260.2300040602301,253.6087472517979,248.64404872300398,248.64404872300398
2013-12-16 01:20:00+01:00,252.0726318359375,268.6986389160156,225.68031311035156,236.07558824490596,240.46075565749808,239.84858389919495,241.41140042871518,239.84858389919495,261.4382086961852,259.5845170339287,247.50931823997473,247.50931823997473
2013-12-16 01:30:00+01:00,218.37957763671875,252.0726318359375,197.42489624023438,230.7559674227517,232.7394049907208,232.11429590117478,233.92726539077356,232.11429590117478,253.98545116933295,250.1106192757997,243.231634171545,243.231634171545
2013-12-16 01:40:00+01:00,231.682373046875,218.37957763671875,211.3418426513672,219.46853670179215,222.9105643006639,222.85612878064546,223.54969990462325,222.85612878064546,237.80174966565724,234.85623087068734,228.2960517908245,228.2960517908245
2013-12-16 01:50:00+01:00,209.62327575683594,231.682373046875,216.99398803710938,218.08405463038963,217.33103546144457,217.87069608395953,218.73643865735957,217.87069608395953,240.27753513006115,235.44850687460175,231.12300376147212,231.12300376147212
2013-12-16 02:00:00+01:00,209.1171112060547,209.62327575683594,240.3246612548828,201.87916974502332,210.5689320130967,212.28850280731208,212.21584808850602,212.28850280731208,223.75000053139107,221.63114176536013,217.48158047717436,217.48158047717436
2013-12-16 02:10:00+01:00,235.20217895507812,209.1171112060547,196.97177124023438,201.9733244940889,204.5365757069935,206.39429024447293,205.73812323919358,206.39429024447293,218.85205366029038,224.06850135949665,214.99634873711724,214.99634873711724
2013-12-16 02:20:00+01:00,214.24267578125,235.20217895507812,203.81460571289062,210.09821358305427,203.14523232626965,205.7612748256604,205.84174885976543,205.7612748256604,223.92158852973608,227.65301972478187,220.90705051346333,220.90705051346333
2013-12-16 02:30:00+01:00,207.9650115966797,214.24267578125,204.01747131347656,204.49107254283598,199.80336577836488,203.302117887415,202.67928874349852,203.302117887415,213.67514569358983,217.87319761227255,215.14957769658187,215.14957769658187
2013-12-16 02:40:00+01:00,218.9016876220703,207.9650115966797,174.18658447265625,204.99394194879355,196.06925344220326,199.7147265731217,198.32214793729196,199.7147265731217,213.79435180358487,217.85494306856478,217.09639115780823,217.09639115780823
2013-12-16 02:50:00+01:00,192.52117919921875,218.9016876220703,201.2137451171875,205.31988169380693,195.06947940938838,199.80098880833543,198.28686778486664,199.80098880833543,216.59978955602153,218.08453102237243,217.92347247973956,217.92347247973956
2013-12-16 03:00:00+01:00,199.50375366210938,192.52117919921875,187.0758056640625,192.64264265433275,190.94852932743777,196.24002268044333,193.3192338757209,196.24002268044333,203.42137702850616,205.75587349465096,207.39015983917938,207.39015983917938
2013-12-16 03:10:00+01:00,205.0874786376953,199.50375366210938,180.61634826660156,195.37908536533723,188.60948212692062,194.3261879136339,190.92494725898092,194.3261879136339,205.56472353205712,208.0754645098246,210.97027850495132,210.97027850495132
2013-12-16 03:20:00+01:00,198.84103393554688,205.0874786376953,199.9658203125,193.59594944339545,187.9296980574185,194.65441643120587,191.0380787776037,194.65441643120587,204.70231109190115,207.73128130930414,211.50792178885834,211.50792178885834
2013-12-16 03:30:00+01:00,199.28387451171875,198.84103393554688,188.2423095703125,193.7442165993297,186.73486800374192,194.02496406622615,189.88453743597316,194.02496406622615,200.66823210825615,206.5077028904202,207.70242855583865,207.70242855583865
2013-12-16 03:40:00+01:00,209.12245178222656,199.28387451171875,179.666748046875,194.99746362728996,185.94511850338685,193.6235516192462,189.1285884355913,193.6235516192462,202.5242660474698,208.61195414711935,209.59792640926608,209.59792640926608
2013-12-16 03:50:00+01:00,184.2607879638672,209.12245178222656,195.56053161621094,199.17998221011194,187.12790852030284,195.67516651965784,191.1835942251276,195.67516651965784,204.54669952707872,209.60789834916233,211.16712346318542,211.16712346318542
2013-12-16 04:00:00+01:00,201.11851501464844,184.2607879638672,187.6807861328125,188.48199056114677,185.14004999747675,194.04449512568775,188.38385295724572,194.04449512568775,193.9077657347953,199.86547750723318,202.787869337103,202.787869337103
2013-12-16 04:10:00+01:00,209.1101531982422,201.11851501464844,175.36309814453125,196.37118149648117,185.8219213120886,194.81745858590855,189.28088980674195,194.81745858590855,201.41307291466185,209.30874514407228,212.2410597210983,212.2410597210983
2013-12-16 04:20:00+01:00,183.4329833984375,209.1101531982422,210.97166442871094,197.5495940666449,188.37019646400114,198.50103110530927,193.02856505571785,198.50103110530927,199.74534296494545,206.22896795975424,209.14824779351036,209.14824779351036
2013-12-16 04:30:00+01:00,199.95718383789062,183.4329833984375,176.33895874023438,190.39706804913803,186.9997623510461,196.9088811611637,190.4401862068931,196.9088811611637,191.3947573972159,202.0564796097503,201.3819543432374,201.3819543432374
2013-12-16 04:40:00+01:00,200.83169555664062,199.95718383789062,169.5893096923828,197.67745972998284,188.29718958512217,198.04376465591864,191.83032084457568,198.04376465591864,197.68305851949137,209.1936300018403,206.44830735086404,206.44830735086404
2013-12-16 04:50:00+01:00,179.14810180664062,200.83169555664062,189.11651611328125,195.07526416289082,190.32074274947462,200.54520424827479,194.33926395088534,200.54520424827479,197.60543444119193,208.56219236125622,207.32025077980506,207.32025077980506
2013-12-16 05:00:00+01:00,210.1460418701172,179.14810180664062,184.41404724121094,188.65520751734584,189.505436279263,199.6462730918527,192.56148095410637,199.6462730918527,191.27966289999517,202.71470898507462,203.61516502746852,203.61516502746852
2013-12-16 05:10:00+01:00,205.14393615722656,210.1460418701172,190.59542846679688,202.55314721997001,193.66481311004728,204.02479903524434,197.78167293217808,204.02479903524434,202.37755205984914,215.8041973041548,215.2303812110379,215.2303812110379
2013-12-16 05:20:00+01:00,189.92652893066406,205.14393615722656,197.26499938964844,200.38089441891395,197.24385028652395,208.0177247240656,201.836954020329,208.0177247240656,199.9982637097051,211.0558671629222,210.74477503813577,210.74477503813577
2013-12-16 05:30:00+01:00,202.2359619140625,189.92652893066406,219.96926879882812,200.69058377571142,199.3459492716226,210.6281252087276,203.61483094418497,210.6281252087276,200.58376410100388,212.4517760309674,211.93634102705377,211.93634102705377
2013-12-16 05:40:00+01:00,209.5828094482422,202.2359619140625,177.6796417236328,204.72289930656123,202.48799293481645,213.06688300609227,206.3778959852417,213.06688300609227,203.58281716033028,216.36075553930118,215.7391328105465,215.7391328105465
2013-12-16 05:50:00+01:00,187.69508361816406,209.5828094482422,238.15481567382812,207.96836080725004,208.20251972508134,219.79824226637712,213.07990286419627,219.79824226637712,211.19610874323428,219.51737632985405,220.2103847534818,220.2103847534818
2013-12-16 06:00:00+01:00,199.13739013671875,187.69508361816406,204.31411743164062,201.91104388670388,209.80892784639877,220.92818666231003,213.36280682069804,220.92818666231003,203.4367865260581,216.37938826257025,213.70976123783115,213.70976123783115
2013-12-16 06:10:00+01:00,207.14259338378906,199.13739013671875,200.32044982910156,207.94183300202383,213.40871992991828,224.03947242580006,216.57637167366138,224.03947242580006,210.4724906468271,221.72439878003982,221.81375368824865,221.81375368824865
2013-12-16 06:20:00+01:00,193.5240478515625,207.14259338378906,238.4849853515625,210.0620441243603,219.3885169004031,230.43324590264533,223.1064222550094,230.43324590264533,215.11528871960587,225.1620400862124,222.20602937702034,222.20602937702034
2013-12-16 06:30:00+01:00,233.35507202148438,193.5240478515625,211.10610961914062,208.84349596336983,222.47487278959022,232.86938814161357,225.17708809567566,232.86938814161357,216.58984182905223,225.01610481380823,231.01138448660825,231.01138448660825
2013-12-16 06:40:00+01:00,318.2608947753906,233.35507202148438,204.815185546875,232.40924812323848,231.82637981892367,241.72705439216293,235.64171185983363,241.72705439216293,236.0563326434488,246.92909598646776,246.68960150926836,246.68960150926836
2013-12-16 06:50:00+01:00,289.03192138671875,318.2608947753906,236.5972900390625,280.3824128200791,253.60770797860764,264.4449016480398,262.12200968303296,264.4449016480398,275.5702552264139,280.6640098500607,292.43793675659,292.43793675659
2013-12-16 07:00:00+01:00,270.34906005859375,289.03192138671875,291.5711975097656,297.3686345747257,273.8392296057284,286.6983621556489,284.6336018467848,286.6983621556489,284.7966042788741,285.07479381658675,307.5684064531757,307.5684064531757
2013-12-16 07:10:00+01:00,247.37620544433594,270.34906005859375,269.6607971191406,309.1027406806826,290.2304269490471,304.03023296109734,300.1214089272199,304.03023296109734,294.01178044337377,301.8686317310317,328.7038893093985,328.7038893093985
2013-12-16 07:20:00+01:00,269.40008544921875,247.37620544433594,278.5015563964844,287.43183453114415,301.8264986287063,316.5860208465714,308.7745751679731,316.5860208465714,291.5483464382198,297.1813680039035,320.90974458665244,320.90974458665244
2013-12-16 07:30:00+01:00,277.7561950683594,269.40008544921875,298.2215881347656,294.3327970955139,316.9867342315449,332.9551573380935,322.38711234388353,332.9551573380935,316.95947792693636,329.7242824779356,347.12900367601617,347.12900367601617
2013-12-16 07:40:00+01:00,299.5086364746094,277.7561950683594,345.15765380859375,299.7487946802997,334.3380031251571,352.12541107746455,338.9747994232696,352.12541107746455,332.55279190905435,339.5589091889586,363.1505210903987,363.1505210903987
2013-12-16 07:50:00+01:00,318.2389831542969,299.5086364746094,337.1895751953125,323.9932130187129,354.05262144980566,372.95881494768383,358.46372610409225,372.95881494768383,357.6664857096173,370.62805340950126,385.27588293082226,385.27588293082226
2013-12-16 08:00:00+01:00,395.32354736328125,318.2389831542969,476.73785400390625,345.13387564869504,382.2195811966498,403.92199437749474,387.6169424896561,403.92199437749474,397.71725138781585,394.43037553807994,422.7108381037556,422.7108381037556
2013-12-16 08:10:00+01:00,432.1943664550781,395.32354736328125,408.7222900390625,402.9635888325513,419.4731479942983,442.0551187731612,427.31467403101465,442.0551187731612,464.1331012705563,461.04666785668655,482.8379049875476,482.8379049875476
2013-12-16 08:20:00+01:00,419.6882019042969,432.1943664550781,514.8056030273438,449.43556063872325,467.17230602515133,491.8370650186278,477.95947801792124,491.8370650186278,515.1691807561594,511.6094642550411,542.6100658696794,542.6100658696794
2013-12-16 08:30:00+01:00,572.1271362304688,419.6882019042969,526.7977905273438,479.52839726009495,510.7098964361555,536.4068039525105,521.3343716615411,536.4068039525105,539.2300096773691,537.7935106768126,557.9659709163985,557.9659709163985
2013-12-16 08:40:00+01:00,695.2920532226562,572.1271362304688,698.7389526367188,580.6229323191018,586.3101796481734,613.3112816344753,599.7620135367806,613.3112816344753,664.3933602762371,659.8438689058275,689.3110916566903,689.3110916566903
2013-12-16 08:50:00+01:00,704.8020629882812,695.2920532226562,792.2705688476562,678.5248244178292,683.3803366580781,709.8967493116303,700.604419659417,709.8967493116303,771.843446891288,767.4362234399647,777.067938813228,777.067938813228
2013-12-16 09:00:00+01:00,789.2131958007812,704.8020629882812,684.213134765625,770.5639948762075,768.2929258160696,791.8582337851857,785.3416057035412,791.8582337851857,807.5115932917323,800.2889158917468,811.2876247733401,811.2876247733401
2013-12-16 09:10:00+01:00,869.7986450195312,789.2131958007812,849.7741088867188,868.0824334695593,866.1845216684628,886.619476102394,879.9711625136913,886.619476102394,921.100436811841,918.0387547073753,913.4615569626882,913.4615569626882
2013-12-16 09:20:00+01:00,834.4705810546875,869.7986450195312,864.7549438476562,940.0276128590754,960.754241098622,976.3421691337746,969.6386935161236,976.3421691337746,1001.3514470838808,970.8204443918355,967.2421930627422,967.2421930627422
2013-12-16 09:30:00+01:00,946.5521240234375,834.4705810546875,829.9467163085938,966.8561209572765,1024.5123482898562,1036.1421708297073,1026.017879685242,1036.1421708297073,1020.7532591252088,1010.1513943053527,1018.8763524227762,1018.8763524227762
2013-12-16 09:40:00+01:00,943.6083374023438,946.5521240234375,924.3561401367188,1056.456917788013,1093.519666830447,1100.962246344532,1086.7892781388505,1100.962246344532,1124.2097648403926,1107.6039630780226,1098.402873045603,1098.402873045603
2013-12-16 09:50:00+01:00,961.7044677734375,943.6083374023438,1081.2376708984375,1068.4617858383804,1153.7411939798499,1157.830746595674,1139.9028803522713,1157.830746595674,1162.3422589636716,1153.2149749757634,1136.899429520779,1136.899429520779
2013-12-16 10:00:00+01:00,1011.9495849609375,961.7044677734375,1227.2158203125,1116.0943336209546,1208.1260633566155,1209.6665415857283,1187.5045339937888,1209.6665415857283,1212.73625473484,1220.392387843146,1205.545922058935,1205.545922058935
2013-12-16 10:10:00+01:00,947.5970458984375,1011.9495849609375,1222.7236328125,1149.9172366330665,1252.806780449455,1251.594137269791,1226.9263233246381,1251.594137269791,1260.2391623669253,1277.023787984426,1258.5256362664793,1258.5256362664793
2013-12-16 10:20:00+01:00,1048.656005859375,947.5970458984375,1411.23828125,1124.9512581067765,1282.9691408891629,1281.6902384924863,1251.3799674981656,1281.6902384924863,1260.818767419979,1306.4561845470478,1261.0344225368801,1261.0344225368801
2013-12-16 10:30:00+01:00,1179.4793701171875,1048.656005859375,1989.66259765625,1187.8267049640745,1348.6379064067312,1346.6293437553873,1308.2407073895752,1346.6293437553873,1351.9130396647734,1433.3522548495114,1340.8404605097276,1340.8404605097276
2013-12-16 10:40:00+01:00,1383.9190673828125,1179.4793701171875,1708.2103271484375,1261.145725411023,1407.0374426515702,1399.769947366605,1362.638951991063,1399.769947366605,1456.083580395321,1491.6582080177122,1424.8372127851874,1424.8372127851874
2013-12-16 10:50:00+01:00,1328.7418212890625,1383.9190673828125,1852.7535400390625,1432.3828372290359,1494.2446102111655,1478.3499089110544,1445.0623919417148,1478.3499089110544,1543.066521858708,1614.7972293408438,1510.2090771696248,1510.2090771696248
2013-12-16 11:00:00+01:00,1379.0596923828125,1328.7418212890625,1988.08203125,1478.238309973557,1567.3141047009076,1544.3970593193212,1515.7164327769904,1544.3970593193212,1577.3473232474867,1644.923311571149,1541.4834251142386,1541.4834251142386
2013-12-16 11:10:00+01:00,1550.868896484375,1379.0596923828125,1964.1075439453125,1553.3253250683367,1630.51771829853,1602.361580789039,1575.2420047185842,1602.361580789039,1651.5403320217156,1690.280669754512,1604.0493611045938,1604.0493611045938
2013-12-16 11:20:00+01:00,1559.009765625,1550.868896484375,2397.895751953125,1637.5464459277052,1727.7047881712078,1693.4913365591822,1664.087561702052,1693.4913365591822,1746.2708677819355,1868.279228025865,1719.5900762150643,1719.5900762150643
2013-12-16 11:30:00+01:00,1864.4412841796875,1559.009765625,2260.84521484375,1681.3835883695542,1801.289050002951,1761.943400517368,1733.977682944803,1761.943400517368,1797.2202572311978,1885.225013485498,1761.5350705766837,1761.5350705766837
2013-12-16 11:40:00+01:00,1848.0159912109375,1864.4412841796875,2480.848876953125,1896.0689883505354,1914.4921203818965,1867.0407610301777,1839.025722351658,1867.0407610301777,1921.0779474563506,2077.576721447756,1895.0266969314553,1895.0266969314553
2013-12-16 11:50:00+01:00,1709.3956298828125,1848.0159912109375,2701.783935546875,1935.3342946952555,2020.167577163133,1966.1209694910604,1940.714919749605,1966.1209694910604,1976.4281783622675,2138.3694433478368,1927.5958849331894,1927.5958849331894
2013-12-16 12:00:00+01:00,1961.15869140625,1709.3956298828125,3042.1435546875,1929.9823741184373,2097.936782317102,2045.6544891707003,2014.2125020240294,2045.6544891707003,1994.3219356045138,2157.7832405698714,1953.113555531875,1953.113555531875
2013-12-16 12:10:00+01:00,2086.645751953125,1961.15869140625,2974.846435546875,2031.8369801594063,2185.3316435452975,2133.526598890728,2091.1773262699467,2133.526598890728,2091.890107232426,2280.3799711562897,2086.401547041994,2086.401547041994
2013-12-16 12:20:00+01:00,1910.0787353515625,2086.645751953125,2903.136962890625,2093.2254124456035,2268.093834372474,2214.4876525738496,2163.9628492086713,2214.4876525738496,2177.318080655634,2354.2313483404464,2138.549487824226,2138.549487824226
2013-12-16 12:30:00+01:00,2116.087646484375,1910.0787353515625,3203.482666015625,2079.1339644288714,2319.830051477782,2271.1667644989084,2207.409193163959,2271.1667644989084,2172.700105704481,2335.766003937307,2105.5058338895083,2105.5058338895083
2013-12-16 12:40:00+01:00,2292.748046875,2116.087646484375,3222.116455078125,2186.050073566686,2382.109443091147,2336.740070777494,2257.033519770549,2336.740070777494,2262.342113341992,2452.645565303032,2188.138792471404,2188.138792471404
2013-12-16 12:50:00+01:00,2109.009521484375,2292.748046875,3078.280517578125,2256.6951608114764,2447.9283364116063,2400.402144700291,2312.5946059330204,2400.402144700291,2351.064641213218,2514.660938353509,2278.193570537394,2278.193570537394
2013-12-16 13:00:00+01:00,2360.444580078125,2109.009521484375,3505.76806640625,2236.4816469481143,2494.6629110445583,2450.2490451438025,2353.368996540969,2450.2490451438025,2355.0757433376566,2524.971445643247,2261.261451899983,2261.261451899983
2013-12-16 13:10:00+01:00,2505.144775390625,2360.444580078125,3160.887939453125,2380.4699099501304,2543.3737417088396,2497.7183113763076,2395.4922001368736,2497.7183113763076,2423.8933288983867,2594.01476155432,2348.0424985722366,2348.0424985722366
2013-12-16 13:20:00+01:00,2585.238037109375,2505.144775390625,3734.772705078125,2441.3664206991502,2631.917042629046,2581.6486617008427,2476.9921941302277,2581.6486617008427,2534.060436590384,2738.791979811211,2417.994509962507,2417.994509962507
2013-12-16 13:30:00+01:00,2969.4912109375,2585.238037109375,3456.3720703125,2573.4603055477132,2703.355469091972,2645.246182330053,2549.101693533,2645.246182330053,2571.971544117883,2751.9798004215604,2521.087151179095,2521.087151179095
2013-12-16 13:40:00+01:00,3057.330078125,2969.4912109375,3440.243896484375,2820.3299474888904,2812.401284628465,2739.7882314007397,2656.8099896600474,2739.7882314007397,2717.6591300823297,2927.9435102389793,2670.422531394359,2670.422531394359
2013-12-16 13:50:00+01:00,2938.055908203125,3057.330078125,3618.858154296875,2949.4228379062383,2931.724289554432,2842.2609403631345,2780.5217929313276,2842.2609403631345,2745.425805380203,3002.4263243970995,2746.7930798027746,2746.7930798027746
2013-12-16 14:00:00+01:00,2866.06982421875,2938.055908203125,3394.555908203125,3003.087642648126,3005.651497251672,2905.0244662712803,2864.0241636398378,2905.0244662712803,2770.644191601059,2981.2380565504195,2810.6872623901645,2810.6872623901645
2013-12-16 14:10:00+01:00,2798.72998046875,2866.06982421875,3321.40234375,2963.195001601836,3045.694096381169,2942.0261831974667,2908.811292951807,2942.0261831974667,2793.4024690019164,2989.6802298065736,2869.159573922486,2869.159573922486
2013-12-16 14:20:00+01:00,2803.09423828125,2798.72998046875,3433.35302734375,2882.091195187066,3064.252487969236,2964.378735212182,2926.9151180215717,2964.378735212182,2750.114673268212,2993.006184206153,2857.6094577952563,2857.6094577952563
2013-12-16 14:30:00+01:00,2646.840087890625,2803.09423828125,3996.0810546875,2853.49868142155,3096.1479051346028,3004.352098396595,2954.6359351591377,3004.352098396595,2824.0051194526304,3072.785787325442,2839.252769444507,2839.252769444507
2013-12-16 14:40:00+01:00,2462.65771484375,2646.840087890625,3518.5361328125,2751.299880985559,3061.754044581156,2980.696810475065,2918.9969420205757,2980.696810475065,2723.5749826515075,2935.5067528560594,2781.7441045877067,2781.7441045877067
2013-12-16 14:50:00+01:00,2350.52978515625,2462.65771484375,3350.20947265625,2623.7969099919687,2981.658056533932,2917.4458980823692,2832.675679164121,2917.4458980823692,2607.6948507077027,2833.0789982441197,2698.47962534895,2698.47962534895
2013-12-16 15:00:00+01:00,2328.25537109375,2350.52978515625,3353.4287109375,2492.0471554447395,2883.317495323734,2838.837366346614,2725.8283505127215,2838.837366346614,2541.248319093401,2753.8480661904728,2631.4458210205826,2631.4458210205826
2013-12-16 15:10:00+01:00,2480.486083984375,2328.25537109375,3593.060791015625,2415.0058293361417,2800.4021658793336,2774.0323741393654,2637.148765658465,2774.0323741393654,2574.0828852617183,2772.036849002304,2587.214144156376,2587.214144156376
2013-12-16 15:20:00+01:00,2310.557861328125,2480.486083984375,3450.2998046875,2463.646909841688,2743.854542275033,2724.8217816466495,2581.264434731531,2724.8217816466495,2591.47399063845,2757.6191801113646,2581.906250513339,2581.906250513339
2013-12-16 15:30:00+01:00,2615.643310546875,2310.557861328125,3290.502685546875,2391.6331242520923,2667.8405389130808,2653.161517383939,2515.1925634599284,2653.161517383939,2503.552538654722,2644.0010524691647,2501.1039136451154,2501.1039136451154
2013-12-16 15:40:00+01:00,2538.410400390625,2615.643310546875,3320.63720703125,2564.693691201085,2651.0185356402562,2631.8119014978024,2508.5746091004844,2631.8119014978024,2588.880911136086,2731.7720187329483,2568.4162842002556,2568.4162842002556
2013-12-16 15:50:00+01:00,2448.473876953125,2538.410400390625,3220.275146484375,2528.6571026129004,2632.091510941871,2603.6966388709757,2508.7562708523233,2603.6966388709757,2575.38571620571,2676.553622277632,2518.700062466083,2518.700062466083
2013-12-16 16:00:00+01:00,2772.013671875,2448.473876953125,3231.74462890625,2546.119808021644,2608.876903058708,2573.874773731168,2505.614045704105,2573.874773731168,2551.082454042597,2655.8146189877616,2500.5807111157505,2500.5807111157505
2013-12-16 16:10:00+01:00,2690.51953125,2772.013671875,3408.066650390625,2678.4193489405625,2642.593742845161,2595.7083432763234,2556.4660160802487,2595.7083432763234,2630.5005873991613,2731.922984148573,2583.209347662046,2583.209347662046
2013-12-16 16:20:00+01:00,2592.64794921875,2690.51953125,3187.629638671875,2661.912037067448,2658.4853895415204,2597.2898989016803,2592.962966243048,2597.2898989016803,2618.7423697832937,2689.405622061178,2584.197566376275,2584.197566376275
2013-12-16 16:30:00+01:00,2785.390869140625,2592.64794921875,2956.60400390625,2675.7357359909997,2647.9373247879903,2576.5106935128356,2597.320656007283,2576.5106935128356,2570.6779626473103,2619.5138340487038,2542.7485958931093,2542.7485958931093
2013-12-16 16:40:00+01:00,2619.258544921875,2785.390869140625,3463.5615234375,2733.735682758168,2687.0764677512166,2608.4847197128106,2645.4191933908073,2608.4847197128106,2685.3141578076015,2765.58416510658,2622.1589989146833,2622.1589989146833
2013-12-16 16:50:00+01:00,2633.586181640625,2619.258544921875,3122.201416015625,2644.157628894654,2680.6959610057606,2596.5659747175696,2648.415283542111,2596.5659747175696,2609.4492165488136,2644.017607160042,2584.1004861674896,2584.1004861674896
2013-12-16 17:00:00+01:00,2544.475830078125,2633.586181640625,3157.810791015625,2664.2108976090376,2672.8083780116845,2587.7272876682478,2642.0596542178064,2587.7272876682478,2639.17779886195,2660.708283863643,2591.309444267329,2591.309444267329
2013-12-16 17:10:00+01:00,2674.036865234375,2544.475830078125,3118.673095703125,2566.8815485498817,2645.38966728967,2563.374073533472,2612.7507683435856,2563.374073533472,2608.7655802020145,2614.81549077566,2549.0293510460724,2549.0293510460724
2013-12-16 17:20:00+01:00,2557.11474609375,2674.036865234375,2964.62451171875,2612.4328999742875,2624.1164967229474,2543.060803449659,2586.981202828783,2543.060803449659,2620.970574153554,2607.929478960092,2584.041571514016,2584.041571514016
2013-12-16 17:30:00+01:00,2391.755126953125,2557.11474609375,3050.649658203125,2537.6154187096554,2592.5387681013426,2515.796040999069,2553.008109499421,2515.796040999069,2577.6526522189256,2561.380809609066,2549.358291707717,2549.358291707717
2013-12-16 17:40:00+01:00,2553.301513671875,2391.755126953125,2808.974609375,2449.8658020509442,2523.3365352230217,2454.577799250782,2481.0263901055478,2454.577799250782,2497.837817194546,2453.044879159034,2490.2424781154295,2490.2424781154295
2013-12-16 17:50:00+01:00,2696.691162109375,2553.301513671875,2942.399169921875,2465.9800828761363,2487.459962253079,2425.5349821176064,2442.0363661559427,2425.5349821176064,2520.210873879128,2481.865907376809,2511.330655780915,2511.330655780915
2013-12-16 18:00:00+01:00,2386.359130859375,2696.691162109375,2844.1328125,2508.3050762331645,2470.1967981865455,2408.1855641316106,2428.3221295363587,2408.1855641316106,2538.8309171945743,2479.728070443474,2543.0865917070596,2543.0865917070596
2013-12-16 18:10:00+01:00,2363.58154296875,2386.359130859375,3190.827392578125,2398.832793946961,2433.514801116798,2380.0879535184513,2400.2997142191784,2380.0879535184513,2460.624105692028,2408.3329138345784,2455.0646460669263,2455.0646460669263
2013-12-16 18:20:00+01:00,2429.090087890625,2363.58154296875,3298.341064453125,2357.5261706920796,2395.014553859995,2353.6702951685775,2368.607157793671,2353.6702951685775,2418.545705312431,2390.7462156723973,2422.723166144759,2422.723166144759
2013-12-16 18:30:00+01:00,2416.330810546875,2429.090087890625,3014.8994140625,2299.947503491103,2352.649623827758,2317.665626190235,2329.1958740120417,2317.665626190235,2377.5826779830372,2329.043536218797,2402.70397962042,2402.70397962042
2013-12-16 18:40:00+01:00,2332.473876953125,2416.330810546875,2896.6943359375,2284.355305822055,2307.3110455268284,2275.8320586656637,2284.1814489467242,2275.8320586656637,2336.688065767628,2288.8996368702324,2366.397403629739,2366.397403629739
2013-12-16 18:50:00+01:00,2197.790771484375,2332.473876953125,2403.428466796875,2242.1105810252902,2230.207500514857,2197.7680643486624,2204.389332343288,2197.7680643486624,2242.64335259747,2155.9329612691527,2303.5276873929233,2303.5276873929233
2013-12-16 19:00:00+01:00,2127.232666015625,2197.790771484375,2552.499267578125,2143.678343349332,2153.809094183122,2126.305166539534,2124.1412203983737,2126.305166539534,2159.0835244498007,2104.9563215837807,2235.8001028041435,2235.8001028041435
2013-12-16 19:10:00+01:00,2131.43701171875,2127.232666015625,2454.9736328125,2054.678204233764,2071.8460411956485,2050.153258234737,2041.0323573834385,2050.153258234737,2102.3655882357116,2031.3020920741942,2181.337218143717,2181.337218143717
2013-12-16 19:20:00+01:00,1931.2818603515625,2131.43701171875,2421.07275390625,2002.4972616798013,2001.69730982582,1984.4531644414321,1972.7375382649236,1984.4531644414321,2038.634735112679,1971.9460111098865,2100.523919256869,2100.523919256869
2013-12-16 19:30:00+01:00,1857.62060546875,1931.2818603515625,2441.866943359375,1874.1440298555135,1918.2250390125,1908.3889001864077,1893.7257799679362,1908.3889001864077,1892.9687735274388,1854.6194519708308,1960.1751644618635,1960.1751644618635
2013-12-16 19:40:00+01:00,1720.8193359375,1857.62060546875,2372.472900390625,1796.4468550900228,1833.8488738015774,1831.5564976233204,1813.3765766889749,1831.5564976233204,1825.127203832269,1791.5137411925534,1908.9672909633584,1908.9672909633584
2013-12-16 19:50:00+01:00,1719.8895263671875,1720.8193359375,2110.386474609375,1661.3994810480604,1732.4194158868702,1735.729217771383,1714.0067021486036,1735.729217771383,1700.2094018283437,1672.9670646493516,1735.8102713885012,1735.8102713885012
2013-12-16 20:00:00+01:00,1494.580322265625,1719.8895263671875,2018.1278076171875,1614.5315122313796,1645.4832747964488,1652.0306847768843,1628.3993394822455,1652.0306847768843,1648.4026443991029,1615.0373214004517,1697.5010519131658,1697.5010519131658
2013-12-16 20:10:00+01:00,1387.249755859375,1494.580322265625,1706.880126953125,1461.3666748113842,1530.1425454549365,1538.771681660731,1513.7108916005934,1538.771681660731,1488.6209898470352,1461.7956708644758,1506.5727912630582,1506.5727912630582
2013-12-16 20:20:00+01:00,1310.2694091796875,1387.249755859375,1786.9881591796875,1364.770879649054,1427.7781092873026,1441.3760470364964,1411.4181109907308,1441.3760470364964,1400.435030266258,1380.8835691549452,1411.785503327305,1411.785503327305
2013-12-16 20:30:00+01:00,1161.1025390625,1310.2694091796875,1724.0849609375,1254.6424903572656,1334.262732143619,1351.7001222176868,1320.6474870089623,1351.7001222176868,1306.5307690564975,1298.0686478214316,1308.3272405761468,1308.3272405761468
2013-12-16 20:40:00+01:00,1097.7889404296875,1161.1025390625,1363.3905029296875,1137.612550182972,1224.2239588414902,1242.086148296231,1212.6236323848332,1242.086148296231,1173.014342360348,1170.2401332205445,1186.986204791506,1186.986204791506
2013-12-16 20:50:00+01:00,1052.01904296875,1097.7889404296875,1208.8504638671875,1061.0928492000191,1124.471860868798,1141.4263659992564,1114.1017126860113,1141.4263659992564,1096.4906699435012,1088.2491570265581,1109.6072481460283,1109.6072481460283
2013-12-16 21:00:00+01:00,966.3624877929688,1052.01904296875,1070.4512939453125,991.3010910081049,1037.6124876793074,1052.1414409787578,1030.527362029985,1052.1414409787578,1042.7956502207664,1024.733497052223,1050.32538208649,1050.32538208649
2013-12-16 21:10:00+01:00,789.5047607421875,966.3624877929688,1269.2037353515625,922.9646940857077,973.2567948673466,988.1947272315525,972.1470876389044,988.1947272315525,990.3278185224958,975.4152557967117,986.9281237514858,986.9281237514858
2013-12-16 21:20:00+01:00,889.2621459960938,789.5047607421875,911.9992065429688,804.715064005927,883.3325767586942,897.0651645430953,885.2213588974721,897.0651645430953,864.9943711032241,839.9089509053939,858.2290843749366,858.2290843749366
2013-12-16 21:30:00+01:00,790.868896484375,889.2621459960938,1163.344970703125,806.8950095094347,842.6273003613845,856.2031830030795,849.7510764817897,856.2031830030795,884.0428777649689,880.6690016979218,886.388831472347,886.388831472347
2013-12-16 21:40:00+01:00,795.4713745117188,790.868896484375,1251.9444580078125,730.7800615901409,804.0912965620712,818.6666600410281,817.7823098553926,818.6666600410281,827.3940199746996,807.4377678803301,819.7995771586939,819.7995771586939
2013-12-16 21:50:00+01:00,769.1046142578125,795.4713745117188,749.9757080078125,737.8865187890719,754.8840071828417,765.3518090487446,771.115083288595,765.3518090487446,777.702098561604,754.5250796221057,764.8776653617916,764.8776653617916
2013-12-16 22:00:00+01:00,695.0575561523438,769.1046142578125,1104.5601806640625,700.7577814038927,729.852031659433,740.5866096132503,748.7166108562994,740.5866096132503,757.9991295787164,761.6961998621462,740.863169303465,740.863169303465
2013-12-16 22:10:00+01:00,614.0003662109375,695.0575561523438,735.9486083984375,658.5220959787499,685.6537620428828,694.4576493808837,703.94289437935,694.4576493808837,704.7208644546682,672.9504943956342,692.2049092533789,692.2049092533789
2013-12-16 22:20:00+01:00,642.0886840820312,614.0003662109375,599.96044921875,598.4734551431226,633.2350197181951,640.6478458497737,646.9498152455811,640.6478458497737,642.7975828290762,615.6343532346075,632.3047077503047,632.3047077503047
2013-12-16 22:30:00+01:00,682.7366943359375,642.0886840820312,510.0028076171875,582.3840896890509,592.1234790382516,597.6309388083514,603.262480841745,597.6309388083514,642.5740760758755,602.7964080280661,632.793773723864,632.793773723864
2013-12-16 22:40:00+01:00,582.5712890625,682.7366943359375,485.5801696777344,584.7664341085255,565.90081276156,569.0764678858019,578.1198287772268,569.0764678858019,631.160326040007,591.9776291651821,635.9962653683219,635.9962653683219
2013-12-16 22:50:00+01:00,860.3829345703125,582.5712890625,519.7008056640625,547.3866846097611,537.5542459834435,539.726485855852,550.3892811866867,539.726485855852,582.921144479302,551.7406919113602,583.0189547951734,583.0189547951734
2013-12-16 23:00:00+01:00,633.471435546875,860.3829345703125,619.5764770507812,663.6656277965614,551.9141837624571,550.9159125562063,573.0745210402758,550.9159125562063,671.9902665354377,619.2159960427098,653.7993466547949,653.7993466547949
2013-12-16 23:10:00+01:00,543.3787231445312,633.471435546875,667.1829833984375,576.1607003668477,544.8125381348764,543.2097495075645,568.8773917612608,543.2097495075645,572.235515325647,536.4247004946787,578.0754289027254,578.0754289027254
2013-12-16 23:20:00+01:00,597.4091796875,543.3787231445312,492.0888977050781,556.4641521648304,519.1038449890949,516.5145707136701,538.2983341479749,516.5145707136701,532.6403377773613,502.3322238541243,538.8833628123409,538.8833628123409
2013-12-16 23:30:00+01:00,610.544677734375,597.4091796875,368.2917175292969,525.5836000507494,496.91438955806984,492.74402992628836,511.2492105423868,492.74402992628836,525.8758120754253,484.517583434218,523.572519258678,523.572519258678
2013-12-16 23:40:00+01:00,333.7360534667969,610.544677734375,338.84747314453125,518.0193392512489,478.7672975274361,473.55349097273785,490.4998023668928,473.55349097273785,521.4413070089538,486.6880776871021,514.6295982125065,514.6295982125065
2013-12-16 23:50:00+01:00,394.0917053222656,333.7360534667969,361.50201416015625,386.0638802189024,427.46161615770825,425.02324514644226,430.45553458326515,425.02324514644226,388.48038551586006,379.8775308206706,397.4743660332968,397.4743660332968
2013-12-17 00:00:00+01:00,417.16583251953125,394.0917053222656,321.2461853027344,382.709653042059,395.84023349835746,393.8468024921995,395.7310440911444,393.8468024921995,404.5147200435432,380.8681151686245,389.71334269948807,389.71334269948807
2013-12-17 00:10:00+01:00,311.1908874511719,417.16583251953125,283.57489013671875,346.60083833242095,373.20676628556595,371.2763476867615,373.8305388734723,371.2763476867615,392.91863896311776,364.5848739859587,375.64355139674234,375.64355139674234
2013-12-17 00:20:00+01:00,445.86248779296875,311.1908874511719,269.9621887207031,312.4956800880269,342.1300781188833,340.72869973134385,341.29328078392007,340.72869973134385,341.51284982467536,336.63212179166015,332.3177641050388,332.3177641050388
2013-12-17 00:30:00+01:00,342.1665954589844,445.86248779296875,234.39210510253906,365.35236380685615,334.6818165499215,331.5032901736341,337.404155045831,331.5032901736341,382.8462606152861,355.24645734235605,354.1842156074089,354.1842156074089
2013-12-17 00:40:00+01:00,318.08642578125,342.1665954589844,297.93353271484375,312.6837654878567,320.687363258639,318.1352179544065,324.97796172478627,318.1352179544065,331.8084674292601,311.5572493493265,315.65398371221573,315.65398371221573
2013-12-17 00:50:00+01:00,304.5793151855469,318.08642578125,277.5019226074219,316.03358912782534,306.92482860052286,304.1308526934373,311.12674673172876,304.1308526934373,318.1627704627112,297.45620134647953,295.9468575978418,295.9468575978418
2013-12-17 01:00:00+01:00,302.7649841308594,304.5793151855469,226.2529296875,285.25911292953185,292.66396317241134,289.2642441977041,295.83669876152663,289.2642441977041,298.1446376730271,278.4181030153749,279.36473823035067,279.36473823035067
2013-12-17 01:10:00+01:00,232.73165893554688,302.7649841308594,282.7734680175781,277.46354333182506,283.18556613094063,280.5582179961836,287.1691100771475,280.5582179961836,287.6029286949603,272.79989565368186,266.5437826739992,266.5437826739992
2013-12-17 01:20:00+01:00,268.7748107910156,232.73165893554688,257.86285400390625,238.87018135252669,265.31859551899987,263.46750422341216,267.1355759920103,263.46750422341216,246.96799395370462,237.95376209562832,239.01184256737477,239.01184256737477
2013-12-17 01:30:00+01:00,226.48287963867188,268.7748107910156,213.0936737060547,246.91086135847357,255.2433478425648,253.11505110878088,257.1050662640664,253.11505110878088,256.2457172004121,247.13586833015088,245.87672023717718,245.87672023717718
2013-12-17 01:40:00+01:00,187.17807006835938,226.48287963867188,177.86849975585938,216.35790758267603,240.64404956129516,238.47100922032845,241.09635459713311,238.47100922032845,228.78448336988242,224.36049920743497,220.2460841830934,220.2460841830934
2013-12-17 01:50:00+01:00,223.17185974121094,187.17807006835938,255.63414001464844,197.80752534124335,225.6305360380556,224.96109592064943,225.46211213551794,224.96109592064943,213.8391880839151,213.96565107230023,213.35396952988148,213.35396952988148
2013-12-17 02:00:00+01:00,234.36074829101562,223.17185974121094,202.13348388671875,201.84995422890896,218.32954905934454,217.59605935111702,219.28137139564797,217.59605935111702,216.1542463584645,212.24375803557953,212.73725242973558,212.73725242973558
2013-12-17 02:10:00+01:00,216.705078125,234.36074829101562,169.40472412109375,203.75449205598431,213.37494046032907,212.53061225963452,215.51279809328875,212.53061225963452,217.82010583262843,211.94141127318096,214.5245273733518,214.5245273733518
2013-12-17 02:20:00+01:00,229.82293701171875,216.705078125,235.39459228515625,206.92296217546073,209.18118966926176,209.6694310772311,212.6839527539483,209.6694310772311,212.28432390981152,209.98336411886055,211.1256733102405,211.1256733102405
2013-12-17 02:30:00+01:00,209.51702880859375,229.82293701171875,197.1322021484375,214.118362528754,207.36050374010833,208.0404774153988,211.75875581057485,208.0404774153988,214.57593960401684,209.30038973741205,216.66232854010153,216.66232854010153
2013-12-17 02:40:00+01:00,183.13839721679688,209.51702880859375,193.9627685546875,202.46954346120992,203.4611826362599,204.69024852478086,207.7164284587445,204.69024852478086,204.51398069163946,202.2335984387348,205.96102618478503,205.96102618478503
2013-12-17 02:50:00+01:00,202.82635498046875,183.13839721679688,215.8475799560547,189.1411345421936,197.39444602611425,199.5515907603182,200.85534534260339,199.5515907603182,194.89090119355416,199.9717377309735,198.7461331375923,198.7461331375923
2013-12-17 03:00:00+01:00,204.51138305664062,202.82635498046875,197.70188903808594,191.28598082630188,195.0194653728564,197.60227282193208,198.89879483436545,197.60227282193208,195.35700729976992,199.98450804867363,201.417589635896,201.417589635896
2013-12-17 03:10:00+01:00,173.6049041748047,204.51138305664062,170.36480712890625,189.42243859860062,192.8785398532217,195.65504405446353,196.9314748981588,195.65504405446353,193.60324189007812,196.86033624261822,195.88762152016696,195.88762152016696
2013-12-17 03:20:00+01:00,195.62657165527344,173.6049041748047,224.65426635742188,179.16510025809254,188.2758647306868,192.3591921686253,191.95711263625824,192.3591921686253,183.0519008723676,192.6721250792251,190.18266980676316,190.18266980676316
2013-12-17 03:30:00+01:00,199.5399932861328,195.62657165527344,206.94720458984375,186.75295564889072,187.65361077091183,192.23894579005957,192.05698274415457,192.23894579005957,188.11062707984397,196.18565877319273,194.46209384154565,194.46209384154565
2013-12-17 03:40:00+01:00,188.9645233154297,199.5399932861328,177.65283203125,185.1777191219305,187.25934387237984,192.04219461240945,192.0586638823483,192.04219461240945,188.33904788446594,193.57560076219778,193.04688742714026,193.04688742714026
2013-12-17 03:50:00+01:00,206.67401123046875,188.9645233154297,271.3110046386719,186.77806817586693,187.5416778213618,194.1575005172073,193.2807154676326,194.1575005172073,188.42335926407435,198.9242543252674,195.64982646414097,195.64982646414097
2013-12-17 04:00:00+01:00,213.54119873046875,206.67401123046875,199.0724334716797,195.73719324968644,189.42250872726004,196.07896019954973,195.68078619286698,196.07896019954973,189.20652251703066,198.14269358006976,195.47871274884483,195.47871274884483
2013-12-17 04:10:00+01:00,164.38319396972656,213.54119873046875,185.7460479736328,200.01340428087633,191.8279333078361,198.70773458704224,198.60170815145207,198.70773458704224,193.2681067762213,201.48785966217034,200.30676884696246,200.30676884696246
2013-12-17 04:20:00+01:00,205.71875,164.38319396972656,284.8129577636719,179.7732986252227,189.30447701287704,197.83458308544584,195.02965386430756,197.83458308544584,184.06335368568205,197.44630807481616,194.48430185585465,194.48430185585465
2013-12-17 04:30:00+01:00,189.83380126953125,205.71875,205.6805877685547,196.14607704356357,192.14641860221798,200.38829843931137,198.47413276055292,200.38829843931137,192.02675102340302,203.1048494986054,201.46099936366704,201.46099936366704
2013-12-17 04:40:00+01:00,165.30068969726562,189.83380126953125,198.1882781982422,183.07143321430826,192.36913714662552,200.73607354418752,198.36665702167377,200.73607354418752,182.20451876037328,194.83621634288053,190.81420514639575,190.81420514639575
2013-12-17 04:50:00+01:00,211.25015258789062,165.30068969726562,238.0086212158203,178.55535471765845,190.33477420694365,199.2192603036251,195.29313811468805,199.2192603036251,181.05089941575156,197.1037999182961,191.24288277776017,191.24288277776017
2013-12-17 05:00:00+01:00,207.73287963867188,211.25015258789062,210.8924102783203,195.4380027177119,195.05398036228837,203.84578470797632,201.3924459995073,203.84578470797632,192.5066038588422,200.70407105935854,202.35405996975152,202.35405996975152
2013-12-17 05:10:00+01:00,186.83726501464844,207.73287963867188,191.1696014404297,195.60883977653955,198.6740162585723,207.3171329172907,205.4839077642102,207.3171329172907,192.81592514637143,201.2549135544836,202.58702549186614,202.58702549186614
2013-12-17 05:20:00+01:00,212.570068359375,186.83726501464844,221.15599060058594,197.41040588102126,200.37602305646286,209.3077150075023,206.6466317347696,209.3077150075023,192.81386822451742,200.58730232324186,205.17456574995043,205.17456574995043
2013-12-17 05:30:00+01:00,199.1199951171875,212.570068359375,201.75531005859375,207.87580903044793,205.75125996948344,214.38270143417287,212.5900055608126,214.38270143417287,201.96458132718493,209.00675941607895,213.24754234021952,213.24754234021952
2013-12-17 05:40:00+01:00,189.6836395263672,199.1199951171875,213.7020721435547,200.78825092751694,209.3991879062109,218.15551780534176,215.96561556782524,218.15551780534176,199.17968132580617,204.7474050488382,212.72841184767339,212.72841184767339
2013-12-17 05:50:00+01:00,206.41656494140625,189.6836395263672,246.1975555419922,201.3761729578835,212.67898112162928,221.86223493041396,218.70869532175084,221.86223493041396,204.44173805746144,212.51416869803376,218.9853584955125,218.9853584955125
2013-12-17 06:00:00+01:00,199.144287109375,206.41656494140625,210.66183471679688,206.8112359795641,217.75943677809911,226.493355045164,223.83530399320725,226.493355045164,206.78783052426513,213.77374895929046,217.8674203163073,217.8674203163073
2013-12-17 06:10:00+01:00,175.57235717773438,199.144287109375,209.5175323486328,204.73974046021968,221.6363822706511,230.10668148520506,227.22468172161825,230.10668148520506,208.39628158487787,214.45858634031396,220.57803933517206,220.57803933517206
2013-12-17 06:20:00+01:00,211.89520263671875,175.57235717773438,246.43174743652344,196.1144391744468,222.87187625257823,231.55951258123156,227.00741666443548,231.55951258123156,210.38210420956736,215.0025498713854,222.2559021624846,222.2559021624846
2013-12-17 06:30:00+01:00,229.97296142578125,211.89520263671875,191.0463409423828,211.98262620220652,228.90000485700781,236.4389835958857,233.40592650150023,236.4389835958857,220.08039842903003,227.7830381373517,232.47689161113357,232.47689161113357
2013-12-17 06:40:00+01:00,222.11827087402344,229.97296142578125,230.9454345703125,223.13655096456316,239.08542878254397,246.80451513712055,244.8615256893477,246.80451513712055,233.5097634197491,240.05732266537018,245.15008758954306,245.15008758954306
2013-12-17 06:50:00+01:00,266.955322265625,222.11827087402344,265.63671875,235.32900672518105,249.37360302011902,257.51986451564824,255.55495058869866,257.51986451564824,247.71735282766736,254.11961254859432,262.5439741598769,262.5439741598769
2013-12-17 07:00:00+01:00,266.65771484375,266.955322265625,265.4893493652344,266.038319126162,266.774346026226,274.9436259248594,274.82009176833293,274.9436259248594,268.50447095409163,273.528689249172,281.1939496247758,281.1939496247758
2013-12-17 07:10:00+01:00,264.9794006347656,266.65771484375,275.4365539550781,274.51820006802933,284.18389392590205,292.61300316651693,293.06127876309716,292.61300316651693,280.1146587078536,292.2880940339664,291.57714651165674,291.57714651165674
2013-12-17 07:20:00+01:00,299.7556457519531,264.9794006347656,355.4200134277344,289.86780043926086,304.0751424540217,313.71782900958067,313.05381921293207,313.71782900958067,308.8312489684334,317.39904343642485,326.14923162927374,326.14923162927374
2013-12-17 07:30:00+01:00,341.218994140625,299.7556457519531,316.6432800292969,312.3540217115113,327.36078498952764,337.17465821561046,336.96391702418344,337.17465821561046,328.12321640000647,339.2433380699475,346.305035957364,346.305035957364
2013-12-17 07:40:00+01:00,302.00634765625,341.218994140625,334.1882629394531,344.6676321152802,357.0701727350498,367.4160589144382,368.00632945675454,367.4160589144382,363.68939572395703,370.7961167728957,379.3124593435469,379.3124593435469
2013-12-17 07:50:00+01:00,336.0675354003906,302.00634765625,375.8591003417969,344.5040971791086,380.3815563231824,391.8830297225987,389.8391156132138,391.8830297225987,380.4565987272532,384.4361681087165,392.55750549134103,392.55750549134103
2013-12-17 08:00:00+01:00,375.193115234375,336.0675354003906,447.0162353515625,373.3188534804277,411.42975775368996,424.3480772827213,420.0749730613447,424.3480772827213,437.7160661726705,433.1787397118974,443.47617995207037,443.47617995207037
2013-12-17 08:10:00+01:00,397.5810241699219,375.193115234375,465.6983337402344,394.4810772032693,447.5550635091163,461.60774935138886,456.4292192910015,461.60774935138886,466.59213275066406,456.9831980974968,464.42833301758384,464.42833301758384
2013-12-17 08:20:00+01:00,489.1837463378906,397.5810241699219,571.7453002929688,430.23233887548525,489.8881160941882,505.59798382431325,498.76219070941914,505.59798382431325,531.6033059465451,517.4268117698184,516.3953912496278,516.3953912496278
2013-12-17 08:30:00+01:00,534.2421875,489.1837463378906,664.5267944335938,503.6758302173442,549.3747420443078,565.8617845471446,559.6774023157002,565.8617845471446,608.4397874985883,596.0385598270952,592.6663838483279,592.6663838483279
2013-12-17 08:40:00+01:00,660.0386962890625,534.2421875,741.2478637695312,559.6166401803423,615.7542375061826,632.2608063991089,626.9056120106203,632.2608063991089,676.9214065650515,644.5858641873145,641.5922935110767,641.5922935110767
2013-12-17 08:50:00+01:00,617.421142578125,660.0386962890625,1250.8731689453125,675.8053258172583,720.1703442525829,736.6859594119859,730.0052365794605,736.6859594119859,829.2736192572751,821.0117603509174,801.7651338497496,801.7651338497496
2013-12-17 09:00:00+01:00,824.716552734375,617.421142578125,1034.06640625,696.5462659430821,796.8684575929408,812.1780712031115,804.2031673841083,812.1780712031115,825.9389662763043,816.1291718425564,816.3112563597128,816.3112563597128
2013-12-17 09:10:00+01:00,862.9116821289062,824.716552734375,987.9583740234375,853.809855872362,890.261922935123,902.1400903123774,893.1609062269116,902.1400903123774,925.2763198739722,929.516454382584,939.5414647060876,939.5414647060876
2013-12-17 09:20:00+01:00,903.3844604492188,862.9116821289062,1067.1651611328125,907.4218170958343,976.1660461661625,985.064564837065,974.2023084812704,985.064564837065,982.3565755829163,980.4574210847974,992.6298762358479,992.6298762358479
2013-12-17 09:30:00+01:00,993.2105712890625,903.3844604492188,1182.173095703125,1014.2927386408903,1055.8776278751318,1062.6004416296591,1048.598458761482,1062.6004416296591,1055.792069973073,1055.8970051855074,1050.3639871093828,1050.3639871093828
2013-12-17 09:40:00+01:00,1057.9622802734375,993.2105712890625,1181.27978515625,1091.462140420099,1129.317649835406,1133.5790191661838,1118.892757475572,1133.5790191661838,1108.7880745818584,1100.7187227439993,1099.3103035182774,1099.3103035182774
2013-12-17 09:50:00+01:00,1036.06884765625,1057.9622802734375,1314.295654296875,1163.4012985362253,1202.2721248103935,1205.0127097059942,1189.7733049258918,1205.0127097059942,1176.482544510034,1200.563454714316,1173.63521011525,1173.63521011525
2013-12-17 10:00:00+01:00,1217.511474609375,1036.06884765625,1286.030029296875,1193.5105794795306,1250.5989225473622,1253.9833297151317,1240.28690936678,1253.9833297151317,1210.6426446042733,1226.8096278221608,1215.238022221052,1215.238022221052
2013-12-17 10:10:00+01:00,1188.2633056640625,1217.511474609375,1508.019775390625,1317.6241522815787,1325.8854160792055,1328.5145343129116,1315.3081283271515,1328.5145343129116,1345.4526356123454,1364.4945838984697,1339.8369574461367,1339.8369574461367
2013-12-17 10:20:00+01:00,1214.9234619140625,1188.2633056640625,1461.9300537109375,1328.5135092788562,1377.8524196060112,1380.896119646359,1373.50806084751,1380.896119646359,1349.9851212187914,1369.5240979611663,1361.2405655605662,1361.2405655605662
2013-12-17 10:30:00+01:00,1532.373779296875,1214.9234619140625,1595.7957763671875,1393.750095752707,1428.5022459355569,1433.682650782432,1428.8428570057865,1433.682650782432,1422.7754946204197,1471.4198675099153,1446.908234002708,1446.908234002708
2013-12-17 10:40:00+01:00,1466.2655029296875,1532.373779296875,1769.15478515625,1568.5914994999646,1523.0729907762304,1524.7174244541486,1525.7323147526274,1524.7174244541486,1549.838559427672,1614.893745578816,1570.7105325510358,1570.7105325510358
2013-12-17 10:50:00+01:00,1664.7877197265625,1466.2655029296875,1872.693359375,1597.06220782811,1601.5330196429522,1601.613261637253,1612.60671912363,1601.613261637253,1625.4180028890614,1666.8989844703685,1604.0322179095513,1604.0322179095513
2013-12-17 11:00:00+01:00,1818.2193603515625,1664.7877197265625,2127.701904296875,1793.4596677280401,1707.056471511706,1704.3871083913727,1722.8208488537225,1704.3871083913727,1740.0514778777522,1825.1562745919196,1712.6883330032992,1712.6883330032992
2013-12-17 11:10:00+01:00,1694.5821533203125,1818.2193603515625,2029.306640625,1889.261930577492,1810.0352232177752,1802.0453525083872,1834.1408659108656,1802.0453525083872,1836.5081026943892,1894.0288477456993,1815.1539033156544,1815.1539033156544
2013-12-17 11:20:00+01:00,1874.442138671875,1694.5821533203125,2434.388671875,1898.929106828525,1900.3998244039826,1894.6457036289562,1931.2202559377263,1894.6457036289562,1894.4607805233557,1990.6629352171644,1838.0120553717747,1838.0120553717747
2013-12-17 11:30:00+01:00,2035.265380859375,1874.442138671875,2413.48779296875,2014.2894281886195,1991.695264782603,1986.8021061208685,2026.6249169727948,1986.8021061208685,2024.7773486029448,2097.9189333304507,1944.486632593325,1944.486632593325
2013-12-17 11:40:00+01:00,2138.96435546875,2035.265380859375,2543.2109375,2089.2212576969555,2092.3994665422815,2086.5116059482216,2129.2667998378997,2086.5116059482216,2107.4089558792452,2209.0713225438126,2040.9252519142883,2040.9252519142883
2013-12-17 11:50:00+01:00,2250.600341796875,2138.96435546875,2489.28955078125,2218.7828753628864,2183.8990220199494,2175.4415819738074,2223.923566960084,2175.4415819738074,2142.0086400941354,2286.585391424795,2122.8285938798826,2122.8285938798826
2013-12-17 12:00:00+01:00,2388.472900390625,2250.600341796875,2868.7607421875,2333.6589775686066,2292.8868091997365,2282.7931208725963,2332.6344435628425,2282.7931208725963,2295.639711542563,2446.579392548416,2230.850124312236,2230.850124312236
2013-12-17 12:10:00+01:00,2460.734130859375,2388.472900390625,2853.106201171875,2445.5803607024754,2397.2841402951544,2383.2653504346067,2438.5423116844217,2383.2653504346067,2394.4043484918266,2516.0078488412278,2324.427247481972,2324.427247481972
2013-12-17 12:20:00+01:00,2415.103515625,2460.734130859375,2651.831787109375,2527.6472493465844,2478.4304299175897,2459.569962787572,2521.450240146131,2459.569962787572,2455.9171109845547,2581.7663832775347,2439.1589465756583,2439.1589465756583
2013-12-17 12:30:00+01:00,2763.068115234375,2415.103515625,2957.816650390625,2539.748140505424,2552.9973369353556,2534.8076536909825,2593.0970865785184,2534.8076536909825,2522.8359836962927,2661.2421563334174,2486.816735411321,2486.816735411321
2013-12-17 12:40:00+01:00,2744.7373046875,2763.068115234375,2898.607177734375,2725.5994067664105,2648.481613440557,2623.887734226518,2682.302262184663,2623.887734226518,2652.218594320873,2774.84012619804,2613.0767249271235,2613.0767249271235
2013-12-17 12:50:00+01:00,2774.44287109375,2744.7373046875,2911.7119140625,2750.844343401188,2727.015121130599,2696.5165918732037,2758.369591892966,2696.5165918732037,2733.3585017095456,2819.0844114968145,2695.2647636302668,2695.2647636302668
2013-12-17 13:00:00+01:00,3062.457763671875,2774.44287109375,2930.455322265625,2848.4803866797815,2792.697646199717,2758.5558187187767,2820.1397993463825,2758.5558187187767,2751.2730676834763,2863.897085077433,2724.7724550439852,2724.7724550439852
2013-12-17 13:10:00+01:00,3291.7275390625,3062.457763671875,3141.1103515625,2989.950595562956,2891.339222376023,2849.4477908192307,2911.211917440051,2849.4477908192307,2894.537294382785,3009.8746353882166,2855.575986541429,2855.575986541429
2013-12-17 13:20:00+01:00,3444.10595703125,3291.7275390625,3368.401123046875,3156.188870396686,3015.0396086202377,2960.87582189665,3030.8831026323865,2960.87582189665,3028.4118581522225,3157.2543170478666,2966.844990048712,2966.844990048712
2013-12-17 13:30:00+01:00,3373.385498046875,3444.10595703125,3231.143310546875,3346.7683887696976,3129.1655721448515,3059.774830257101,3145.2874954402896,3059.774830257101,3084.627567992594,3217.724265581523,3057.7993920543067,3057.7993920543067
2013-12-17 13:40:00+01:00,3342.427001953125,3373.385498046875,3662.567138671875,3389.8595645733562,3241.3487850810925,3163.740680308239,3255.7585442944164,3163.740680308239,3186.8869959617496,3314.1202229036444,3125.305505276442,3125.305505276442
2013-12-17 13:50:00+01:00,3505.432373046875,3342.427001953125,4065.1884765625,3394.6775688540274,3343.287092116656,3264.142073347582,3352.0633665525165,3264.142073347582,3244.257772390907,3387.640048637963,3172.2478346549738,3172.2478346549738
2013-12-17 14:00:00+01:00,3803.9375,3505.432373046875,3625.6884765625,3452.584724733317,3411.311313704877,3326.9433655851535,3408.1862501787555,3326.9433655851535,3257.7208285671645,3408.9108762313263,3200.0880925286706,3200.0880925286706
2013-12-17 14:10:00+01:00,3543.513427734375,3803.9375,3464.351318359375,3622.002136191612,3486.4664555368063,3390.0153617813858,3463.042481502103,3390.0153617813858,3329.743788521654,3482.637833200039,3186.8774534877643,3186.8774534877643
2013-12-17 14:20:00+01:00,3208.63916015625,3543.513427734375,3512.0166015625,3577.782406686187,3518.0631005061473,3417.894718008905,3477.770517049026,3417.894718008905,3295.1924619090883,3434.952045068362,3169.8602500801503,3169.8602500801503
2013-12-17 14:30:00+01:00,3234.5732421875,3208.63916015625,3121.040771484375,3424.7271496439,3461.250501271875,3369.587843195691,3403.7087709286047,3369.587843195691,3181.229855875019,3287.5841751014054,3088.4601087972287,3088.4601087972287
2013-12-17 14:40:00+01:00,3110.67919921875,3234.5732421875,3254.7626953125,3321.0723571805074,3412.5627912992095,3333.0137759236586,3329.58834907257,3333.0137759236586,3208.384645538966,3316.221479823697,3077.1388214180097,3077.1388214180097
2013-12-17 14:50:00+01:00,3139.6962890625,3110.67919921875,3103.1318359375,3175.1549980647897,3336.595306250505,3269.86160525045,3236.3591424155497,3269.86160525045,3136.780466699802,3199.431792550645,2987.31616207902,2987.31616207902
2013-12-17 15:00:00+01:00,2945.24658203125,3139.6962890625,3059.992919921875,3177.1156791715143,3269.221701574469,3212.6918335033197,3157.0721220440296,3212.6918335033197,3041.814829508865,3156.771781057272,2943.2942280526477,2943.2942280526477
2013-12-17 15:10:00+01:00,2766.085693359375,2945.24658203125,3195.94384765625,3045.569769817397,3194.61231063892,3152.2649438526128,3080.799362221109,3152.2649438526128,3023.6161519197854,3074.0859044373556,2854.1102967594184,2854.1102967594184
2013-12-17 15:20:00+01:00,3100.931884765625,2766.085693359375,3294.03515625,2921.771939917101,3108.783261695625,3084.8102020009956,2999.8329168205937,3084.8102020009956,2991.690669150411,3013.1680924750635,2791.755499083177,2791.755499083177
2013-12-17 15:30:00+01:00,3517.677978515625,3100.931884765625,3016.150390625,3021.3345587475737,3063.1845741558204,3041.9228882188554,2958.9408548645747,3041.9228882188554,2974.7633490964145,3045.1220869346225,2806.4073469333603,2806.4073469333603
2013-12-17 15:40:00+01:00,3524.89501953125,3517.677978515625,3410.023681640625,3238.658225731286,3109.0426466273807,3078.262712392096,3014.068424881321,3078.262712392096,3084.2253914404714,3199.2105883779896,2864.4912062866056,2864.4912062866056
2013-12-17 15:50:00+01:00,3358.103271484375,3524.89501953125,3132.71728515625,3408.41873568037,3144.917219928527,3097.4237557853176,3073.2805869155754,3097.4237557853176,3053.868965683473,3152.221182205834,2863.794178961132,2863.794178961132
2013-12-17 16:00:00+01:00,3876.959716796875,3358.103271484375,3000.33447265625,3429.9008959634657,3154.366646611589,3095.195258706913,3104.9403005414433,3095.195258706913,3019.41606844316,3125.080066996744,2857.3554864319717,2857.3554864319717
2013-12-17 16:10:00+01:00,3759.0380859375,3876.959716796875,2832.407958984375,3668.724981635535,3209.703673431754,3128.9279313157904,3171.940006391627,3128.9279313157904,3135.7359382712793,3246.4123947434455,2965.62089013286,2965.62089013286
2013-12-17 16:20:00+01:00,3837.149169921875,3759.0380859375,2797.685302734375,3644.6553037811314,3251.0922891837286,3151.4305739316724,3227.023425697103,3151.4305739316724,3131.866916412479,3234.135478752702,2954.3805815867863,2954.3805815867863
2013-12-17 16:30:00+01:00,3774.9140625,3837.149169921875,2896.317626953125,3796.037140073537,3301.9962750271525,3188.090010166876,3286.830307428546,3188.090010166876,3169.7165862197103,3297.982325966089,2970.3642615360704,2970.3642615360704
2013-12-17 16:40:00+01:00,3495.152587890625,3774.9140625,2963.056640625,3736.534734260708,3341.263733070336,3218.9936811386438,3332.464019595779,3218.9936811386438,3166.9170881235627,3285.845842056099,2954.941986379029,2954.941986379029
2013-12-17 16:50:00+01:00,3764.5986328125,3495.152587890625,2810.552001953125,3585.382316925132,3323.8123290086146,3203.175857139153,3316.3009178366774,3203.175857139153,3116.117841200706,3236.58027129546,2920.9181213658308,2920.9181213658308
2013-12-17 17:00:00+01:00,3746.04638671875,3764.5986328125,3221.400634765625,3653.415976063543,3357.0353247181097,3240.5719960326564,3341.0090804004763,3240.5719960326564,3229.9727530953583,3387.039796118523,2992.020104568779,2992.020104568779
2013-12-17 17:10:00+01:00,3641.8798828125,3746.04638671875,3373.351806640625,3602.634449080148,3385.6617384596734,3274.0797334837403,3366.0968932439196,3274.0797334837403,3256.394040727217,3380.4776182128894,2965.823122476334,2965.823122476334
2013-12-17 17:20:00+01:00,3795.98388671875,3641.8798828125,3393.078369140625,3599.3402648363544,3389.2892156679072,3285.912477614571,3365.702005688345,3285.912477614571,3222.7781757112693,3338.4599856067266,2944.020215270035,2944.020215270035
2013-12-17 17:30:00+01:00,3566.96923828125,3795.98388671875,2861.03759765625,3640.266499487193,3363.6838551239093,3258.9470249297806,3329.2253831568178,3258.9470249297806,3185.2803591813804,3278.805301061852,2966.3079711174632,2966.3079711174632
2013-12-17 17:40:00+01:00,3228.27685546875,3566.96923828125,2986.179443359375,3503.284862580503,3318.8078028185514,3221.0171072409007,3271.200556954246,3221.0171072409007,3152.778974143884,3233.7837955053656,2952.9373439830224,2952.9373439830224
2013-12-17 17:50:00+01:00,3273.097412109375,3228.27685546875,2777.12353515625,3306.2223332307967,3211.218603342349,3129.5361234127013,3152.0997682678953,3129.5361234127013,3031.7053730618145,3084.5830657112356,2868.1291794957306,2868.1291794957306
2013-12-17 18:00:00+01:00,3197.365478515625,3273.097412109375,2905.256103515625,3205.4041802576057,3122.866106453877,3060.3316803893845,3050.9744986602323,3060.3316803893845,3017.414930486916,3054.371944555981,2848.2426485680458,2848.2426485680458
2013-12-17 18:10:00+01:00,3225.8515625,3197.365478515625,2720.480224609375,3074.8174089949475,3020.2660596707055,2973.243789331779,2944.0498675588833,2973.243789331779,2936.401073480021,2946.5990763446525,2793.288407947196,2793.288407947196
2013-12-17 18:20:00+01:00,2850.0390625,3225.8515625,2817.268310546875,3070.153368015443,2941.2122149271763,2908.3037754667225,2866.378474894284,2908.3037754667225,2908.6473891715846,2914.9393590533105,2772.6775856008608,2772.6775856008608
2013-12-17 18:30:00+01:00,3065.798095703125,2850.0390625,2693.633056640625,2844.8865348599143,2817.376671423072,2802.649264120224,2752.332298282992,2802.649264120224,2771.9123414010087,2757.3489467203217,2681.2566519418756,2681.2566519418756
2013-12-17 18:40:00+01:00,2853.28955078125,3065.798095703125,2602.609130859375,2885.7425474740517,2730.6086378188766,2725.9706392533,2673.2777251129123,2725.9706392533,2760.312074970137,2735.7266412092467,2694.9280085698247,2694.9280085698247
2013-12-17 18:50:00+01:00,2902.80078125,2853.28955078125,2266.33935546875,2707.0995590611374,2612.7070260363575,2612.035157950425,2567.442659967694,2612.035157950425,2622.3868968642105,2568.189753864595,2599.512064129704,2599.512064129704
2013-12-17 19:00:00+01:00,2814.686279296875,2902.80078125,2333.984619140625,2734.165150732226,2527.3314505799203,2530.0784791543574,2492.51439470225,2530.0784791543574,2592.502774447303,2537.5220481252345,2588.5523341663875,2588.5523341663875
2013-12-17 19:10:00+01:00,2951.323974609375,2814.686279296875,2419.12158203125,2632.2933332952152,2454.90458076778,2461.129236280949,2434.781311898838,2461.129236280949,2523.771400167368,2459.0551104970896,2487.891186596167,2487.891186596167
2013-12-17 19:20:00+01:00,2730.481689453125,2951.323974609375,2262.95068359375,2681.5810130345462,2403.05329670415,2404.030705653438,2398.3326554831415,2404.030705653438,2492.65791085396,2398.3690557579416,2462.8946573358044,2462.8946573358044
2013-12-17 19:30:00+01:00,2447.703369140625,2730.481689453125,2255.9501953125,2558.3376339441493,2339.307565800643,2336.671685224299,2348.663112715212,2336.671685224299,2358.6082046309607,2276.1561217960934,2282.6857638051188,2282.6857638051188
2013-12-17 19:40:00+01:00,2416.367431640625,2447.703369140625,2073.716796875,2398.790310044356,2238.368099676853,2235.333137336082,2255.72846836449,2235.333137336082,2267.968799386762,2178.369466397754,2191.7908943483976,2191.7908943483976
2013-12-17 19:50:00+01:00,2257.1748046875,2416.367431640625,2024.529052734375,2280.12980139039,2144.008801449279,2141.8657699244404,2162.3989603739647,2141.8657699244404,2176.5387255617948,2077.220263991616,2084.7300753733466,2084.7300753733466
2013-12-17 20:00:00+01:00,2049.7353515625,2257.1748046875,1960.2728271484375,2121.866308023284,2040.875660234141,2041.2272731888775,2059.1381578102314,2041.2272731888775,2083.9044155470738,1978.94083877124,1994.245242005526,1994.245242005526
2013-12-17 20:10:00+01:00,1769.059326171875,2049.7353515625,1765.161376953125,1976.1823214451947,1915.3157427207543,1918.6225247573595,1931.9177273803807,1918.6225247573595,1921.2402282603027,1834.381585236541,1856.6715975737743,1856.6715975737743
2013-12-17 20:20:00+01:00,1671.0308837890625,1769.059326171875,1788.7562255859375,1758.0304890624104,1775.5069005917824,1788.484475486684,1788.633735184062,1788.484475486684,1780.0523482182932,1699.5413962462003,1727.388223706116,1727.388223706116
2013-12-17 20:30:00+01:00,1472.35498046875,1671.0308837890625,1526.2215576171875,1615.0897356003716,1631.3149578727941,1649.527599490311,1641.5141158397466,1649.527599490311,1632.4948228767637,1576.52160046588,1614.6633473399384,1614.6633473399384
2013-12-17 20:40:00+01:00,1444.258544921875,1472.35498046875,1562.607421875,1432.9777035603731,1493.8821141164592,1519.869053712251,1502.2663455902477,1519.869053712251,1529.507375126656,1468.8705465385601,1499.25928781437,1499.25928781437
2013-12-17 20:50:00+01:00,1219.8505859375,1444.258544921875,1344.0308837890625,1361.7726025631853,1371.740569344454,1398.5366984137186,1381.6038320960915,1398.5366984137186,1396.6895260917588,1373.8125598177276,1398.7066616222448,1398.7066616222448
2013-12-17 21:00:00+01:00,1171.96240234375,1219.8505859375,1141.089111328125,1195.4841605325894,1238.2710948207848,1263.6765666976778,1249.2596329397452,1263.6765666976778,1250.9441575766398,1225.2135089316957,1265.9362382530894,1265.9362382530894
2013-12-17 21:10:00+01:00,1066.5072021484375,1171.96240234375,1088.2320556640625,1126.8152573207292,1130.5283410202621,1153.3879528260697,1142.5770301025395,1153.3879528260697,1190.5600844832904,1156.9986330635338,1193.3505315150774,1193.3505315150774
2013-12-17 21:20:00+01:00,1065.67529296875,1066.5072021484375,1244.7518310546875,1014.5528732245906,1047.7479760633346,1070.5665677908937,1062.90259588502,1070.5665677908937,1142.3665655138843,1084.1187131289562,1119.9215485184623,1119.9215485184623
2013-12-17 21:30:00+01:00,1107.4400634765625,1065.67529296875,1315.372802734375,983.4868873940734,991.7946462360547,1013.1463935322097,1012.7379149576417,1013.1463935322097,1115.3468367816852,1055.3299254519338,1069.4619976388844,1069.4619976388844
2013-12-17 21:40:00+01:00,1170.195068359375,1107.4400634765625,1154.6964111328125,975.0591246106864,950.8355916437738,966.3139403179518,978.1029475752247,966.3139403179518,1051.0017382929807,1009.9777844841273,1014.9795089439394,1014.9795089439394
2013-12-17 21:50:00+01:00,881.8594360351562,1170.195068359375,1005.1485595703125,1005.7745699254809,922.8361181933891,929.3153083725881,954.7860434238431,929.3153083725881,1012.9602150528998,988.0852010012006,983.5540281425311,983.5540281425311
2013-12-17 22:00:00+01:00,747.4791259765625,881.8594360351562,909.8450927734375,878.5621368825443,862.9069778666626,864.4575774023817,892.0560246531843,864.4575774023817,900.142274038978,860.968786326735,885.3311187369853,885.3311187369853
2013-12-17 22:10:00+01:00,636.77197265625,747.4791259765625,738.1878662109375,775.3357687397935,786.3361136859901,785.6199720168834,807.4261082343701,785.6199720168834,812.0735139167853,775.2842574945629,795.6563639015844,795.6563639015844
2013-12-17 22:20:00+01:00,549.4325561523438,636.77197265625,658.3388671875,641.2599688252941,705.833358596922,706.0946968625398,718.1740872785072,706.0946968625398,716.9697304391996,680.0484248798124,698.3137257702117,698.3137257702117
2013-12-17 22:30:00+01:00,636.7147827148438,549.4325561523438,566.223876953125,550.9739887111125,627.2832794521155,629.4625447551414,633.2956665155364,629.4625447551414,642.9553629565897,605.0032977798537,624.3735568569016,624.3735568569016
2013-12-17 22:40:00+01:00,583.7481689453125,636.7147827148438,574.1558837890625,555.546694388477,582.8529610732118,585.6284201164011,589.3395796527429,585.6284201164011,635.2766759239648,613.6151855839008,621.8068407749952,621.8068407749952
2013-12-17 22:50:00+01:00,538.8654174804688,583.7481689453125,467.2886962890625,521.5412385984473,540.4467034080827,542.195911376284,548.9417778966521,542.195911376284,579.5539167615432,554.7473751688761,567.5244993096493,567.5244993096493
2013-12-17 23:00:00+01:00,543.9615478515625,538.8654174804688,427.3443298339844,510.0384569064208,503.4910081896726,503.6313661303393,512.7483983021307,503.6313661303393,541.8304475446407,522.0494845973207,536.3409629692301,536.3409629692301
2013-12-17 23:10:00+01:00,439.5157775878906,543.9615478515625,353.8074645996094,492.9945829181209,474.0397152807444,471.4897630318611,483.877451424487,471.4897630318611,512.110489090037,502.07993972205907,511.663869441654,511.663869441654
2013-12-17 23:20:00+01:00,424.5902404785156,439.5157775878906,352.9627685546875,430.72508137504815,440.2058637949903,436.517499677977,447.8435285721131,436.517499677977,453.4595692540957,453.3510934634282,456.388952677766,456.388952677766
2013-12-17 23:30:00+01:00,452.1990661621094,424.5902404785156,362.0094299316406,408.045716356856,413.77333836152127,409.3611432575147,419.89505672342193,409.3611432575147,428.0397898025689,432.7658829103305,428.6113784190992,428.6113784190992
2013-12-17 23:40:00+01:00,361.02264404296875,452.1990661621094,381.38250732421875,396.13247184824337,398.305458248537,393.4630806167528,405.1271007511529,393.4630806167528,423.48149383781714,418.6826448184572,419.83627551818466,419.83627551818466
2013-12-17 23:50:00+01:00,371.86602783203125,361.02264404296875,364.4811096191406,351.4733574166674,374.56939052141706,370.01647559639804,379.6805253575027,370.01647559639804,374.3504626201684,383.03319969656366,376.4154515707344,376.4154515707344
2013-12-18 00:00:00+01:00,434.73638916015625,371.86602783203125,295.8807373046875,348.9923535157519,354.90874682096137,349.650152493714,358.87112639859157,349.650152493714,362.5147946567824,375.88366781496745,361.04235467184145,361.04235467184145
2013-12-18 00:10:00+01:00,406.5352783203125,434.73638916015625,257.18310546875,359.1437454441375,345.42143147825055,339.051965796816,350.362853197878,339.051965796816,366.9742761310904,373.9181417756371,363.2806050770814,363.2806050770814
2013-12-18 00:20:00+01:00,314.7143859863281,406.5352783203125,267.6398620605469,358.3050743356332,336.404870075844,329.60694610658106,341.53736382514705,329.60694610658106,352.0426840771036,361.0342514736983,346.7554072896702,346.7554072896702
2013-12-18 00:30:00+01:00,311.5243225097656,314.7143859863281,244.4247283935547,322.041269779164,317.85205790394707,310.812404575828,320.0439198498534,310.812404575828,312.7192024852133,325.08726615911945,302.6654825645454,302.6654825645454
2013-12-18 00:40:00+01:00,268.64501953125,311.5243225097656,224.00579833984375,301.72068582832554,302.1299259724273,294.74968888736566,302.34628871489787,294.74968888736566,302.83032116106415,313.3563914787937,286.63160854517326,286.63160854517326
2013-12-18 00:50:00+01:00,269.088623046875,268.64501953125,247.90589904785156,260.845282085069,284.80873696359805,278.42338758327793,283.3373737902344,278.42338758327793,277.5117416462839,288.8586888812531,263.9594654561859,263.9594654561859
2013-12-18 01:00:00+01:00,303.09613037109375,269.088623046875,236.0701446533203,254.33157279345784,271.07595494501913,265.314102321081,269.2552174629712,265.314102321081,269.259961014738,282.8616072707735,256.5653024246604,256.5653024246604
2013-12-18 01:10:00+01:00,274.729736328125,303.09613037109375,218.04058837890625,261.2367424216839,264.0372746070024,258.5690672594494,263.58152582283753,258.5690672594494,270.2207901158451,278.4412379958158,259.74798307089753,259.74798307089753
2013-12-18 01:20:00+01:00,234.28204345703125,274.729736328125,221.78623962402344,253.57166117228934,255.62466996663977,250.85470530754165,255.56507390953817,250.85470530754165,258.2872813571396,267.5904665588314,249.77382649417683,249.77382649417683
2013-12-18 01:30:00+01:00,258.4670715332031,234.28204345703125,205.38934326171875,236.9514201467715,243.69720582124864,239.31093307269794,242.56418116618025,239.31093307269794,242.53995720086766,253.9043153634854,233.3108707220088,233.3108707220088
2013-12-18 01:40:00+01:00,235.9508056640625,258.4670715332031,203.1748809814453,237.60106663472746,237.43445288421856,233.3909050598618,236.87730041125604,233.3909050598618,244.52652814076765,255.81849645266425,237.42390952984238,237.42390952984238
2013-12-18 01:50:00+01:00,214.01556396484375,235.9508056640625,189.07672119140625,221.50903967252077,229.43436571460055,225.81457678647976,228.68267622288064,225.81457678647976,230.64602178669153,241.54742715073922,222.73207623322887,222.73207623322887
2013-12-18 02:00:00+01:00,244.06613159179688,214.01556396484375,221.35079956054688,213.15014082208378,221.25741535095923,218.76493303494414,220.25321873951668,218.76493303494414,222.7883389703889,236.24486944223955,214.66753243155597,214.66753243155597
2013-12-18 02:10:00+01:00,221.3958282470703,244.06613159179688,186.01382446289062,220.3323121240479,217.91995762901902,215.55180546709647,217.84663522412689,215.55180546709647,223.72422317326834,236.36808171860952,215.89669563480308,215.89669563480308
2013-12-18 02:20:00+01:00,390.5313415527344,221.3958282470703,187.60723876953125,209.2747918873058,212.64450269108804,210.9238495065472,212.61720879036602,210.9238495065472,215.42384985985476,226.1851468993068,207.04138681126148,207.04138681126148
2013-12-18 02:30:00+01:00,385.11370849609375,390.5313415527344,203.60865783691406,288.85741917341073,225.96315839971217,224.8240163293652,231.07683391871137,224.8240163293652,255.5950971408334,269.91127877547046,250.674178781529,250.674178781529
2013-12-18 02:40:00+01:00,443.7337341308594,385.11370849609375,188.06959533691406,308.5321976295052,237.7573050433342,237.12379803429508,245.66086148267104,237.12379803429508,255.4531112637394,263.7268954183951,255.37834548439457,255.37834548439457
2013-12-18 02:50:00+01:00,424.5218200683594,443.7337341308594,201.89744567871094,385.56739890822485,254.97353094485817,254.68441127423404,265.7015928847513,254.68441127423404,281.4021892561237,287.8320098452505,271.7794489277503,271.7794489277503
2013-12-18 03:00:00+01:00,514.8599243164062,424.5218200683594,239.15576171875,385.6413793117353,270.82837266719343,271.6498375667768,282.70993781688514,271.6498375667768,282.27568839536565,285.99377938806674,275.1551624952901,275.1551624952901
2013-12-18 03:10:00+01:00,243.27391052246094,514.8599243164062,197.30264282226562,441.4086252305985,291.72776113246397,292.1387067347466,305.1523109845033,292.1387067347466,303.39432455419274,312.12869721386363,288.1059160333576,288.1059160333576
2013-12-18 03:20:00+01:00,216.104736328125,243.27391052246094,184.57481384277344,303.94823275412693,277.99797684852575,278.56943706926455,282.63907326962357,278.56943706926455,239.3351301632064,245.5623792984213,227.33637436737774,227.33637436737774
2013-12-18 03:30:00+01:00,226.12570190429688,216.104736328125,221.6767120361328,265.61678413644603,263.6873132734685,264.893888911397,262.16783874853024,264.893888911397,230.91834105629465,248.68552588114125,219.8892287717552,219.8892287717552
2013-12-18 03:40:00+01:00,232.07373046875,226.12570190429688,200.77549743652344,220.49844184463075,251.95480106813793,253.550727658596,248.51185018828514,253.550727658596,217.7145560782953,232.1320586230602,210.43514618036824,210.43514618036824
2013-12-18 03:50:00+01:00,208.0513153076172,232.07373046875,218.46409606933594,219.21409460611605,243.7225105154233,246.25520525122778,240.80198376007135,246.25520525122778,222.79923998928544,244.6823867538721,222.70952031021534,222.70952031021534
2013-12-18 04:00:00+01:00,225.40232849121094,208.0513153076172,209.1507568359375,210.9328870963712,233.86807438432945,236.6784621214038,231.18984313959973,236.6784621214038,213.79327047041886,229.707489293313,209.2619362552523,209.2619362552523
2013-12-18 04:10:00+01:00,227.49485778808594,225.40232849121094,183.07992553710938,218.29883583212168,228.31670607562208,230.58627105912242,226.93883493556467,230.58627105912242,219.24118278751953,234.25340276174597,217.6989630836944,217.6989630836944
2013-12-18 04:20:00+01:00,215.54005432128906,227.49485778808594,204.4224853515625,216.89596882777218,225.44411815765238,227.8730175368576,225.52454753440296,227.8730175368576,220.6232663922138,232.63810261907537,219.73396132990894,219.73396132990894
2013-12-18 04:30:00+01:00,227.6981964111328,215.54005432128906,207.92745971679688,216.28695006560974,222.57824798126566,224.96327880212098,223.34054245385852,224.96327880212098,220.60324474298278,238.63202257248284,221.076437812487,221.076437812487
2013-12-18 04:40:00+01:00,220.47952270507812,227.6981964111328,193.8677978515625,222.0293439972116,222.28597700969456,224.2510284357749,224.00502839087005,224.2510284357749,215.08174019229008,229.62827336632895,208.70683369339687,208.70683369339687
2013-12-18 04:50:00+01:00,219.9332275390625,220.47952270507812,222.2822265625,218.0922113538517,222.63322448618848,224.9546088903064,224.90693032115627,224.9546088903064,217.64201643849213,231.9067627146585,212.05139288337548,212.05139288337548
2013-12-18 05:00:00+01:00,234.73873901367188,219.9332275390625,204.6663818359375,220.65711712028747,223.23562491353502,225.32195714669663,225.744101700017,225.32195714669663,216.82029576661037,232.2584667739345,211.82940145593628,211.82940145593628
2013-12-18 05:10:00+01:00,256.2188415527344,234.73873901367188,187.19679260253906,227.45901215714892,225.88448724109557,227.5355128400364,228.98826435494453,227.5355128400364,224.19507205167992,237.2844567239166,221.99624232603662,221.99624232603662
2013-12-18 05:20:00+01:00,246.5761260986328,256.2188415527344,198.10166931152344,241.91256566852684,232.0805504580458,233.7547198724789,236.3346569717831,233.7547198724789,232.19157360371977,243.7547444939727,226.94618531414818,226.94618531414818
2013-12-18 05:30:00+01:00,248.08905029296875,246.5761260986328,217.3247833251953,245.92689255299956,237.89752214915134,239.93124472331166,242.43006832414096,239.93124472331166,236.66840492190926,247.23173659279146,232.60809553396544,232.60809553396544
2013-12-18 05:40:00+01:00,257.0533142089844,248.08905029296875,213.37643432617188,252.21579749355624,244.02457075054892,246.0623101670738,248.52274806094275,246.0623101670738,240.26683322998852,250.55456137863496,235.76229144819044,235.76229144819044
2013-12-18 05:50:00+01:00,243.3793182373047,257.0533142089844,254.1532440185547,256.3492486224622,252.79411820749996,255.62522863605312,257.5975418408532,255.62522863605312,250.50237069086,259.09222093615864,244.9387792958446,244.9387792958446
2013-12-18 06:00:00+01:00,263.1778869628906,243.3793182373047,195.80128479003906,252.6282639035611,257.11026381379344,259.24560495567675,261.0995246899335,259.24560495567675,244.3481340271834,251.1327704783126,237.06752668413776,237.06752668413776
2013-12-18 06:10:00+01:00,227.68663024902344,263.1778869628906,178.2960205078125,265.28461558260796,263.55193595102094,264.88665341255637,267.352555137096,264.88665341255637,254.5323943448104,254.56639989067077,248.3596352923258,248.3596352923258
2013-12-18 06:20:00+01:00,237.63648986816406,227.68663024902344,227.62847900390625,247.37583517280902,266.87463074112156,268.79192770988396,268.996948346347,268.79192770988396,250.05992123564417,255.9820126478557,246.8060323939263,246.8060323939263
2013-12-18 06:30:00+01:00,320.8879089355469,237.63648986816406,202.4875946044922,254.17916024019272,271.1748880408835,272.55666264403607,272.5296046084281,272.55666264403607,255.2739610682051,261.71598374600615,254.31494239691202,254.31494239691202
2013-12-18 06:40:00+01:00,246.098388671875,320.8879089355469,191.6806182861328,291.7941283147816,286.7979636141313,287.4313793360295,290.6362944641789,287.4313793360295,282.58674676561844,287.7549744558631,280.12232772712304,280.12232772712304
2013-12-18 06:50:00+01:00,260.01495361328125,246.098388671875,222.9146270751953,272.06886455062875,292.8660923759473,293.80423028033096,295.38735788479573,293.80423028033096,275.87217994210886,279.4356623155186,272.6444801245222,272.6444801245222
2013-12-18 07:00:00+01:00,350.6496276855469,260.01495361328125,252.93443298339844,292.4472378221342,303.33972189854614,304.2835267893783,305.07588246770075,304.2835267893783,291.9685071953672,297.6932052216517,288.2134223346845,288.2134223346845
2013-12-18 07:10:00+01:00,396.9144287109375,350.6496276855469,232.6190643310547,326.28692590454534,325.6486046776632,325.74366281107706,330.1188206854714,325.74366281107706,323.9817412659569,325.60036386673215,322.09437682680925,322.09437682680925
2013-12-18 07:20:00+01:00,404.7466735839844,396.9144287109375,298.3836364746094,375.47237578746086,357.6560668927457,357.82556274392755,365.23787407094477,357.82556274392755,364.81970729177345,369.23139163451526,361.7749524046704,361.7749524046704
2013-12-18 07:30:00+01:00,444.64056396484375,404.7466735839844,293.5951843261719,422.89729654689876,390.3478038622455,389.4380118944774,399.8399674971265,389.4380118944774,395.3620471388742,383.6577553554007,384.8063581841688,384.8063581841688
2013-12-18 07:40:00+01:00,383.8240966796875,444.64056396484375,312.7746887207031,465.4614969281461,428.7575666970665,426.40883936686,439.397444253855,426.40883936686,435.58813301004324,421.4184365929215,419.09944478381124,419.09944478381124
2013-12-18 07:50:00+01:00,396.3335876464844,383.8240966796875,326.56756591796875,444.35034798028585,455.61465065387296,452.53639065987704,463.8603201591705,452.53639065987704,442.7119950760888,431.9520678419156,428.9177556370046,428.9177556370046
2013-12-18 08:00:00+01:00,413.6523742675781,396.3335876464844,424.1390075683594,456.6761935035025,487.61618093434885,485.01355359850487,492.55233635785896,485.01355359850487,499.57645557201226,498.73203427761837,477.5784616531763,477.5784616531763
2013-12-18 08:10:00+01:00,642.7808227539062,413.6523742675781,400.12933349609375,456.90498692136566,515.6477625616429,513.2343910483145,519.1986273068477,513.2343910483145,503.72379233198575,496.2672836355032,480.8712697990923,480.8712697990923
2013-12-18 08:20:00+01:00,541.2098999023438,642.7808227539062,495.19464111328125,592.1072485782133,580.9594466553464,577.4956278882148,587.7721198760477,577.4956278882148,639.7256651380911,628.3191887596112,609.9953647942198,609.9953647942198
2013-12-18 08:30:00+01:00,618.9034423828125,541.2098999023438,575.2000122070312,593.9547776963803,632.5510684376131,628.9997501395999,640.7486895762881,628.9997501395999,664.567299938096,639.1274223120084,634.9662579114034,634.9662579114034
2013-12-18 08:40:00+01:00,646.4804077148438,618.9034423828125,783.386474609375,700.6187716331057,703.8459781663888,700.0965692652283,711.2334862556435,700.0965692652283,802.2676606815014,769.5350417297558,791.7977436867639,791.7977436867639
2013-12-18 08:50:00+01:00,736.5292358398438,646.4804077148438,1040.6680908203125,707.2908019064569,783.9417457433085,781.4992073752541,789.6427025762101,781.4992073752541,881.0556921471313,842.1512618267644,848.1520899463081,848.1520899463081
2013-12-18 09:00:00+01:00,844.309326171875,736.5292358398438,1161.454833984375,796.3631941574656,872.305133408269,871.4627328718833,877.0528605634912,871.4627328718833,997.9226715065475,964.174572767911,955.2906328098996,955.2906328098996
2013-12-18 09:10:00+01:00,899.5496215820312,844.309326171875,1010.1386108398438,890.8837195235046,952.9058625239139,952.6280142894203,959.4020721460591,952.6280142894203,1023.596304923667,981.8748731208798,1003.4867534295156,1003.4867534295156
2013-12-18 09:20:00+01:00,958.5369262695312,899.5496215820312,1017.5529174804688,980.5070052943549,1025.1659197354563,1026.8038912782288,1032.1320360455843,1026.8038912782288,1081.347378988689,1037.8217262430014,1064.0139464125398,1064.0139464125398
2013-12-18 09:30:00+01:00,1156.9510498046875,958.5369262695312,1044.2305908203125,1066.746381097689,1091.2244669200593,1095.2945263864885,1098.3291292891067,1095.2945263864885,1120.4263136893214,1097.4020144046513,1115.5021762454928,1115.5021762454928
2013-12-18 09:40:00+01:00,1070.988525390625,1156.9510498046875,1252.324462890625,1215.4147216959332,1185.4047270910587,1190.756394397204,1190.7388415232879,1190.756394397204,1258.0570604383947,1243.0776409275081,1230.3529339981849,1230.3529339981849
2013-12-18 09:50:00+01:00,1130.08447265625,1070.988525390625,1264.105224609375,1227.1431626979545,1251.4703684930703,1259.538344998413,1260.1029571412982,1259.538344998413,1285.774593007297,1254.5730860240299,1247.7308741580957,1247.7308741580957
2013-12-18 10:00:00+01:00,1296.177978515625,1130.08447265625,1474.852783203125,1310.5725689983497,1323.8718666723896,1336.6443835702278,1333.0001211114582,1336.6443835702278,1370.868642250844,1348.353670772422,1337.7096115291724,1337.7096115291724
2013-12-18 10:10:00+01:00,1440.552978515625,1296.177978515625,1447.691650390625,1394.8704701568781,1402.3455318011806,1416.2842530562143,1414.7109407845167,1416.2842530562143,1452.11762633594,1425.1847125249053,1409.576056426805,1409.576056426805
2013-12-18 10:20:00+01:00,1529.7799072265625,1440.552978515625,1499.5225830078125,1529.823687300895,1489.8482184054183,1502.8669351534593,1506.2719058748194,1502.8669351534593,1532.6956194924771,1537.3681733732824,1511.73722929649,1511.73722929649
2013-12-18 10:30:00+01:00,1691.05517578125,1529.7799072265625,1890.130615234375,1663.077014223117,1600.1272564014507,1613.756803122236,1618.3155474390385,1613.756803122236,1615.0551318480548,1659.1225558802248,1576.392392272136,1576.392392272136
2013-12-18 10:40:00+01:00,1911.0960693359375,1691.05517578125,1830.47412109375,1816.3215291196957,1710.331001018404,1720.070529795844,1734.786272787137,1720.070529795844,1726.297743326529,1760.1887918432149,1679.5220122977762,1679.5220122977762
2013-12-18 10:50:00+01:00,1785.5616455078125,1911.0960693359375,2089.848388671875,1995.3132729807558,1847.3582662550289,1851.9350209138497,1875.2675888421952,1851.9350209138497,1850.529894734363,1921.6104785384698,1781.290737143,1781.290737143
2013-12-18 11:00:00+01:00,2071.849853515625,1785.5616455078125,2179.29833984375,2008.1605483550475,1950.8118587255863,1954.4607023790154,1987.428734313672,1954.4607023790154,1923.5629585464696,1967.8570433222433,1852.6833189957713,1852.6833189957713
2013-12-18 11:10:00+01:00,2104.384033203125,2071.849853515625,2114.0537109375,2207.290532933373,2063.1835763341023,2061.998562097184,2104.469546234191,2061.998562097184,2056.4776710220667,2119.6087123294324,1972.5725210821713,1972.5725210821713
2013-12-18 11:20:00+01:00,2088.582763671875,2104.384033203125,2316.603271484375,2230.631359932442,2171.164927620693,2167.785892067357,2216.8985489367137,2167.785892067357,2164.499325128541,2222.965793631897,2099.0648605204187,2099.0648605204187
2013-12-18 11:30:00+01:00,2219.114013671875,2088.582763671875,2502.17578125,2302.0667583931845,2264.1355793585817,2262.228481066396,2314.3267658818586,2262.228481066396,2259.475336334713,2310.6910569489287,2180.5102690766194,2180.5102690766194
2013-12-18 11:40:00+01:00,2249.711669921875,2219.114013671875,2515.21044921875,2370.0927582846384,2351.062401032153,2349.0344727521215,2403.8327380338765,2349.0344727521215,2363.669880258732,2396.8312582230838,2287.1399556030005,2287.1399556030005
2013-12-18 11:50:00+01:00,2448.150146484375,2249.711669921875,2682.8720703125,2392.6642221407624,2431.128693316281,2430.456853729282,2484.847295401967,2430.456853729282,2445.0316631909654,2464.5422509516548,2349.753380220704,2349.753380220704
2013-12-18 12:00:00+01:00,2599.890869140625,2448.150146484375,2870.223876953125,2532.297641654214,2528.2384214375143,2525.4822177674073,2580.160912721048,2525.4822177674073,2560.291534939987,2609.2769588291508,2478.5088663422634,2478.5088663422634
2013-12-18 12:10:00+01:00,2445.931884765625,2599.890869140625,3092.910888671875,2645.0168732065054,2638.2253001916183,2630.218998845781,2689.172634143445,2630.218998845781,2685.7273925286254,2734.2919273194175,2607.5542968394197,2607.5542968394197
2013-12-18 12:20:00+01:00,2537.695068359375,2445.931884765625,2706.693603515625,2628.281039816006,2681.425082817862,2670.1217699414515,2735.919904846008,2670.1217699414515,2694.1086735978943,2685.777109259682,2640.9826340776676,2640.9826340776676
2013-12-18 12:30:00+01:00,2588.794189453125,2537.695068359375,2981.687744140625,2679.309410282587,2737.7498827134264,2727.1415103365757,2784.2665111048836,2727.1415103365757,2790.6529939468687,2815.39021343593,2742.097556440591,2742.097556440591
2013-12-18 12:40:00+01:00,2524.918212890625,2588.794189453125,3137.88330078125,2667.7206658718546,2793.669390064615,2782.9661957938965,2831.7358523104726,2782.9661957938965,2878.109352568517,2879.544249595749,2822.131143794406,2822.131143794406
2013-12-18 12:50:00+01:00,2801.240478515625,2524.918212890625,3144.63232421875,2653.581753834244,2825.578804993826,2816.3951508606588,2856.2426345905315,2816.3951508606588,2894.5782677457287,2894.7161631300105,2871.45635313165,2871.45635313165
2013-12-18 13:00:00+01:00,2847.33154296875,2801.240478515625,3117.83447265625,2794.033120888151,2880.681860479848,2865.772650678365,2899.9539519387886,2865.772650678365,2985.8832565540624,3009.7120028328063,2971.5628158134227,2971.5628158134227
2013-12-18 13:10:00+01:00,3144.238037109375,2847.33154296875,3257.9248046875,2837.9404575107933,2941.056493585074,2919.5059275205977,2952.716699313947,2919.5059275205977,3032.7837804899373,3012.455400404215,2990.8869826153627,2990.8869826153627
2013-12-18 13:20:00+01:00,3527.224365234375,3144.238037109375,3512.27880859375,3070.251729489408,3041.15372625788,3007.526942536692,3045.889764842952,3007.526942536692,3167.4964485413384,3165.8345199345426,3120.0120012644093,3120.0120012644093
2013-12-18 13:30:00+01:00,3725.4208984375,3527.224365234375,3528.633544921875,3322.016111004363,3172.4097478994354,3117.2996648732046,3175.4474755146443,3117.2996648732046,3277.959308752065,3290.9999951830077,3248.98276103277,3248.98276103277
2013-12-18 13:40:00+01:00,3822.518310546875,3725.4208984375,3814.967041015625,3567.903090072556,3325.587035932614,3248.2037009743303,3331.9841909005404,3248.2037009743303,3404.993143829249,3434.891270393939,3300.1941775434248,3300.1941775434248
2013-12-18 13:50:00+01:00,3866.7158203125,3822.518310546875,4178.79541015625,3752.921085375943,3484.5086993039345,3388.3782929507297,3496.977016918886,3388.3782929507297,3487.993765536298,3535.2164784648744,3385.89813459863,3385.89813459863
2013-12-18 14:00:00+01:00,3877.369873046875,3866.7158203125,3768.344482421875,3840.5479917710454,3593.732847186146,3481.02427159174,3611.6708952203967,3481.02427159174,3557.9477307890356,3607.1976462665302,3449.217938610884,3449.217938610884
2013-12-18 14:10:00+01:00,3581.29736328125,3877.369873046875,3810.73583984375,3875.339697869802,3679.803554775345,3558.646068525678,3693.1408667408305,3558.646068525678,3596.6525254935887,3643.727402310992,3439.347031340554,3439.347031340554
2013-12-18 14:20:00+01:00,3756.336669921875,3581.29736328125,3865.661376953125,3725.9010738223906,3707.3316998200426,3591.5188590001417,3710.5279635796574,3591.5188590001417,3542.1859691972672,3573.2616395069585,3345.170989786714,3345.170989786714
2013-12-18 14:30:00+01:00,3436.16357421875,3756.336669921875,3861.786376953125,3772.4036719251458,3733.3779222461144,3622.4754782697546,3714.6591162150617,3622.4754782697546,3561.6812152411744,3602.2793512398734,3365.8724155187583,3365.8724155187583
2013-12-18 14:40:00+01:00,3591.04150390625,3436.16357421875,3706.2470703125,3553.1944563273105,3696.1453095634247,3597.641946842982,3657.3341697318538,3597.641946842982,3458.757502552805,3482.3325971151767,3252.366011393177,3252.366011393177
2013-12-18 14:50:00+01:00,3316.722412109375,3591.04150390625,3293.300537109375,3628.117529114718,3645.0601506351572,3553.0404733467044,3579.350686857744,3553.0404733467044,3427.2277959521125,3470.184259762331,3273.6301407656165,3273.6301407656165
2013-12-18 15:00:00+01:00,3167.509033203125,3316.722412109375,4132.060546875,3424.955161407347,3615.6073749465877,3542.9728308064077,3528.22900392317,3542.9728308064077,3404.9319722297732,3439.04933286337,3166.1146075894244,3166.1146075894244
2013-12-18 15:10:00+01:00,3138.9189453125,3167.509033203125,3649.17236328125,3336.501137541727,3532.1601312783446,3474.5141283368857,3432.089790419828,3474.5141283368857,3318.3258751377352,3320.3457418002463,3098.027934441861,3098.027934441861
2013-12-18 15:20:00+01:00,3047.27294921875,3138.9189453125,3822.54638671875,3228.3347977566436,3463.7943243249842,3421.229829114783,3349.7784649186597,3421.229829114783,3274.0075449631695,3285.7586364868735,3058.318419505396,3058.318419505396
2013-12-18 15:30:00+01:00,3150.5263671875,3047.27294921875,3880.519287109375,3135.433206621694,3393.8581267579757,3364.4287859122164,3272.3253792859737,3364.4287859122164,3208.382462167333,3235.2449179495325,2992.4489543103223,2992.4489543103223
2013-12-18 15:40:00+01:00,2938.9462890625,3150.5263671875,3408.503173828125,3167.158033505973,3321.036781158725,3293.118868068422,3195.6320806920257,3293.118868068422,3133.8372986661134,3165.085730290839,2980.786064682383,2980.786064682383
2013-12-18 15:50:00+01:00,3039.37890625,2938.9462890625,3525.718994140625,3044.4040811913137,3243.002231672148,3222.732996840867,3119.068146311295,3222.732996840867,3093.6011481564124,3114.6456426176605,2928.145166865773,2928.145166865773
2013-12-18 16:00:00+01:00,3118.208251953125,3039.37890625,3255.45849609375,3086.9404960613883,3175.2236074373,3155.673781642419,3054.9307223007995,3155.673781642419,3058.2272607553405,3057.1036089076883,2911.774633499911,2911.774633499911
2013-12-18 16:10:00+01:00,3213.4921875,3118.208251953125,3275.646240234375,3086.7580725885623,3135.484569172482,3114.1162112975067,3022.4669542924685,3114.1162112975067,3076.539971456286,3088.8771314141077,2928.3926735199375,2928.3926735199375
2013-12-18 16:20:00+01:00,3012.903564453125,3213.4921875,3332.909912109375,3171.869241784644,3123.1151890459582,3097.258502031028,3022.7368304283686,3097.258502031028,3091.6097692886397,3096.1436911039905,2896.3237196554305,2896.3237196554305
2013-12-18 16:30:00+01:00,2953.887451171875,3012.903564453125,3342.68017578125,3094.5273246278894,3093.2601109160896,3067.4488605506253,3011.059209450722,3067.4488605506253,3027.096442716309,3040.3756547776243,2864.146959630035,2864.146959630035
2013-12-18 16:40:00+01:00,2920.78466796875,2953.887451171875,3253.67919921875,3045.1183808593555,3054.3445072094937,3030.150962179376,2986.920164291643,3030.150962179376,3020.019833544554,3019.7111543482765,2852.0932896854843,2852.0932896854843
2013-12-18 16:50:00+01:00,2932.362060546875,2920.78466796875,3496.88134765625,2958.136973196841,3029.0615346171253,3010.490834378168,2972.4264464435696,3010.490834378168,3006.681353743386,3021.709701892455,2830.989378616911,2830.989378616911
2013-12-18 17:00:00+01:00,3075.20947265625,2932.362060546875,3577.3232421875,2933.412593831323,3010.559263188031,2995.9614795220145,2963.464199336116,2995.9614795220145,2998.3833988249726,3009.594847292079,2813.25390112957,2813.25390112957
2013-12-18 17:10:00+01:00,3023.21435546875,3075.20947265625,3480.6044921875,2989.818788818676,3006.174360047515,2988.6086020206685,2965.9958987508608,2988.6086020206685,3002.3572631001334,3017.6859985869914,2815.3135738854403,2815.3135738854403
2013-12-18 17:20:00+01:00,2955.8095703125,3023.21435546875,3174.12841796875,2976.7058561476524,2979.8230717669617,2955.458846513346,2945.0534128952904,2955.458846513346,2973.824158214732,2942.9425171602143,2787.3245673617166,2787.3245673617166
2013-12-18 17:30:00+01:00,2909.4140625,2955.8095703125,3291.367919921875,2955.2911145716903,2953.331651727248,2928.150746495515,2919.85364620938,2928.150746495515,2968.80249939643,2942.3389382040964,2802.16102579153,2802.16102579153
2013-12-18 17:40:00+01:00,2701.296875,2909.4140625,3078.240234375,2892.1815856210815,2908.763783659492,2881.834433611978,2875.124300927772,2881.834433611978,2918.21118860043,2860.219318596687,2771.9523341422737,2771.9523341422737
2013-12-18 17:50:00+01:00,2824.24462890625,2701.296875,2965.453125,2742.5252155560224,2833.3836463062194,2810.566375057416,2797.731482419499,2810.566375057416,2841.38561311277,2767.9212531076023,2699.243341553146,2699.243341553146
2013-12-18 18:00:00+01:00,2610.1591796875,2824.24462890625,3164.623046875,2746.795121150854,2791.115673965907,2774.4526477669087,2751.766300816775,2774.4526477669087,2865.858464742222,2792.7839337226096,2682.849960254545,2682.849960254545
2013-12-18 18:10:00+01:00,2438.9462890625,2610.1591796875,3204.41455078125,2588.733709286804,2727.2838675991998,2719.8324533363943,2690.3456485895035,2719.8324533363943,2782.8919536894578,2682.930846475175,2615.717884375663,2615.717884375663
2013-12-18 18:20:00+01:00,2638.44189453125,2438.9462890625,2884.510986328125,2478.417749971479,2627.0795299132187,2627.74775511104,2591.8438612771297,2627.74775511104,2671.7362835636363,2570.390180250879,2537.4393271935683,2537.4393271935683
2013-12-18 18:30:00+01:00,2572.860595703125,2638.44189453125,3250.847900390625,2488.3626163946547,2583.9961993528286,2594.2248539888856,2548.600716212353,2594.2248539888856,2712.1630884100923,2617.3992665169158,2541.9704936214303,2541.9704936214303
2013-12-18 18:40:00+01:00,2564.82666015625,2572.860595703125,3205.89697265625,2429.931639875098,2537.750537688977,2552.372432249027,2509.441206082039,2552.372432249027,2665.1413285529743,2557.9705730106675,2497.0882379487944,2497.0882379487944
2013-12-18 18:50:00+01:00,2356.019287109375,2564.82666015625,2673.7333984375,2450.380457391563,2469.762420298109,2478.4338034761868,2447.5190277105835,2478.4338034761868,2554.8667091578545,2450.5182115470834,2464.418467112304,2464.418467112304
2013-12-18 19:00:00+01:00,2361.87744140625,2356.019287109375,3022.727783203125,2312.1147573093044,2402.7474779509203,2418.0960495048375,2384.12680741414,2418.0960495048375,2511.8622609200756,2359.840886173967,2344.5997359395074,2344.5997359395074
2013-12-18 19:10:00+01:00,2249.489990234375,2361.87744140625,3384.589599609375,2267.089731564969,2357.877923431559,2383.422368739586,2344.8121374799875,2383.422368739586,2517.975413948879,2382.2326612874494,2322.1447392189307,2322.1447392189307
2013-12-18 19:20:00+01:00,2056.95068359375,2249.489990234375,2868.199951171875,2149.498191857294,2278.9719271031404,2304.937248207575,2271.7355262476594,2304.937248207575,2369.3526936392996,2243.7015292026294,2199.887794787289,2199.887794787289
2013-12-18 19:30:00+01:00,2078.265869140625,2056.95068359375,2660.860107421875,2022.791719604118,2172.482439135687,2201.358917760563,2165.54216550821,2201.358917760563,2219.8273593802483,2120.0431443401053,2080.3269332646296,2080.3269332646296
2013-12-18 19:40:00+01:00,2282.870361328125,2078.265869140625,2573.25634765625,1967.3903652886297,2078.320515946804,2109.865595388268,2069.7066409974577,2109.865595388268,2135.9568257441406,2049.7480690319603,2010.8896906795258,2010.8896906795258
2013-12-18 19:50:00+01:00,2069.83203125,2282.870361328125,2610.762451171875,2012.845995362624,2028.834833160814,2058.5396513191386,2022.382981811263,2058.5396513191386,2167.5082312890563,2078.112158769388,2019.3214307900212,2019.3214307900212
2013-12-18 20:00:00+01:00,1856.33984375,2069.83203125,2081.94921875,1935.7961463980319,1938.9938043316552,1958.6074339289933,1937.7677067254751,1958.6074339289933,1982.3109966446846,1905.2244969190533,1927.2368128503167,1927.2368128503167
2013-12-18 20:10:00+01:00,1593.684814453125,1856.33984375,1811.2607421875,1831.8809644806802,1821.789011438473,1834.7452211759967,1820.7536081222497,1834.7452211759967,1830.288041318789,1767.4032239700493,1827.615919113106,1827.615919113106
2013-12-18 20:20:00+01:00,1380.718505859375,1593.684814453125,1820.360595703125,1609.2211298610998,1689.2908742274594,1705.5185525204624,1686.262172799306,1705.5185525204624,1692.9816551325077,1623.7063156095091,1682.6274945190082,1682.6274945190082
2013-12-18 20:30:00+01:00,1368.4241943359375,1380.718505859375,1549.0147705078125,1406.3253594713826,1533.7158167977525,1553.4745046908433,1529.3136168120511,1553.4745046908433,1530.843319313019,1475.1194786602027,1569.2688849809126,1569.2688849809126
2013-12-18 20:40:00+01:00,1136.7921142578125,1368.4241943359375,1559.924560546875,1307.172481776566,1410.8161516667672,1435.3354792281966,1407.5626135368277,1435.3354792281966,1458.8495068396746,1411.4867195148947,1462.7945479282698,1462.7945479282698
2013-12-18 20:50:00+01:00,1057.0447998046875,1136.7921142578125,1649.77783203125,1134.387571004626,1288.5347213942132,1320.4867775943817,1290.000175282347,1320.4867775943817,1351.532140336975,1265.6323229338811,1347.7545483853855,1347.7545483853855
2013-12-18 21:00:00+01:00,952.50830078125,1057.0447998046875,1342.12109375,1050.6316228051285,1168.9505775111218,1200.7588373478748,1175.6619128794828,1200.7588373478748,1224.9767430591744,1152.0590784303927,1254.5488703304245,1254.5488703304245
2013-12-18 21:10:00+01:00,885.5504150390625,952.50830078125,1336.4007568359375,931.8109525227958,1064.5340926253336,1097.0094967873265,1074.9624944018185,1097.0094967873265,1147.092206433304,1058.6486610983588,1182.4642803132715,1182.4642803132715
2013-12-18 21:20:00+01:00,945.303955078125,885.5504150390625,1533.396728515625,860.5797340591274,985.793412326538,1021.0352163091559,1001.0905487817389,1021.0352163091559,1097.3572922546387,1011.9183159271121,1110.299930958771,1110.299930958771
2013-12-18 21:30:00+01:00,955.264404296875,945.303955078125,1394.56201171875,852.8107290707131,932.1627024785005,964.5517167708524,954.870918408491,964.5517167708524,1022.2520014540939,969.6363740958219,1056.2163685447551,1056.2163685447551
2013-12-18 21:40:00+01:00,908.5028686523438,955.264404296875,965.4534912109375,846.94943380446,877.5365835046997,899.4740353138617,905.4224844405911,899.4740353138617,923.9205130703573,899.1439769802791,975.1001051828889,975.1001051828889
2013-12-18 21:50:00+01:00,948.1962280273438,908.5028686523438,1036.4664306640625,836.4446113598011,836.3741817323695,852.0537840706849,865.4796077759174,852.0537840706849,888.6485603171743,865.1542352240314,918.0418730477008,918.0418730477008
2013-12-18 22:00:00+01:00,824.9544067382812,948.1962280273438,932.7498168945312,847.0449846576831,806.9727155873759,815.1957931573538,837.5062598261126,815.1957931573538,838.6136500911372,833.9121923434905,873.9196612166932,873.9196612166932
2013-12-18 22:10:00+01:00,795.2902221679688,824.9544067382812,854.468994140625,778.8392472870154,767.5838951058786,770.072594877161,795.66418189,770.072594877161,768.7254577451922,772.4751704198618,805.3436583242258,805.3436583242258
2013-12-18 22:20:00+01:00,611.8898315429688,795.2902221679688,1072.9560546875,751.4153614430155,742.5464455259666,744.3774130569396,768.0989288724754,744.3774130569396,757.4652076189259,763.2427237225281,778.9331086430672,778.9331086430672
2013-12-18 22:30:00+01:00,578.93310546875,611.8898315429688,745.3289184570312,624.4126168752979,682.7967126194424,682.5517975555416,701.9614031824419,682.5517975555416,631.6127433497763,640.5578638447371,661.9921993509269,661.9921993509269
2013-12-18 22:40:00+01:00,579.7583618164062,578.93310546875,629.2533569335938,572.6460833429306,624.1952561332271,623.6642711052089,636.5335042139794,623.6642711052089,580.2272920744017,600.319498580679,604.7932623493365,604.7932623493365
2013-12-18 22:50:00+01:00,505.0706787109375,579.7583618164062,651.8450927734375,528.6638996737107,579.9882936934233,581.3022292758421,589.6503493677955,581.3022292758421,552.1273715764282,576.2729637909473,576.0263662728304,576.0263662728304
2013-12-18 23:00:00+01:00,457.73095703125,505.0706787109375,747.07568359375,482.8389653013039,540.5723624846887,545.2724272087337,549.4701911858215,545.2724272087337,508.7907292781387,542.03125042871,549.5561058207246,549.5561058207246
2013-12-18 23:10:00+01:00,554.7293701171875,457.73095703125,446.07269287109375,446.5663164839503,492.2981918909721,495.4206938566896,499.8389495274183,495.4206938566896,455.929001151337,464.36368065055325,473.0850513187022,473.0850513187022
2013-12-18 23:20:00+01:00,463.8495178222656,554.7293701171875,580.1694946289062,468.02545873280576,473.6568442316054,478.34356958144616,484.11946877874357,478.34356958144616,482.7520678968712,503.13495093893465,500.2584555084833,500.2584555084833
2013-12-18 23:30:00+01:00,405.31707763671875,463.8495178222656,431.2757568359375,427.4163756262423,444.699722171711,448.11619924220827,455.43942180065216,448.11619924220827,431.2075492762708,436.4397016772629,439.85979942668536,439.85979942668536
2013-12-18 23:40:00+01:00,362.2332763671875,405.31707763671875,395.450927734375,404.9309202730218,414.35409166136816,416.6284206718628,422.6753266770396,416.6284206718628,403.627098884963,410.0282365938465,416.8139898039597,416.8139898039597
2013-12-18 23:50:00+01:00,315.83978271484375,362.2332763671875,413.5433044433594,355.487539060253,386.3471446586501,388.5682319498277,392.1256093143776,388.5682319498277,375.15433453646375,379.3323561920688,379.23373598874997,379.23373598874997
2013-12-19 00:00:00+01:00,274.1596984863281,315.83978271484375,328.7937316894531,312.8511585066707,355.62264936812363,356.6974422856219,358.3993672777623,356.6974422856219,339.2370421302976,344.85846472200933,341.1058524213832,341.1058524213832
2013-12-19 00:10:00+01:00,267.6126403808594,274.1596984863281,297.79119873046875,275.2582308843424,325.28627298270715,325.650449124602,325.2381966537397,325.650449124602,312.7423387069702,325.25801673810827,316.0336131449543,316.0336131449543
2013-12-19 00:20:00+01:00,269.434814453125,267.6126403808594,303.2861022949219,256.0148960337639,301.86370731534737,302.17482381193065,301.0398630066149,302.17482381193065,299.0636354825981,312.1658082257458,300.26830566934706,300.26830566934706
2013-12-19 00:30:00+01:00,251.599365234375,269.434814453125,293.0272521972656,246.68294167115698,284.43672738830486,284.6715937437824,284.229704095602,284.6715937437824,285.8456466770603,297.052197394717,280.9868419192283,280.9868419192283
2013-12-19 00:40:00+01:00,241.1107635498047,251.599365234375,448.93402099609375,236.74667531539475,272.4951811280935,275.0101267891266,273.7320387477396,275.0101267891266,280.46822467538857,293.30476332548267,288.1923113565665,288.1923113565665
2013-12-19 00:50:00+01:00,217.61387634277344,241.1107635498047,297.66259765625,229.39978910235948,259.39734334874106,260.7874566107365,260.75611354006725,260.7874566107365,263.7019352873012,275.5716475632832,262.4205789500079,262.4205789500079
2013-12-19 01:00:00+01:00,203.93836975097656,217.61387634277344,288.0597839355469,212.18474751066074,245.4142771199823,246.5425399729075,246.17279614975052,246.5425399729075,249.5585489377086,257.47498554055625,248.60892931049966,248.60892931049966
2013-12-19 01:10:00+01:00,204.19021606445312,203.93836975097656,235.02210998535156,199.63180433150663,231.66743838135633,231.77611104877303,231.49130145780424,231.77611104877303,238.14582535184846,246.6389876601233,229.34493210390426,229.34493210390426
2013-12-19 01:20:00+01:00,169.83192443847656,204.19021606445312,296.4831237792969,192.81772596628903,222.14617852337295,223.13713011566432,222.40102789321972,223.13713011566432,231.84399387765444,237.472088351068,227.32208360567685,227.32208360567685
2013-12-19 01:30:00+01:00,162.96949768066406,169.83192443847656,327.796875,172.39450694399127,210.71536170005248,212.49156813042802,210.25085092918187,212.49156813042802,213.03097327369716,224.5219974397933,208.44848327913647,208.44848327913647
2013-12-19 01:40:00+01:00,188.53651428222656,162.96949768066406,300.73004150390625,164.0267929492959,200.48743312801383,202.3228520618203,199.69323507183486,202.3228520618203,205.28371874639018,214.59488867522765,195.7712582653499,195.7712582653499
2013-12-19 01:50:00+01:00,145.82473754882812,188.53651428222656,282.3535461425781,168.29197022577995,195.4383229805445,197.66708256214923,196.10481146540366,197.66708256214923,208.61466358060935,215.02377026538542,199.64337928282944,199.64337928282944
2013-12-19 02:00:00+01:00,147.122802734375,145.82473754882812,395.5361633300781,149.34706781777894,186.8712689144125,190.86823680610652,187.2078649734986,190.86823680610652,194.64086677004022,203.25169907721119,191.18764733731365,191.18764733731365
2013-12-19 02:10:00+01:00,160.853271484375,147.122802734375,213.57557678222656,149.74491076544672,178.73693939039288,180.85905657440577,178.38363867444588,180.85905657440577,184.87666321714318,194.68255693760227,172.24405682798084,172.24405682798084
2013-12-19 02:20:00+01:00,167.06288146972656,160.853271484375,240.49989318847656,147.63767355194767,173.94407454446116,176.4576787005482,174.62665015634346,176.4576787005482,187.07810332988868,190.86421653545847,175.95638519739876,175.95638519739876
2013-12-19 02:30:00+01:00,144.11837768554688,167.06288146972656,222.01194763183594,153.78404056598708,171.1546331356667,173.73718058466494,172.65287425646335,173.73718058466494,185.6223084575787,190.10940621976755,172.81855848582956,172.81855848582956
2013-12-19 02:40:00+01:00,168.7206573486328,144.11837768554688,247.29656982421875,146.95316411648068,166.55212576598862,169.64623785465972,167.67963364422684,169.64623785465972,176.65275834895786,182.90683722973924,168.59073231814554,168.59073231814554
2013-12-19 02:50:00+01:00,163.07359313964844,168.7206573486328,244.7960205078125,157.95854870981344,166.31952555944622,169.92931924575313,168.49534481069333,169.92931924575313,182.95223398268342,190.40101449564972,174.12226073968074,174.12226073968074
2013-12-19 03:00:00+01:00,140.69020080566406,163.07359313964844,220.4600372314453,153.85625337937682,165.3626034510828,169.1412428201729,167.68137791748487,169.1412428201729,177.6691032657885,183.5014345547462,169.78902121390252,169.78902121390252
2013-12-19 03:10:00+01:00,169.99310302734375,140.69020080566406,239.7758026123047,147.85775279111635,162.1816444206247,166.3484861460132,163.6485193989043,166.3484861460132,173.49522319282056,181.3718317250471,166.04658175161848,166.04658175161848
2013-12-19 03:20:00+01:00,146.30841064453125,169.99310302734375,230.21942138671875,158.6283164276693,163.4723071491733,168.05651677033873,165.86142322364492,168.05651677033873,178.3973804830021,186.42522948363822,173.7187321231783,173.7187321231783
2013-12-19 03:30:00+01:00,139.7334442138672,146.30841064453125,223.0183563232422,146.04510069219208,161.67430193383615,166.4535558668958,163.3704498967098,166.4535558668958,169.31931094129965,177.0779154831928,160.76073880042222,160.76073880042222
2013-12-19 03:40:00+01:00,157.53611755371094,139.7334442138672,235.0269012451172,146.45009324095605,159.81081593812587,164.84683789820355,160.9516512785317,164.84683789820355,170.7675245666621,178.49174654446216,161.81861154957966,161.81861154957966
2013-12-19 03:50:00+01:00,149.20889282226562,157.53611755371094,233.7168731689453,149.48109209114273,160.78977186793782,166.28569902036256,162.5581042694961,166.28569902036256,175.08080762987584,180.69290192518798,166.0418088034404,166.0418088034404
2013-12-19 04:00:00+01:00,137.0398712158203,149.20889282226562,213.24581909179688,146.91891226218561,160.56952377129323,166.06233344823823,162.14472537573715,166.06233344823823,169.51482575834862,176.649640221313,162.033552514143,162.033552514143
2013-12-19 04:10:00+01:00,161.4236297607422,137.0398712158203,229.92974853515625,144.0300558412884,159.28497736305042,165.01993716925236,160.28603262267237,165.01993716925236,169.11723825990404,177.8398655365933,162.13180679326084,162.13180679326084
2013-12-19 04:20:00+01:00,149.15988159179688,161.4236297607422,241.87693786621094,153.24411362409157,161.8664698920879,168.3134385127596,163.8497707257493,168.3134385127596,176.9575835447791,185.26996981329992,170.04904137447787,170.04904137447787
2013-12-19 04:30:00+01:00,137.69418334960938,149.15988159179688,403.520751953125,148.2759241795566,164.2622755741398,173.6730235173634,166.8420404997736,173.6730235173634,176.06235569086263,189.11730978695934,175.0605883554037,175.0605883554037
2013-12-19 04:40:00+01:00,167.3306121826172,137.69418334960938,221.8316650390625,146.85359826500346,163.69577276576086,171.62524752782895,165.1725279237815,171.62524752782895,168.9229885212652,180.97014183147238,163.51865932328505,163.51865932328505
2013-12-19 04:50:00+01:00,163.06259155273438,167.3306121826172,279.66064453125,158.05243619932037,167.55959755226078,176.76966718297666,170.48067512110475,176.76966718297666,182.23837292566918,189.5592029864145,174.83062587500882,174.83062587500882
2013-12-19 05:00:00+01:00,148.1273651123047,163.06259155273438,278.8628845214844,158.43318799159465,170.93898955419178,180.98341323319661,174.32011635298923,180.98341323319661,181.55368363350053,190.11517890174403,177.0240854676346,177.0240854676346
2013-12-19 05:10:00+01:00,192.2841339111328,148.1273651123047,226.44154357910156,158.36380224583564,171.6646173890054,181.01362413703964,174.2176441226032,181.01362413703964,178.4597810452463,186.14405810969274,172.10875990177718,172.10875990177718
2013-12-19 05:20:00+01:00,164.71340942382812,192.2841339111328,228.36318969726562,178.6412060889026,178.33780771303978,188.11857804004237,182.53634969599403,188.11857804004237,191.43682934574903,199.06858603437726,183.56146699594424,183.56146699594424
2013-12-19 05:30:00+01:00,144.27452087402344,164.71340942382812,339.11785888671875,168.581277584637,182.77771547870915,194.78381103330977,186.89862234462439,194.78381103330977,191.08164082078386,203.57783459579235,187.71902554790705,187.71902554790705
2013-12-19 05:40:00+01:00,199.8321990966797,144.27452087402344,267.23602294921875,164.75355700491318,183.62370441678718,194.98927640827281,186.11666176894468,194.98927640827281,183.81866485481484,198.0824960296623,182.0697624448388,182.0697624448388
2013-12-19 05:50:00+01:00,156.33419799804688,199.8321990966797,237.3375701904297,185.17735094258174,191.71777146616387,203.19990351515835,196.00534021844885,203.19990351515835,200.78883657937786,211.36192634494822,198.59423979809142,198.59423979809142
2013-12-19 06:00:00+01:00,143.32223510742188,156.33419799804688,239.74742126464844,167.03576775067594,193.282777344077,204.59416507792164,196.252931614055,204.59416507792164,191.67920347554957,202.37055118848986,184.97734747460007,184.97734747460007
2013-12-19 06:10:00+01:00,201.51145935058594,143.32223510742188,229.47183227539062,167.76631727581548,193.2791294237196,203.66180283812037,194.56605440057032,203.66180283812037,192.9735027515285,203.70393914440305,189.35171199628036,189.35171199628036
2013-12-19 06:20:00+01:00,182.49237060546875,201.51145935058594,251.98468017578125,187.39036179593325,202.73616367551185,213.86558565501238,206.07428642685574,213.86558565501238,211.2758675655096,224.20159855878208,208.43084380572768,208.43084380572768
2013-12-19 06:30:00+01:00,133.89031982421875,182.49237060546875,225.1664581298828,185.5954723115754,208.64843461637636,219.5891575278613,212.03547898656433,219.5891575278613,208.8854697347197,217.84330026417533,201.83769917714386,201.83769917714386
2013-12-19 06:40:00+01:00,189.73953247070312,133.89031982421875,298.3381652832031,170.68387227113462,208.20963596107143,219.60272415806213,208.75506013915918,219.60272415806213,207.87401340754383,225.54541453259458,205.86339215069353,205.86339215069353
2013-12-19 06:50:00+01:00,187.9349365234375,189.73953247070312,274.0801086425781,191.83055082459688,217.63874409341494,229.2099227414648,219.59401980824302,229.2099227414648,228.54630599564848,247.1026151863157,227.0155448580869,227.0155448580869
2013-12-19 07:00:00+01:00,209.46092224121094,187.9349365234375,275.13665771484375,188.62050822569717,226.17599736614295,238.36175129567908,228.90791898395534,238.36175129567908,229.9012183560792,244.30584205124876,227.7451577439574,227.7451577439574
2013-12-19 07:10:00+01:00,197.42626953125,209.46092224121094,301.25775146484375,220.46124662269239,238.97631500119937,252.2236065748807,243.04285776655166,252.2236065748807,261.07894868598294,274.99578137371753,259.90754017266244,259.90754017266244
2013-12-19 07:20:00+01:00,212.63690185546875,197.42626953125,353.8493347167969,219.31055211378745,251.2173137084998,265.88785102673194,255.27263604650398,265.88785102673194,267.59978566681013,286.4123368010654,260.9926326603026,260.9926326603026
2013-12-19 07:30:00+01:00,216.06082153320312,212.63690185546875,410.3767395019531,234.7658877267923,267.5787359061177,284.0067180271066,272.11391012446273,284.0067180271066,289.6788701308075,314.48146120861617,282.640597674594,282.640597674594
2013-12-19 07:40:00+01:00,261.4317321777344,216.06082153320312,356.0628356933594,238.63840368184893,282.43935062381337,299.0931754025562,287.13009996988916,299.0931754025562,303.56950428724997,323.4026537455908,298.38546737725756,298.38546737725756
2013-12-19 07:50:00+01:00,296.27099609375,261.4317321777344,390.3722839355469,272.74923760644793,305.39173690791995,323.4305506609715,311.8679790028235,323.4305506609715,340.8408902335609,368.5050523609149,332.7751557249605,332.7751557249605
2013-12-19 08:00:00+01:00,342.7618408203125,296.27099609375,449.08648681640625,305.35054258516965,335.6278568617562,355.59166896998113,344.3758679191792,355.59166896998113,364.6308137160797,399.4412405330005,369.54649113992735,369.54649113992735
2013-12-19 08:10:00+01:00,346.69256591796875,342.7618408203125,606.3141479492188,357.5158899786078,378.83188786799684,401.77872985445174,390.2328594690222,401.77872985445174,424.69931242440606,475.72387538218885,434.90941816552163,434.90941816552163
2013-12-19 08:20:00+01:00,422.22979736328125,346.69256591796875,519.136962890625,384.4740437780936,419.20651810170386,441.6059379575422,431.6090340097753,441.6059379575422,451.0132003454515,491.44678449539845,451.68375831034984,451.68375831034984
2013-12-19 08:30:00+01:00,488.4607849121094,422.22979736328125,543.1250610351562,448.2872924786239,470.741499932095,492.5172498532385,484.2352244609743,492.5172498532385,525.6844408338427,554.8848052573088,522.4018800302,522.4018800302
2013-12-19 08:40:00+01:00,604.7330932617188,488.4607849121094,737.9160766601562,506.5034976917244,539.3373554881468,561.4868048838244,553.072609469571,561.4868048838244,591.860591927777,623.594240872657,587.0964649472611,587.0964649472611
2013-12-19 08:50:00+01:00,607.3706665039062,604.7330932617188,878.5917358398438,616.6052576322217,629.6550685797099,650.309812120827,643.9235646199995,650.309812120827,706.8261034301775,735.696152072349,709.0470010650378,709.0470010650378
2013-12-19 09:00:00+01:00,717.0960693359375,607.3706665039062,940.3499755859375,670.0300938596331,718.138567850237,735.1864271295132,729.6915266481369,735.1864271295132,767.7217109897294,773.6322518972814,758.00143381073,758.00143381073
2013-12-19 09:10:00+01:00,744.4126586914062,717.0960693359375,985.9354858398438,778.8673715837997,815.4051966095749,828.0692541051384,822.3708548696272,828.0692541051384,885.9581877853022,868.9043029039971,888.1093774561132,888.1093774561132
2013-12-19 09:20:00+01:00,885.869140625,744.4126586914062,1171.78466796875,822.4132625244974,911.7332349487245,922.3488301919712,911.485350406326,922.3488301919712,963.0981579402522,937.1003224476044,954.982847538382,954.982847538382
2013-12-19 09:30:00+01:00,956.9750366210938,885.869140625,1372.5875244140625,951.7519150339828,1022.674324573549,1032.6848690086288,1015.0726842428934,1032.6848690086288,1071.825754755857,1073.5774796219123,1064.403583788919,1064.403583788919
2013-12-19 09:40:00+01:00,974.4222412109375,956.9750366210938,1200.8807373046875,1034.4732325191258,1113.9416188164346,1121.8776509105596,1103.0750715977192,1121.8776509105596,1101.6112994619473,1106.2792234015196,1117.0248144883833,1117.0248144883833
2013-12-19 09:50:00+01:00,1099.8968505859375,974.4222412109375,1378.6602783203125,1109.5018011216562,1196.9685772214907,1208.066674610714,1180.9567262266253,1208.066674610714,1209.7797132261164,1203.8144887978297,1234.1497037252489,1234.1497037252489
2013-12-19 10:00:00+01:00,1223.0264892578125,1099.8968505859375,1436.4906005859375,1212.456640245857,1281.3310725578053,1295.7926883635544,1262.1424249139802,1295.7926883635544,1282.1988180870906,1293.8104023710362,1284.7257177372117,1284.7257177372117
2013-12-19 10:10:00+01:00,1343.7740478515625,1223.0264892578125,1531.610107421875,1315.6607771863712,1370.3970830885266,1388.1112428941292,1350.0052953282693,1388.1112428941292,1398.1864583920187,1437.2258492062358,1411.906130329709,1411.906130329709
2013-12-19 10:20:00+01:00,1372.371337890625,1343.7740478515625,1810.7271728515625,1451.7465828488,1475.2945240541335,1496.9837134998209,1453.7787771995393,1496.9837134998209,1479.9866400411402,1557.9308293504712,1512.1451278387274,1512.1451278387274
2013-12-19 10:30:00+01:00,1541.025390625,1372.371337890625,1808.5103759765625,1530.502912114749,1564.9008429958126,1588.456847664339,1546.1335454179343,1588.456847664339,1552.1170272791985,1626.8195034389566,1578.126853199404,1578.126853199404
2013-12-19 10:40:00+01:00,1538.6102294921875,1541.025390625,2152.236083984375,1669.4626820227975,1678.2238692477922,1704.5863246024294,1658.5176487527924,1704.5863246024294,1658.9816132605174,1794.4748447562802,1705.4263748290375,1705.4263748290375
2013-12-19 10:50:00+01:00,1767.814453125,1538.6102294921875,2463.396240234375,1704.5037294991382,1786.076250333873,1815.5760146512475,1767.1377285288636,1815.5760146512475,1784.4286780413518,1904.0735267133289,1799.3402169636513,1799.3402169636513
2013-12-19 11:00:00+01:00,1720.5001220703125,1767.814453125,2421.66845703125,1882.5227855407022,1900.3403225461782,1927.1616483859093,1882.2341591062823,1927.1616483859093,1858.5901364532976,2028.482592477468,1891.3582101080742,1891.3582101080742
2013-12-19 11:10:00+01:00,1655.297607421875,1720.5001220703125,2478.26220703125,1889.7489215615635,1988.3271601743184,2013.9264015959636,1972.3613353298808,2013.9264015959636,1899.2478890453003,2051.834308421884,1960.657405274899,1960.657405274899
2013-12-19 11:20:00+01:00,1764.896240234375,1655.297607421875,2504.70654296875,1900.563694514766,2043.2723008296164,2071.2538521998467,2027.71742876324,2071.2538521998467,1940.144478516581,2110.3777494731125,1994.6121762975356,1994.6121762975356
2013-12-19 11:30:00+01:00,1819.6341552734375,1764.896240234375,2712.789306640625,1929.2504035141842,2104.7020326062107,2135.8557897019546,2084.6632443528483,2135.8557897019546,2054.7357574024268,2241.1666177669413,2102.9758286874885,2102.9758286874885
2013-12-19 11:40:00+01:00,2052.695556640625,1819.6341552734375,2844.146728515625,1950.7546886832263,2163.359067741652,2195.7642517389068,2139.806728104494,2195.7642517389068,2127.7948816735297,2333.7345864485014,2206.9032427964958,2206.9032427964958
2013-12-19 11:50:00+01:00,2101.996826171875,2052.695556640625,2794.57763671875,2112.2150282765415,2237.401519574193,2264.1702519325854,2210.8908923760573,2264.1702519325854,2224.5530253805973,2442.28883987975,2312.1969007829407,2312.1969007829407
2013-12-19 12:00:00+01:00,2135.13525390625,2101.996826171875,2787.752197265625,2186.3737715904062,2305.524191979605,2324.869777344921,2279.179316571464,2324.869777344921,2297.4063985874077,2491.930067297622,2356.284929689927,2356.284929689927
2013-12-19 12:10:00+01:00,2269.46142578125,2135.13525390625,3066.84228515625,2269.4834643609556,2379.7170310586885,2394.083173012279,2352.771318810008,2394.083173012279,2376.5380547169307,2583.429817810607,2463.7379347523215,2463.7379347523215
2013-12-19 12:20:00+01:00,2298.472900390625,2269.46142578125,3377.993896484375,2350.7131656380575,2471.917240597958,2479.7230074657978,2444.011975452296,2479.7230074657978,2496.0662151324386,2702.4531993991877,2565.705349451902,2565.705349451902
2013-12-19 12:30:00+01:00,2442.743408203125,2298.472900390625,2602.69384765625,2386.918521387289,2507.103189802998,2501.986150803011,2484.6685479501657,2501.986150803011,2463.8041685596318,2638.0215201716574,2587.3111652096118,2587.3111652096118
2013-12-19 12:40:00+01:00,2534.78076171875,2442.743408203125,2806.23046875,2496.2521370759355,2564.354881631258,2552.7478431647414,2539.0448364010913,2552.7478431647414,2583.5903473827566,2771.2838520091877,2668.7595902476382,2668.7595902476382
2013-12-19 12:50:00+01:00,2562.87890625,2534.78076171875,3819.322265625,2567.3689064898026,2675.672677164399,2661.8065694238676,2646.4951403370474,2661.8065694238676,2805.641961879359,2942.357360149987,2825.768413850318,2825.768413850318
2013-12-19 13:00:00+01:00,2649.3837890625,2562.87890625,3434.330810546875,2627.6767581465415,2751.346466560995,2727.7343742691473,2727.7750293334125,2727.7343742691473,2829.2351502108013,2941.5645198423485,2869.8079085430586,2869.8079085430586
2013-12-19 13:10:00+01:00,3079.733642578125,2649.3837890625,3432.62451171875,2694.0784350880585,2820.5444054180316,2789.673565719481,2798.516421866752,2789.673565719481,2923.7445579611262,3018.6834101456216,2968.5091543391163,2968.5091543391163
2013-12-19 13:20:00+01:00,2879.3525390625,3079.733642578125,3517.03271484375,2932.1602645069424,2929.9136443665507,2885.355398321735,2905.7762165296253,2885.355398321735,3049.3998353160573,3205.902238349113,3132.29363507294,3132.29363507294
2013-12-19 13:30:00+01:00,3051.982421875,2879.3525390625,3574.948974609375,2917.727968444405,3002.8239685556064,2950.059005701005,2982.952109372346,2950.059005701005,3029.3810649445204,3156.7902561446517,3159.344725203433,3159.344725203433
2013-12-19 13:40:00+01:00,3203.68798828125,3051.982421875,3910.560302734375,3085.8370610735556,3093.4188359188565,3035.4345850099903,3072.412753568684,3035.4345850099903,3178.43273780117,3310.935909081384,3272.110270537334,3272.110270537334
2013-12-19 13:50:00+01:00,3184.920166015625,3203.68798828125,3948.373046875,3135.9742481161143,3183.395057899304,3117.436286442371,3162.182291624998,3117.436286442371,3234.9846938964947,3369.7318492035943,3320.6173496712267,3320.6173496712267
2013-12-19 14:00:00+01:00,3255.81982421875,3184.920166015625,4082.55322265625,3194.6299480185094,3257.561213069386,3187.1672104319214,3236.125255595293,3187.1672104319214,3284.8013162038146,3422.93307842048,3305.39422386731,3305.39422386731
2013-12-19 14:10:00+01:00,3134.402099609375,3255.81982421875,3696.05029296875,3266.1698989691135,3298.0676114737944,3222.926875688057,3273.7914345221066,3222.926875688057,3241.130418416513,3404.237380912506,3259.565841597118,3259.565841597118
2013-12-19 14:20:00+01:00,3258.15185546875,3134.402099609375,3813.781005859375,3205.697154395422,3315.7593327504055,3244.660495933445,3284.220621176455,3244.660495933445,3250.2158438266106,3380.044701477903,3225.7302098906916,3225.7302098906916
2013-12-19 14:30:00+01:00,3144.569091796875,3258.15185546875,3699.967041015625,3268.719012148009,3328.5833792846756,3260.553086194428,3286.5489376221794,3260.553086194428,3250.8245965644323,3380.1799532503633,3193.1782253853316,3193.1782253853316
2013-12-19 14:40:00+01:00,3201.75244140625,3144.569091796875,3733.68896484375,3196.5895160950663,3321.9038343569255,3260.821135861126,3270.887136158251,3260.821135861126,3223.754720386678,3355.2872230274415,3156.7760775795773,3156.7760775795773
2013-12-19 14:50:00+01:00,2828.012451171875,3201.75244140625,3412.603271484375,3240.427877282834,3297.4957918710343,3240.919565170829,3237.504594918108,3240.919565170829,3154.7157068914357,3306.616756850969,3093.63062227498,3093.63062227498
2013-12-19 15:00:00+01:00,3105.19873046875,2828.012451171875,3413.813720703125,3015.6677298800737,3225.920756507912,3184.3627065082655,3158.2935451293342,3184.3627065082655,3041.9584946113405,3151.773303799049,2981.6779420575212,2981.6779420575212
2013-12-19 15:10:00+01:00,2825.02685546875,3105.19873046875,3381.821533203125,3118.5933516029695,3191.4997856222394,3158.9633364288266,3113.209308302199,3158.9633364288266,3045.8984707232803,3194.1231974141842,3001.2230870335784,3001.2230870335784
2013-12-19 15:20:00+01:00,2680.8603515625,2825.02685546875,3300.1259765625,2917.7946498385063,3124.6262622567665,3102.6941507441093,3044.3691049499225,3102.6941507441093,2984.057450756593,3080.968350798402,2906.314543292127,2906.314543292127
2013-12-19 15:30:00+01:00,2901.164306640625,2680.8603515625,3139.632080078125,2861.200977948608,3036.1618030333916,3026.696409291502,2954.3632907251217,3026.696409291502,2895.318251899264,3004.266227798873,2819.6197316182115,2819.6197316182115
2013-12-19 15:40:00+01:00,2752.326171875,2901.164306640625,3457.904541015625,2885.1442679505535,3007.979712643194,3007.5199836725146,2925.1572088190806,3007.5199836725146,2939.520138027817,3045.6455957610215,2824.294184335066,2824.294184335066
2013-12-19 15:50:00+01:00,2739.16064453125,2752.326171875,3377.4521484375,2802.9644496929263,2965.463876922128,2969.144771922182,2891.450595412287,2969.144771922182,2913.3353522929215,3008.015740677487,2809.243457608224,2809.243457608224
2013-12-19 16:00:00+01:00,2807.927001953125,2739.16064453125,3643.71533203125,2825.6466520984072,2941.9324833022115,2951.0850835783444,2877.3925637553684,2951.0850835783444,2884.3195821353197,2994.6511874494468,2782.3673911597148,2782.3673911597148
2013-12-19 16:10:00+01:00,2584.647216796875,2807.927001953125,3441.738037109375,2818.260926454669,2920.7280932546814,2927.3362330447317,2866.818977372014,2927.3362330447317,2871.1229932730907,2961.36228041666,2777.140051030338,2777.140051030338
2013-12-19 16:20:00+01:00,2495.2998046875,2584.647216796875,3307.1279296875,2700.174558052727,2867.670521161716,2874.341746427342,2822.8772036859837,2874.341746427342,2812.917724214345,2872.2240486159017,2719.4269281336597,2719.4269281336597
2013-12-19 16:30:00+01:00,2745.706787109375,2495.2998046875,3196.4345703125,2624.787578269887,2800.6068582460543,2809.9658409982744,2759.1930648400676,2809.9658409982744,2765.0929724357125,2799.2531931105077,2662.909113949983,2662.909113949983
2013-12-19 16:40:00+01:00,2450.802734375,2745.706787109375,3302.368408203125,2679.86763912358,2780.4975716794643,2788.540759218946,2740.7038941549413,2788.540759218946,2817.0476705812293,2854.6118572424675,2677.8445108034566,2677.8445108034566
2013-12-19 16:50:00+01:00,2718.5146484375,2450.802734375,3299.547607421875,2532.7606571859424,2728.6331966981434,2737.8544099721066,2695.0912451490663,2737.8544099721066,2733.4258420662627,2751.780533608629,2598.136382447178,2598.136382447178
2013-12-19 17:00:00+01:00,2651.824462890625,2718.5146484375,3301.998291015625,2681.612870338491,2716.4647826793343,2722.2550173127042,2687.1159684338572,2722.2550173127042,2768.816542169617,2804.5629860535555,2627.9756020526575,2627.9756020526575
2013-12-19 17:10:00+01:00,2449.53564453125,2651.824462890625,3395.228271484375,2604.5439580312886,2706.7148147203206,2708.3232456359483,2684.795739574811,2708.3232456359483,2770.573672040969,2783.1048368609727,2599.523740552806,2599.523740552806
2013-12-19 17:20:00+01:00,2364.177001953125,2449.53564453125,3318.209716796875,2543.1796525563723,2666.7364978232904,2667.1813630808992,2650.8258550044557,2667.1813630808992,2708.793665046954,2706.0592970937946,2557.7094528333782,2557.7094528333782
2013-12-19 17:30:00+01:00,2622.1044921875,2364.177001953125,3377.822021484375,2435.56177534477,2617.4902935441382,2621.525200510989,2602.6302917050552,2621.525200510989,2648.601119595335,2628.5959322420454,2493.489992273128,2493.489992273128
2013-12-19 17:40:00+01:00,2355.841064453125,2622.1044921875,3321.280029296875,2493.2370717048348,2601.9866908747185,2603.1881251340556,2586.98648471274,2603.1881251340556,2713.1659060141033,2716.8428711962665,2510.721243084319,2510.721243084319
2013-12-19 17:50:00+01:00,2382.001708984375,2355.841064453125,3116.26123046875,2362.1892275099262,2545.7050269630295,2544.927059564067,2531.775305913606,2544.927059564067,2558.8939335294303,2554.723785568095,2418.2611220708823,2418.2611220708823
2013-12-19 18:00:00+01:00,2420.424560546875,2382.001708984375,3282.072509765625,2383.7436549789,2503.633644129518,2506.2367176197463,2488.3922591652845,2506.2367176197463,2583.3883243841397,2562.75168790589,2411.647957560948,2411.647957560948
2013-12-19 18:10:00+01:00,2299.236328125,2420.424560546875,2920.61669921875,2329.2685372482792,2453.250070287297,2452.1106333303405,2437.5306378355754,2452.1106333303405,2514.2462939894413,2512.2742895264596,2359.7779278679723,2359.7779278679723
2013-12-19 18:20:00+01:00,2240.36767578125,2299.236328125,2913.562744140625,2265.738160961823,2393.936043074865,2393.6638032071855,2377.4838098175137,2393.6638032071855,2487.005623732246,2489.4799285485747,2344.3047036559033,2344.3047036559033
2013-12-19 18:30:00+01:00,2492.787109375,2240.36767578125,3102.237060546875,2211.455194965696,2341.8648108725806,2347.3106946466746,2326.039872984574,2347.3106946466746,2452.7093309652437,2419.0557016420066,2285.6838695789875,2285.6838695789875
2013-12-19 18:40:00+01:00,2202.0068359375,2492.787109375,2826.370361328125,2285.457092607344,2315.286538212751,2315.8944001385776,2302.6851541643823,2315.8944001385776,2443.67649815726,2450.4501666910255,2291.61203715117,2291.61203715117
2013-12-19 18:50:00+01:00,2133.373779296875,2202.0068359375,2730.224365234375,2150.80354611122,2255.3434549775056,2254.3789073293833,2246.0191677227294,2254.3789073293833,2313.0369305753616,2283.298745734581,2206.5058345916996,2206.5058345916996
2013-12-19 19:00:00+01:00,2326.3212890625,2133.373779296875,2674.45556640625,2116.5736303412064,2188.4293722765806,2189.477477805786,2179.471497734483,2189.477477805786,2297.5865353525205,2250.6268539099015,2182.0961613641944,2182.0961613641944
2013-12-19 19:10:00+01:00,1970.2568359375,2326.3212890625,2740.416015625,2121.9969536345775,2157.3362331226776,2158.504168976712,2150.439200973502,2158.504168976712,2302.8661748520703,2265.3885977869827,2163.569488553176,2163.569488553176
2013-12-19 19:20:00+01:00,1808.8306884765625,1970.2568359375,2972.8369140625,1943.748817849154,2096.8282913631597,2105.0846954572785,2093.554349812467,2105.0846954572785,2218.9236028262426,2148.07481518114,2079.0676897957605,2079.0676897957605
2013-12-19 19:30:00+01:00,1778.773193359375,1808.8306884765625,2737.4091796875,1836.7997071549155,2005.1643427550964,2020.1147771641054,2001.4771496119554,2020.1147771641054,2065.0682806556597,2001.8838382523056,1960.5399699173652,1960.5399699173652
2013-12-19 19:40:00+01:00,1635.787841796875,1778.773193359375,2659.536376953125,1709.5172357850827,1914.2799832169005,1936.6548235209498,1907.7860116909458,1936.6548235209498,2001.0296831856342,1934.0075718127885,1904.4984153899152,1904.4984153899152
2013-12-19 19:50:00+01:00,1787.263671875,1635.787841796875,2739.463134765625,1586.10802793945,1817.8497616875852,1850.4321514278986,1809.8408141020536,1850.4321514278986,1922.658316091074,1846.8820039532015,1796.2054120870148,1796.2054120870148
2013-12-19 20:00:00+01:00,1440.8885498046875,1787.263671875,2150.385009765625,1623.221506753485,1732.0074312866793,1760.8289610130173,1724.2897327360572,1760.8289610130173,1838.0686057779162,1774.0454910917765,1754.152326504569,1754.152326504569
2013-12-19 20:10:00+01:00,1445.564453125,1440.8885498046875,2196.94677734375,1430.4371007809527,1618.9618951930004,1651.6798557980528,1610.2239460178073,1651.6798557980528,1657.981129245675,1592.2760060380524,1594.330272878539,1594.330272878539
2013-12-19 20:20:00+01:00,1165.5589599609375,1445.564453125,1875.779052734375,1406.7739734395745,1511.9848063744157,1543.4957920894497,1503.0181048590484,1543.4957920894497,1560.60115007131,1512.8705695591775,1530.6087025287804,1530.6087025287804
2013-12-19 20:30:00+01:00,983.6175537109375,1165.5589599609375,1743.6796875,1181.645666486152,1380.6359670383156,1413.7406406055359,1369.842589180158,1413.7406406055359,1383.2787800799501,1323.8454582042505,1371.7509822282861,1371.7509822282861
2013-12-19 20:40:00+01:00,1067.572509765625,983.6175537109375,1541.808837890625,1037.4026330566367,1238.3328946341194,1273.1505710988529,1224.711796334875,1273.1505710988529,1224.9465927872786,1204.8622465513172,1255.59424295405,1255.59424295405
2013-12-19 20:50:00+01:00,1064.6182861328125,1067.572509765625,1433.248046875,991.2626170877393,1137.9333143023798,1171.9556742498232,1127.30920814185,1171.9556742498232,1141.7960439358699,1140.0491194325862,1191.0605501314685,1191.0605501314685
2013-12-19 21:00:00+01:00,953.1277465820312,1064.6182861328125,1469.745849609375,955.763974592439,1067.91886821221,1100.1907266256885,1066.017782776494,1100.1907266256885,1115.7600217618367,1104.3022437158124,1140.6116042847582,1140.6116042847582
2013-12-19 21:10:00+01:00,991.1118774414062,953.1277465820312,1341.044921875,915.752150616003,999.7765905957875,1026.9728027023102,1005.741381900681,1026.9728027023102,1017.1915979364571,1014.8247828664449,1078.9138042654297,1078.9138042654297
2013-12-19 21:20:00+01:00,837.1151733398438,991.1118774414062,1242.414794921875,912.8149355422801,951.6214167413757,972.2495272393667,964.6259545134999,972.2495272393667,985.3741419979131,981.611523883505,1022.9624195834347,1022.9624195834347
2013-12-19 21:30:00+01:00,743.827880859375,837.1151733398438,1241.8189697265625,812.6465126730193,896.7551817882311,913.1241406439698,912.2643400069254,913.1241406439698,895.5200865477524,906.9440650686934,958.0421888092251,958.0421888092251
2013-12-19 21:40:00+01:00,719.1316528320312,743.827880859375,1087.632080078125,746.1387149553292,834.5714082883298,846.6962412515396,848.2848037189449,846.6962412515396,822.9575090145706,839.2249170805777,892.883510646253,892.883510646253
2013-12-19 21:50:00+01:00,640.91259765625,719.1316528320312,1074.011962890625,684.7923839834534,781.4067518538058,792.0917693990049,793.5205147141106,792.0917693990049,767.7910466104556,795.6807327026614,830.7136826199796,830.7136826199796
2013-12-19 22:00:00+01:00,713.2597045898438,640.91259765625,960.9234619140625,618.5956002857197,724.5219969289492,734.0501987139379,734.4786383296214,734.0501987139379,710.4199021225743,731.6201397218751,764.7867504549713,764.7867504549713
2013-12-19 22:10:00+01:00,645.8009033203125,713.2597045898438,754.5193481445312,633.8728737926351,681.8590969056377,688.1838337342837,692.5924196694826,688.1838337342837,686.0699199081652,705.2914633805715,725.4689532876538,725.4689532876538
2013-12-19 22:20:00+01:00,572.827392578125,645.8009033203125,762.4219970703125,591.7426254439148,642.1008037268354,647.8839606142121,653.4922032870071,647.8839606142121,649.6133565158538,664.4917107332136,683.5637338140464,683.5637338140464
2013-12-19 22:30:00+01:00,602.1082763671875,572.827392578125,659.2328491210938,559.1406151201396,598.5072772117118,602.9444258653753,608.6311587633728,602.9444258653753,598.0228452409876,606.4984611922217,619.0566714914049,619.0566714914049
2013-12-19 22:40:00+01:00,612.7760620117188,602.1082763671875,555.5826416015625,546.3149702902193,564.2723416154855,566.907449323983,574.4357271865019,566.907449323983,574.386677591763,585.5621951295233,599.5550816610681,599.5550816610681
2013-12-19 22:50:00+01:00,511.6283874511719,612.7760620117188,580.980224609375,537.0772572214202,541.0731331384618,543.8172295352958,553.2617150527914,543.8172295352958,558.8446839682606,572.2814954722837,582.6087538579244,582.6087538579244
2013-12-19 23:00:00+01:00,441.1131591796875,511.6283874511719,525.537109375,494.1184674170755,509.6675720763491,511.8902186169282,520.469388325645,511.8902186169282,514.0461833482815,518.1060087425134,535.2628281650747,535.2628281650747
2013-12-19 23:10:00+01:00,420.68939208984375,441.1131591796875,554.5878295898438,443.74917411605475,476.88281022241677,479.98313643665676,484.8138224092099,479.98313643665676,483.87283331743737,482.71876404722934,500.1155924714047,500.1155924714047
2013-12-19 23:20:00+01:00,422.763916015625,420.68939208984375,662.1505126953125,401.7221923885351,451.42923546465926,457.2507278634582,458.793654857626,457.2507278634582,465.73184126166655,465.15025007023024,470.97895148856804,470.97895148856804
2013-12-19 23:30:00+01:00,424.8138122558594,422.763916015625,521.4916381835938,383.56387483672927,427.2887705803338,433.1192551444296,434.59361472638557,433.1192551444296,437.5251813353934,437.1469992158093,447.2061924207355,447.2061924207355
2013-12-19 23:40:00+01:00,384.1681213378906,424.8138122558594,450.0863952636719,379.31980038237606,405.8812201666707,411.53061037719897,413.51802135957234,411.53061037719897,421.36044830910953,423.27775178781764,435.29107089608425,435.29107089608425
2013-12-19 23:50:00+01:00,292.08990478515625,384.1681213378906,445.55487060546875,359.68798231669325,384.01242482477556,390.0651087290834,391.1131315831323,390.0651087290834,399.05698073505886,398.294782507475,405.3590033927497,405.3590033927497
2013-12-20 00:00:00+01:00,320.8548583984375,292.08990478515625,420.5939025878906,305.78840070908467,353.59608041413804,359.33007107929,356.75967093530255,359.33007107929,354.5165706956978,355.09707522715854,364.16842166086036,364.16842166086036
2013-12-20 00:10:00+01:00,295.08880615234375,320.8548583984375,370.5354919433594,298.81972727625447,332.4989937829581,337.5599112132517,335.0002658035452,337.5599112132517,345.91625115243977,353.3714654849491,355.156432880718,355.156432880718
2013-12-20 00:20:00+01:00,295.93072509765625,295.08880615234375,346.0765686035156,270.3597695731508,312.0395166897971,316.7829958368238,314.14894667810967,316.7829958368238,319.7731196259575,324.6870685303922,330.3181257869223,330.3181257869223
2013-12-20 00:30:00+01:00,256.0935363769531,295.93072509765625,369.6181640625,273.51878272801576,297.23987723679824,302.4991022569719,300.3944821679431,302.4991022569719,313.3906963974981,318.9935439966512,319.57869667172434,319.57869667172434
2013-12-20 00:40:00+01:00,206.02027893066406,256.0935363769531,290.3642272949219,248.10014086176645,279.1037441504236,282.872190089362,280.90925408031484,282.872190089362,283.0842385588654,290.77856406133395,292.3563799330201,292.3563799330201
2013-12-20 00:50:00+01:00,217.92495727539062,206.02027893066406,292.4082946777344,216.10322682615282,257.97715218858025,260.8468762756671,257.32464852593944,260.8468762756671,258.05514315218124,268.87567247467126,271.2047379452654,271.2047379452654
2013-12-20 01:00:00+01:00,242.26107788085938,217.92495727539062,280.55596923828125,207.04635327472909,243.3411867338082,245.54912831003858,242.6367680709026,245.54912831003858,249.11000082580085,260.9059887088116,260.4572963622882,260.4572963622882
2013-12-20 01:10:00+01:00,174.30728149414062,242.26107788085938,241.0023956298828,209.31754157795837,234.39473287223572,235.88183663582888,235.09507675130268,235.88183663582888,243.25137393509186,255.3543469075899,253.484688013648,253.484688013648
2013-12-20 01:20:00+01:00,178.3625030517578,174.30728149414062,269.88397216796875,181.89326669710385,219.1020328378885,220.63704740353643,218.32393876720894,220.63704740353643,216.100951219829,225.91835448675226,227.7345137664873,227.7345137664873
2013-12-20 01:30:00+01:00,175.1463165283203,178.3625030517578,254.35899353027344,179.50315052905106,208.10232036532742,209.07108908445994,207.0399431860928,209.07108908445994,211.63949319186364,223.55422173849652,222.39443198619506,222.39443198619506
2013-12-20 01:40:00+01:00,152.33877563476562,175.1463165283203,235.02427673339844,164.33317822900904,198.73224576080375,199.28500648072605,197.77707506654247,199.28500648072605,200.0287318850589,210.90565557375743,208.36970133378938,208.36970133378938
2013-12-20 01:50:00+01:00,180.4087371826172,152.33877563476562,238.7946014404297,153.49339085915446,188.36638312857448,188.7739162476562,186.87479651631435,188.7739162476562,188.4625902471641,200.06147527842333,197.74997686622496,197.74997686622496
2013-12-20 02:00:00+01:00,171.04824829101562,180.4087371826172,260.45855712890625,163.7589808390882,184.352116847407,185.5435839882155,184.63380364500355,185.5435839882155,190.90724302552084,201.64664234042974,197.40502791494472,197.40502791494472
2013-12-20 02:10:00+01:00,161.85028076171875,171.04824829101562,241.55755615234375,158.4797910207901,180.01861777266947,181.56210410384284,180.848194256243,181.56210410384284,183.89801988240964,191.9682971990758,189.03439604897747,189.03439604897747
2013-12-20 02:20:00+01:00,185.7802734375,161.85028076171875,262.96099853515625,159.88476125140116,175.7421093989393,178.12296356373633,176.85061748891582,178.12296356373633,182.65040853435673,189.30872353836048,187.51230706972618,187.51230706972618
2013-12-20 02:30:00+01:00,189.96630859375,185.7802734375,260.4234924316406,168.68840624875259,175.41020053355774,178.7693211527812,177.89679009900144,178.7693211527812,188.09102128615098,193.6260937945693,190.64980241864762,190.64980241864762
2013-12-20 02:40:00+01:00,159.5286407470703,189.96630859375,208.14044189453125,172.8065711572448,175.2266036305279,178.53693285761742,178.1126545962145,178.53693285761742,184.01972181581527,188.29579876051346,180.42050285872247,180.42050285872247
2013-12-20 02:50:00+01:00,174.6531982421875,159.5286407470703,232.44422912597656,164.4216125645326,171.73229062868614,175.66303374869503,173.72522214591348,175.66303374869503,177.12899878833892,180.91654611195176,177.28056586108974,177.28056586108974
2013-12-20 03:00:00+01:00,173.67648315429688,174.6531982421875,220.63473510742188,169.10841587418,171.05499430879698,175.27115982729538,173.15803136308847,175.27115982729538,180.75560634815474,183.47949532413634,178.69475891089658,178.69475891089658
2013-12-20 03:10:00+01:00,210.40673828125,173.67648315429688,254.2137451171875,164.202010312684,170.72763492080847,176.29380849131837,173.23631765241436,176.29380849131837,178.06163028898266,182.06296247110978,178.18392776506502,178.18392776506502
2013-12-20 03:20:00+01:00,215.7389678955078,210.40673828125,223.34765625,186.56091348994454,174.61095114107349,181.0047089225285,178.56050752979561,181.0047089225285,188.61438392370252,194.62987333376248,187.04762782947424,187.04762782947424
2013-12-20 03:30:00+01:00,178.2520751953125,215.7389678955078,223.5336151123047,195.5964814172197,178.58819034446628,186.24606580455438,183.50429638586985,186.24606580455438,189.8645140101022,196.4187831960587,189.52899947274034,189.52899947274034
2013-12-20 03:40:00+01:00,188.9014434814453,178.2520751953125,191.43711853027344,187.14968211542077,177.79035419888385,184.94751597699357,180.9186995384888,184.94751597699357,181.35796132177893,189.19829290871132,180.43072248407623,180.43072248407623
2013-12-20 03:50:00+01:00,167.1031494140625,188.9014434814453,226.8507080078125,188.77316396931903,179.08588829366445,187.2103489552672,182.12195380079137,187.2103489552672,187.11022181683106,195.36112171113442,190.37234400924734,190.37234400924734
2013-12-20 04:00:00+01:00,169.1982879638672,167.1031494140625,209.46456909179688,170.5876138921897,177.63249611142024,185.50092265724632,179.2167807920534,185.50092265724632,175.62217543721522,187.16218604101883,179.93125265458235,179.93125265458235
2013-12-20 04:10:00+01:00,178.67269897460938,169.1982879638672,200.2427215576172,171.34616919222495,176.81265383542998,184.2910708986275,177.70693367678444,184.2910708986275,174.40083423165146,187.43647730547477,178.48039069220684,178.48039069220684
2013-12-20 04:20:00+01:00,154.4512481689453,178.67269897460938,222.69894409179688,171.81237403097458,177.81728569303124,185.90750232753084,179.104168310302,185.90750232753084,177.4169918139744,189.6943607530816,181.45929662784806,181.45929662784806
2013-12-20 04:30:00+01:00,164.45602416992188,154.4512481689453,212.7274627685547,161.58129836033956,175.834934379947,183.5246819408705,176.01429984434995,183.5246819408705,170.27482423353507,183.7546523173438,177.1559033819939,177.1559033819939
2013-12-20 04:40:00+01:00,150.4501953125,164.45602416992188,182.27426147460938,165.9486984898061,175.52766072977403,182.13999379552106,175.44200695110135,182.13999379552106,173.81917617434794,190.71505619373116,177.81456073230308,177.81456073230308
2013-12-20 04:50:00+01:00,157.78347778320312,150.4501953125,209.2991943359375,154.66310242728562,173.93050724884617,180.5290725956371,173.40981993510064,180.5290725956371,170.8825249418405,185.879377801008,176.0553693189144,176.0553693189144
2013-12-20 05:00:00+01:00,150.8773193359375,157.78347778320312,215.7926483154297,159.48806006905045,174.30301361046278,180.91654611195176,174.0220235687537,180.91654611195176,173.0478786707754,188.96389869433966,175.46013317262896,175.46013317262896
2013-12-20 05:10:00+01:00,154.23660278320312,150.8773193359375,211.6208038330078,154.11467801441,174.0086645357483,180.41378882884086,173.54689370444714,180.41378882884086,169.78072550214324,186.36729924887058,175.06552317739337,175.06552317739337
2013-12-20 05:20:00+01:00,181.1986846923828,154.23660278320312,203.00552368164062,157.43931799024404,174.561426003949,180.62181693482574,174.2034834863352,180.62181693482574,173.06220642159366,188.00315467396476,173.00847751790587,173.00847751790587
2013-12-20 05:30:00+01:00,191.88644409179688,181.1986846923828,217.58526611328125,171.03845990769423,179.13360156522216,185.89725393127605,180.34905562164516,185.89725393127605,182.51502461129706,198.31081204982058,182.48718587054606,182.48718587054606
2013-12-20 05:40:00+01:00,183.4331512451172,191.88644409179688,196.06317138671875,183.21199658120221,184.67634241633505,191.6259655902748,186.97328935427888,191.6259655902748,189.3763699991506,205.33607094523816,188.988325509109,188.988325509109
2013-12-20 05:50:00+01:00,154.46096801757812,183.4331512451172,220.27838134765625,189.45773632642238,189.4372516434285,197.30727490332256,192.05241222369378,197.30727490332256,191.50662046813432,207.75459929271057,192.22803474044346,192.22803474044346
2013-12-20 06:00:00+01:00,191.378662109375,154.46096801757812,216.27833557128906,175.40767099167917,190.17577657941712,197.8935690740999,191.13368258119382,197.8935690740999,184.7185118974479,201.46020049653552,187.71350497907997,187.71350497907997
2013-12-20 06:10:00+01:00,142.15965270996094,191.378662109375,204.5174560546875,190.12571413842758,196.2970054823463,204.15210023736162,198.07182383609123,204.15210023736162,199.49224944772814,214.95238750664532,199.74545222002166,199.74545222002166
2013-12-20 06:20:00+01:00,163.771240234375,142.15965270996094,245.32408142089844,162.2989625454664,195.3700721894523,203.8199771628668,195.16647630808728,203.8199771628668,184.8502615983005,201.92821468888093,189.23090288051452,189.23090288051452
2013-12-20 06:30:00+01:00,186.41087341308594,163.771240234375,243.25479125976562,177.4175547966425,198.90545859723898,207.62091836522083,198.762087147626,207.62091836522083,196.01193433182223,216.06391230543662,201.12789750901462,201.12789750901462
2013-12-20 06:40:00+01:00,174.156494140625,186.41087341308594,224.07481384277344,181.8173021140178,205.24597165140003,214.29149320907294,206.27735783297754,214.29149320907294,203.04312420787411,220.48604584191364,204.28325115861267,204.28325115861267
2013-12-20 06:50:00+01:00,208.78216552734375,174.156494140625,266.9632568359375,187.6369379319572,210.55344547626336,220.95165014506176,211.87805635527243,220.95165014506176,213.32186085697327,233.1205243842518,217.26744310441876,217.26744310441876
2013-12-20 07:00:00+01:00,232.60472106933594,208.78216552734375,333.38897705078125,213.26248537975073,222.7758856628723,235.98267527196793,226.28464094491818,235.98267527196793,238.33420037240774,261.2428169690062,242.29645967120825,242.29645967120825
2013-12-20 07:10:00+01:00,239.04327392578125,232.60472106933594,288.275146484375,231.07962636741368,237.27761590693973,251.98667365463882,242.81497940215633,251.98667365463882,255.02239958102695,277.87979148463756,255.76570274579478,255.76570274579478
2013-12-20 07:20:00+01:00,270.3587341308594,239.04327392578125,327.9789733886719,252.7853184968597,253.40758841570772,270.67744000845204,260.42087077990266,270.67744000845204,277.6303776100916,299.3000771436824,274.4154931449738,274.4154931449738
2013-12-20 07:30:00+01:00,315.49969482421875,270.3587341308594,359.44921875,281.718646800751,274.9349155362205,295.22710147606193,283.90963317403885,295.22710147606193,310.6728339250154,327.21141794304776,305.068865328807,305.068865328807
2013-12-20 07:40:00+01:00,319.71826171875,315.49969482421875,346.86981201171875,317.7119298452019,302.13928859277473,325.1202332512405,313.57706486368096,325.1202332512405,335.02570815616565,349.6539693202105,328.45424776639027,328.45424776639027
2013-12-20 07:50:00+01:00,377.8523254394531,319.71826171875,362.1041564941406,342.5761001604629,330.1357158431628,355.5142661295944,342.34572250774113,355.5142661295944,362.5161053612612,376.1262463647418,356.46894163321787,356.46894163321787
2013-12-20 08:00:00+01:00,352.5507507324219,377.8523254394531,430.1951904296875,394.54933793485156,368.8696289389628,397.8527099293012,382.86412259371116,397.8527099293012,409.62289486662837,425.31372213205896,407.99825909540266,407.99825909540266
2013-12-20 08:10:00+01:00,383.3799133300781,352.5507507324219,509.5605773925781,396.52190864477745,406.44851159030685,438.14806423103914,419.1468326515017,438.14806423103914,421.8034644895322,453.2751850876599,438.8316720656276,438.8316720656276
2013-12-20 08:20:00+01:00,457.7913818359375,383.3799133300781,490.6292419433594,432.13177286431574,446.3325080743624,478.2843531866897,456.8297133003221,478.2843531866897,478.9134118820047,499.0553842807812,484.70694937273123,484.70694937273123
2013-12-20 08:30:00+01:00,519.1234741210938,457.7913818359375,675.9155883789062,477.4451827955165,503.7249254476545,538.4856636946471,513.9917355564704,538.4856636946471,540.6176083648818,577.4954311104374,537.1653974376343,537.1653974376343
2013-12-20 08:40:00+01:00,592.015625,519.1234741210938,661.75146484375,542.0501707049401,567.3904212086985,601.3794860080642,577.8850050597908,601.3794860080642,612.5724861096957,636.2027920775218,600.5304996436745,600.5304996436745
2013-12-20 08:50:00+01:00,682.511962890625,592.015625,809.6392211914062,626.4674232413257,645.5449931688147,678.8122204560048,656.1355842620382,678.8122204560048,706.6226096907035,728.2661046728023,668.1383205279208,668.1383205279208
2013-12-20 09:00:00+01:00,815.256591796875,682.511962890625,807.5606689453125,718.6915049832112,731.105290936882,760.3255760129573,741.5518183521671,760.3255760129573,799.2362379140446,802.3410481234072,748.1462475741563,748.1462475741563
2013-12-20 09:10:00+01:00,893.1666259765625,815.256591796875,788.6156005859375,842.1797510598886,825.0589646646371,848.2280210834249,835.3480466668497,848.2280210834249,888.6909883497883,898.2776986213714,861.5654636405731,861.5654636405731
2013-12-20 09:20:00+01:00,951.8005981445312,893.1666259765625,953.0805053710938,950.0533260363549,929.2774497591378,947.7935914913182,937.8833308782524,947.7935914913182,974.8273766924461,1003.9695529913187,967.2222921844265,967.2222921844265
2013-12-20 09:30:00+01:00,889.6657104492188,951.8005981445312,1068.550048828125,1049.5158870273426,1034.41862784291,1048.5395690583744,1039.9232653214974,1048.5395690583744,1046.618551397909,1080.8597804368756,1033.858795414743,1033.858795414743
2013-12-20 09:40:00+01:00,1044.020751953125,889.6657104492188,1104.99609375,1051.717119887431,1112.0272060314026,1123.533638491216,1111.3391977572264,1123.533638491216,1091.1261658509886,1111.3808945854298,1089.938169749968,1089.938169749968
2013-12-20 09:50:00+01:00,1141.5233154296875,1044.020751953125,1353.615234375,1153.751928408754,1207.5400356158862,1221.2102491146072,1200.0626763535943,1221.2102491146072,1192.5390927260348,1254.6010606430189,1216.314057733871,1216.314057733871
2013-12-20 10:00:00+01:00,1331.02197265625,1141.5233154296875,1626.36474609375,1222.9382840435112,1312.5143293502476,1329.9911037675017,1300.813831383528,1329.9911037675017,1284.7036757275164,1348.6285411007211,1290.6528134231075,1290.6528134231075
2013-12-20 10:10:00+01:00,1221.1820068359375,1331.02197265625,1478.5723876953125,1404.1735290504002,1414.149456593426,1431.2758369305282,1401.9266683621966,1431.2758369305282,1408.1886863887553,1452.8150310695744,1406.0238224603083,1406.0238224603083
2013-12-20 10:20:00+01:00,1363.3948974609375,1221.1820068359375,1741.1815185546875,1407.8005505963204,1495.5453964607652,1517.2588818568047,1480.3946947628963,1517.2588818568047,1451.1517205557009,1490.3095647828106,1469.1303606014972,1469.1303606014972
2013-12-20 10:30:00+01:00,1549.3873291015625,1363.3948974609375,1726.1102294921875,1528.4275979637137,1573.9514465848845,1598.4799438206871,1554.8907491597938,1598.4799438206871,1558.4398724233524,1608.7441931574224,1596.2145184484189,1596.2145184484189
2013-12-20 10:40:00+01:00,1544.8607177734375,1549.3873291015625,1817.2911376953125,1625.5820267568834,1665.0340363824007,1690.7573125245633,1642.6174882803132,1690.7573125245633,1689.6027612010535,1771.8737823935323,1711.0725454679448,1711.0725454679448
2013-12-20 10:50:00+01:00,1697.7923583984375,1544.8607177734375,2025.3309326171875,1700.536914375168,1751.1362546268147,1777.9611517884048,1726.3470980520076,1777.9611517884048,1776.8548499171957,1841.5352592979136,1785.821566017237,1785.821566017237
2013-12-20 11:00:00+01:00,1738.7125244140625,1697.7923583984375,2278.39892578125,1839.6806731193496,1854.3014821427457,1880.7234846716178,1826.651184766106,1880.7234846716178,1880.5072792681085,1967.9372768512899,1869.2767510091942,1869.2767510091942
2013-12-20 11:10:00+01:00,1758.369873046875,1738.7125244140625,2206.234619140625,1882.6385908005639,1939.3628540304708,1961.4346575762072,1910.9666338239863,1961.4346575762072,1964.7738136892715,2040.3156495748315,1954.8670233915473,1954.8670233915473
2013-12-20 11:20:00+01:00,1717.3818359375,1758.369873046875,2354.255126953125,1938.4416754841588,2016.152530472957,2036.0385590881117,1984.630792212403,2036.0385590881117,2037.1651224241377,2131.7915649923934,2040.0483375461997,2040.0483375461997
2013-12-20 11:30:00+01:00,2046.75048828125,1717.3818359375,2681.5029296875,1919.154012135633,2084.470283573154,2105.3469119452566,2047.498800198172,2105.3469119452566,2085.877604217452,2194.1599180600406,2112.5276808233934,2112.5276808233934
2013-12-20 11:40:00+01:00,1989.828857421875,2046.75048828125,2659.694091796875,2091.843918120352,2177.3140794515652,2192.7165867554186,2134.6226628350905,2192.7165867554186,2225.8494408704146,2363.6903109074547,2229.9499260687976,2229.9499260687976
2013-12-20 11:50:00+01:00,2381.0546875,1989.828857421875,2660.22705078125,2096.605517648994,2247.23417468667,2256.3827426167986,2202.285651502736,2256.3827426167986,2231.0920101135325,2359.9295445945454,2283.9055189816727,2283.9055189816727
2013-12-20 12:00:00+01:00,2271.234619140625,2381.0546875,2823.089111328125,2386.898017112734,2360.650821022416,2360.1624494217494,2311.473432184678,2360.1624494217494,2452.4469342019224,2610.7498627708965,2477.8220836816795,2477.8220836816795
2013-12-20 12:10:00+01:00,2400.478759765625,2271.234619140625,2598.10205078125,2367.03881471453,2432.212696746101,2420.2422128065,2385.290998617768,2420.2422128065,2457.155307746734,2565.2739115469913,2503.0691976809,2503.0691976809
2013-12-20 12:20:00+01:00,2226.8408203125,2400.478759765625,2539.965576171875,2518.1834619471724,2499.358402817,2479.6244502254676,2451.7141412547185,2479.6244502254676,2585.3205850277704,2683.8454137678677,2608.5725963257923,2608.5725963257923
2013-12-20 12:30:00+01:00,2358.45166015625,2226.8408203125,2899.140869140625,2399.1818992376143,2551.448993017242,2531.744635468691,2501.7407888724124,2531.744635468691,2589.2613372944793,2683.9166491393926,2667.237452950531,2667.237452950531
2013-12-20 12:40:00+01:00,2492.56396484375,2358.45166015625,2910.545654296875,2464.4653185646825,2602.9470144728884,2582.3505022138397,2550.154968843797,2582.3505022138397,2707.298817687594,2786.2492202683243,2737.580896100886,2737.580896100886
2013-12-20 12:50:00+01:00,2654.98828125,2492.56396484375,2911.8408203125,2500.6929711347802,2658.9572893093664,2635.3234130690926,2604.2947568066056,2635.3234130690926,2716.1161373978503,2834.1577539231735,2782.437453358844,2782.437453358844
2013-12-20 13:00:00+01:00,2834.744140625,2654.98828125,3157.744140625,2636.9328210606677,2739.5756772787995,2710.882782511131,2684.607364926147,2710.882782511131,2845.411330184031,2981.25022963066,2874.8989033977405,2874.8989033977405
2013-12-20 13:10:00+01:00,2796.336669921875,2834.744140625,3533.642333984375,2787.6002317260823,2851.049231234037,2812.9299759707824,2799.0146926759185,2812.9299759707824,2927.611165780813,3073.848261538026,2930.9973441191755,2930.9973441191755
2013-12-20 13:20:00+01:00,3057.389404296875,2796.336669921875,3574.627197265625,2834.0631339881656,2942.9813715382784,2893.7041637877956,2897.4040699070456,2893.7041637877956,3013.1685025880615,3153.8828347797303,3013.0081526604745,3013.0081526604745
2013-12-20 13:30:00+01:00,3188.34033203125,3057.389404296875,3611.05078125,3006.2997625709854,3048.440407452508,2986.3478085018533,3005.7668629150103,2986.3478085018533,3109.509424737722,3262.833098844572,3098.9337906579035,3098.9337906579035
2013-12-20 13:40:00+01:00,3221.680908203125,3188.34033203125,3886.8349609375,3101.5726748947027,3166.56754019297,3090.619397935854,3126.3959201943453,3090.619397935854,3212.8864203246153,3374.1072425747693,3162.287308064992,3162.287308064992
2013-12-20 13:50:00+01:00,3524.6064453125,3221.680908203125,3509.259033203125,3207.6825034695185,3244.698033020053,3154.8226223766064,3207.2551674687265,3154.8226223766064,3223.816148177241,3370.186379854292,3197.6543181152747,3197.6543181152747
2013-12-20 14:00:00+01:00,3223.604736328125,3524.6064453125,3665.6328125,3401.804692554015,3348.703595057077,3246.9249795651876,3309.107315918618,3246.9249795651876,3347.6641529424805,3494.6119148475173,3296.2425341525936,3296.2425341525936
2013-12-20 14:10:00+01:00,3420.880615234375,3223.604736328125,3187.11865234375,3299.0964539180327,3368.1242841008484,3260.392444468149,3328.8348198309786,3260.392444468149,3283.4576929834843,3398.460947206646,3237.2803186623223,3237.2803186623223
2013-12-20 14:20:00+01:00,3430.33837890625,3420.880615234375,3205.10693359375,3430.6895332377153,3397.1337263548953,3291.1428832528354,3350.0912356714243,3291.1428832528354,3403.564239804282,3512.225509728516,3329.3789931169954,3329.3789931169954
2013-12-20 14:30:00+01:00,3298.10986328125,3430.33837890625,3643.2451171875,3389.7291762553646,3447.5278896078726,3344.6019308511886,3395.9997563249763,3344.6019308511886,3374.2234279884897,3547.1665849957976,3259.0406161841097,3259.0406161841097
2013-12-20 14:40:00+01:00,3026.86474609375,3298.10986328125,3397.064697265625,3372.2669600904615,3451.791443763225,3351.8115405536123,3400.080673549556,3351.8115405536123,3407.752105024072,3532.554830955352,3252.0220837979423,3252.0220837979423
2013-12-20 14:50:00+01:00,3372.53271484375,3026.86474609375,3560.482177734375,3203.5536160363285,3421.139962824361,3334.3481738125183,3365.7400264889925,3334.3481738125183,3309.829352155982,3453.1136938953905,3158.5527607350223,3158.5527607350223
2013-12-20 15:00:00+01:00,3101.176025390625,3372.53271484375,3651.350830078125,3310.9023386671647,3431.1005893484917,3351.8471235146967,3369.127432148843,3351.8471235146967,3381.4158713457628,3556.2716983242462,3239.969131361686,3239.969131361686
2013-12-20 15:10:00+01:00,3045.33056640625,3101.176025390625,3520.207275390625,3154.350478678098,3396.8738922152747,3323.9960002668454,3333.906642706899,3323.9960002668454,3283.9524364137565,3435.6458875339217,3137.8419988869914,3137.8419988869914
2013-12-20 15:20:00+01:00,3055.931884765625,3045.33056640625,3536.851806640625,3167.9680538338857,3352.581676676643,3289.774727099614,3285.787257546828,3289.774727099614,3277.9370017817146,3426.913889033468,3141.7295175585923,3141.7295175585923
2013-12-20 15:30:00+01:00,2986.76513671875,3055.931884765625,3414.3955078125,3096.0599023360155,3302.9127520684965,3247.826618104116,3232.133287867064,3247.826618104116,3195.4337545063527,3346.2980120511866,3076.8841912516837,3076.8841912516837
2013-12-20 15:40:00+01:00,3136.2236328125,2986.76513671875,3397.797607421875,3045.165637565545,3248.4013222529866,3200.645203864352,3175.4319166052687,3200.645203864352,3177.1403942148777,3326.293200002271,3092.823132948761,3092.823132948761
2013-12-20 15:50:00+01:00,3131.08349609375,3136.2236328125,3335.607421875,3114.0057063561244,3215.9475743349035,3170.2481318698206,3143.4690694143487,3170.2481318698206,3189.5673926341938,3313.3814672435183,3094.049185055442,3094.049185055442
2013-12-20 16:00:00+01:00,3260.10546875,3131.08349609375,3723.96044921875,3115.381162180246,3214.4789767132274,3168.9569585290615,3148.713646380795,3168.9569585290615,3188.365990871733,3335.4615636093254,3099.9572036584427,3099.9572036584427
2013-12-20 16:10:00+01:00,3274.44482421875,3260.10546875,3445.13671875,3218.0553758483707,3214.9191355384432,3159.820343220205,3159.454377620071,3159.820343220205,3180.8436613773742,3279.4841267250913,3103.903836558812,3103.903836558812
2013-12-20 16:20:00+01:00,3278.255126953125,3274.44482421875,3692.674072265625,3240.4111502010346,3236.0332030819054,3171.355517102913,3191.741742830311,3171.355517102913,3216.566108836358,3335.9019385071806,3155.4371346124244,3155.4371346124244
2013-12-20 16:30:00+01:00,3278.9111328125,3278.255126953125,3429.72021484375,3271.700749043365,3240.396461316806,3161.8186345848094,3205.806245708789,3161.8186345848094,3203.723476921715,3275.910823634016,3141.2408027478805,3141.2408027478805
2013-12-20 16:40:00+01:00,3529.724853515625,3278.9111328125,3257.7412109375,3267.8366899309153,3233.422028607369,3142.3846770996165,3203.7657731067925,3142.3846770996165,3233.4303901591647,3250.040671570134,3168.2893611516024,3168.2893611516024
2013-12-20 16:50:00+01:00,3394.1943359375,3529.724853515625,3349.966796875,3388.8095333816154,3262.0218603564404,3157.1473191797977,3235.848225085448,3157.1473191797977,3270.4277440220653,3303.6082576621397,3210.459082752191,3210.459082752191
2013-12-20 17:00:00+01:00,3234.20703125,3394.1943359375,3302.581298828125,3348.735710777832,3271.978005716818,3153.1557540609747,3250.731683616913,3153.1557540609747,3268.986775320008,3265.9582726908648,3204.2162403043726,3204.2162403043726
2013-12-20 17:10:00+01:00,3389.94287109375,3234.20703125,3253.263671875,3292.1262553517977,3253.93827207239,3127.687636880856,3233.5430531752704,3127.687636880856,3224.7249774030847,3198.604097108121,3163.692022866622,3163.692022866622
2013-12-20 17:20:00+01:00,3076.820556640625,3389.94287109375,3346.2314453125,3300.10406778629,3255.5174957995737,3123.615114375646,3233.2930874139715,3123.615114375646,3225.7587472621235,3235.459805698946,3162.276548023534,3162.276548023534
2013-12-20 17:30:00+01:00,3169.025634765625,3076.820556640625,3257.972900390625,3105.761003710043,3209.018759512088,3076.343590792345,3183.645500319909,3076.343590792345,3128.4514263849414,3125.374841450124,3077.383420227952,3077.383420227952
2013-12-20 17:40:00+01:00,3152.813232421875,3169.025634765625,3364.583740234375,3126.2235082937727,3175.5555255987233,3046.500480487879,3144.549983914894,3046.500480487879,3101.813370373498,3118.4008692239686,3067.5954060254126,3067.5954060254126
2013-12-20 17:50:00+01:00,2945.257080078125,3152.813232421875,3351.3505859375,3039.5258972703127,3138.563840854417,3011.8674948166813,3103.6072847611035,3011.8674948166813,3048.98108595271,3069.505311993818,3012.8761061841456,3012.8761061841456
2013-12-20 18:00:00+01:00,2751.24072265625,2945.257080078125,3374.025634765625,2935.283953270656,3075.4903806844127,2955.8394098625017,3036.763128985601,2955.8394098625017,2964.436432641935,2988.7729421678823,2930.666647583071,2930.666647583071
2013-12-20 18:10:00+01:00,2526.086181640625,2751.24072265625,3460.4814453125,2779.3466836278426,2989.209463696605,2883.4693756422034,2945.2185657332725,2883.4693756422034,2853.4647304732534,2901.1122589083598,2854.738135382236,2854.738135382236
2013-12-20 18:20:00+01:00,2513.1201171875,2526.086181640625,3415.78564453125,2565.304233041146,2868.7331589416062,2782.2632479066224,2817.6186534296294,2782.2632479066224,2735.603577739789,2769.8689521252504,2746.699614012263,2746.699614012263
2013-12-20 18:30:00+01:00,2452.489013671875,2513.1201171875,2978.520263671875,2463.272622358878,2729.9668435617045,2659.3606779836296,2669.917707586831,2659.3606779836296,2654.703447852924,2650.8917040216093,2655.405081442049,2655.405081442049
2013-12-20 18:40:00+01:00,2226.294921875,2452.489013671875,2735.394775390625,2362.20064725141,2588.334069349425,2532.101676233975,2521.872937418476,2532.101676233975,2561.435024014157,2527.3326546123662,2570.8209036253224,2570.8209036253224
2013-12-20 18:50:00+01:00,2231.854248046875,2226.294921875,2953.750244140625,2218.475424877358,2450.4753497386782,2414.1102465544036,2384.2342274474495,2414.1102465544036,2432.905056673123,2414.8986964964693,2484.049541885226,2484.049541885226
2013-12-20 19:00:00+01:00,2045.17236328125,2231.854248046875,2757.564208984375,2158.966224066664,2325.7791501112893,2301.8341557747844,2265.589663154385,2301.8341557747844,2360.943731782359,2323.918687385558,2415.0870554664125,2415.0870554664125
2013-12-20 19:10:00+01:00,1932.1817626953125,2045.17236328125,2460.00927734375,1999.2412751009479,2185.6709413602553,2168.976311751143,2132.688735075793,2168.976311751143,2207.7000769670503,2150.651878791932,2270.5048055656007,2270.5048055656007
2013-12-20 19:20:00+01:00,1809.0938720703125,1932.1817626953125,2472.619873046875,1901.756756859981,2058.6328280924517,2049.9400495294058,2013.9350374781254,2049.9400495294058,2104.376444288202,2065.2642256066947,2165.248286284955,2165.248286284955
2013-12-20 19:30:00+01:00,1682.2747802734375,1809.0938720703125,2404.706787109375,1768.3064627237025,1938.005266079703,1934.180686489049,1902.729102544115,1934.180686489049,1937.0391179388312,1930.2125553714843,2022.2111987720425,2022.2111987720425
2013-12-20 19:40:00+01:00,1658.5394287109375,1682.2747802734375,2244.438232421875,1648.9222419375487,1818.1687860616055,1815.6884788908542,1791.0780801082944,1815.6884788908542,1786.0975263228765,1815.8837630113321,1894.9022272592272,1894.9022272592272
2013-12-20 19:50:00+01:00,1627.1318359375,1658.5394287109375,2188.086181640625,1580.7162179301588,1719.6044738242988,1716.0075338260517,1701.01649596473,1716.0075338260517,1711.3610753526505,1731.916298523234,1790.5819480923146,1790.5819480923146
2013-12-20 20:00:00+01:00,1571.787109375,1627.1318359375,2114.7998046875,1523.7297482516678,1638.645756360795,1630.4734324636936,1629.2817183069135,1630.4734324636936,1628.9515741954185,1652.1440454402027,1697.91812489608,1697.91812489608
2013-12-20 20:10:00+01:00,1417.9407958984375,1571.787109375,1742.118896484375,1477.9164516549808,1553.89323426144,1535.0931068550751,1550.1603827600793,1535.0931068550751,1523.4683892071964,1528.0453714839375,1576.093880260888,1576.093880260888
2013-12-20 20:20:00+01:00,1296.30126953125,1417.9407958984375,1801.3875732421875,1377.2620487660754,1472.6340276522205,1449.0561942791126,1471.7424001710847,1449.0561942791126,1441.7252710358293,1447.28170498757,1493.8804869471955,1493.8804869471955
2013-12-20 20:30:00+01:00,1142.2091064453125,1296.30126953125,1483.8123779296875,1272.9020559848943,1375.7202043875116,1345.921527815569,1372.819399503718,1345.921527815569,1325.959980510603,1323.5165681674969,1369.281560897277,1369.281560897277
2013-12-20 20:40:00+01:00,1166.740234375,1142.2091064453125,1590.0328369140625,1136.1216480458368,1282.0534329453264,1254.079767431589,1276.312731692229,1254.079767431589,1243.475957904758,1238.9320825741715,1283.341041734183,1283.341041734183
2013-12-20 20:50:00+01:00,1058.699951171875,1166.740234375,1298.7938232421875,1093.824167157382,1197.3532727858483,1167.2048599753111,1190.6274901678594,1167.2048599753111,1186.7700316631458,1163.1209718776447,1202.204715274954,1202.204715274954
2013-12-20 21:00:00+01:00,881.5584106445312,1058.699951171875,1373.56884765625,1004.2289876253276,1122.2167415540082,1094.3745350191282,1116.9064140364717,1094.3745350191282,1126.013133654229,1093.2758710234316,1125.9594647514782,1125.9594647514782
2013-12-20 21:10:00+01:00,897.3151245117188,881.5584106445312,1172.5623779296875,897.3033706518463,1028.645319461103,1002.9014543946885,1020.945578755578,1002.9014543946885,1003.5772088858547,985.2446064381396,1014.0637459056569,1014.0637459056569
2013-12-20 21:20:00+01:00,777.023681640625,897.3151245117188,1073.627197265625,852.7054373247199,953.3362948940148,929.8031739706762,945.7813376059312,929.8031739706762,959.5413807129798,959.6169405384541,966.3895228527601,966.3895228527601
2013-12-20 21:30:00+01:00,764.11474609375,777.023681640625,931.94873046875,752.322861236996,872.3110151873733,851.0177289427123,863.9181596653243,851.0177289427123,861.1929100860926,865.0934117928721,863.2810437905205,863.2810437905205
2013-12-20 21:40:00+01:00,716.7286376953125,764.11474609375,917.6876220703125,727.9696112824283,808.599934901852,790.4626364005395,802.5500030291789,790.4626364005395,819.5473041993084,834.9865412871089,823.0475024990192,823.0475024990192
2013-12-20 21:50:00+01:00,641.441162109375,716.7286376953125,922.9449462890625,673.0876017782628,755.1441131594257,740.3708756083474,753.3144726191425,740.3708756083474,773.9878073677753,775.3052898778124,773.1092337858382,773.1092337858382
2013-12-20 22:00:00+01:00,796.3833618164062,641.441162109375,964.3768920898438,622.4198839788951,706.2466144354452,695.4056467443602,707.9963458318014,695.4056467443602,722.7377225947921,727.5847211356605,736.1386396269052,736.1386396269052
2013-12-20 22:10:00+01:00,612.7666015625,796.3833618164062,1052.2078857421875,671.1431086409847,692.6216754188462,684.75549763952,705.3273093099783,684.75549763952,775.2226027558902,752.9503148139162,751.2857070152985,751.2857070152985
2013-12-20 22:20:00+01:00,640.7963256835938,612.7666015625,920.1376953125,586.0098834876248,656.0798388593282,649.5981306368046,670.4816564648127,649.5981306368046,674.4834000354693,661.1585266096095,682.155651896917,682.155651896917
2013-12-20 22:30:00+01:00,594.8789672851562,640.7963256835938,617.1152954101562,604.9087196175925,617.4509913777053,608.8516937795516,628.9022953283057,608.8516937795516,633.7846124592779,626.875881705762,648.0698340683881,648.0698340683881
2013-12-20 22:40:00+01:00,603.3621215820312,594.8789672851562,664.4315185546875,545.4241710929093,582.1000970123168,575.6170951306216,591.6948270361484,575.6170951306216,603.9603509493544,599.3095243130153,612.8583175182486,612.8583175182486
2013-12-20 22:50:00+01:00,514.15771484375,603.3621215820312,520.1360473632812,547.03838916864,549.067612273368,542.7505611632085,557.1633806122256,542.7505611632085,569.6506453203094,572.0914953705492,598.8243624732117,598.8243624732117
2013-12-20 23:00:00+01:00,460.3304748535156,514.15771484375,524.8612060546875,492.45093856740795,512.2439223442824,508.03663529099407,518.0220535619635,508.03663529099407,525.1242019447302,530.06885923753,545.025105108509,545.025105108509
2013-12-20 23:10:00+01:00,372.4422302246094,460.3304748535156,471.0636901855469,452.35756012380114,474.0682523722575,471.30330097974894,476.80680605294845,471.30330097974894,483.71508540639155,492.1773589100467,504.98807462214785,504.98807462214785
2013-12-20 23:20:00+01:00,336.6106872558594,372.4422302246094,458.53271484375,379.7133005324537,431.14298410852746,430.2124193281873,429.7733107569297,430.2124193281873,430.6786109803427,441.05558274283385,444.361646220135,444.361646220135
2013-12-20 23:30:00+01:00,280.37225341796875,336.6106872558594,475.2248229980469,336.706400594944,393.1565754218279,394.2668215114021,389.9220824911224,394.2668215114021,403.49953073009766,415.91167129293933,415.2696904663474,415.2696904663474
2013-12-20 23:40:00+01:00,322.41583251953125,280.37225341796875,440.8352966308594,283.8395500968944,354.3799696529791,356.43005778878563,349.0953658817393,356.43005778878563,351.70465134404463,358.4316919651171,359.61861319960525,359.61861319960525
2013-12-20 23:50:00+01:00,283.09521484375,322.41583251953125,438.21673583984375,288.2945884973209,330.99476367847967,334.22286117267015,328.89884156932885,334.22286117267015,349.1681114518112,357.4089344657739,354.5607130728862,354.5607130728862
2013-12-21 00:00:00+01:00,408.7940368652344,283.09521484375,469.7736511230469,262.3643912448467,308.7738586448259,313.6331617604097,309.2302398835326,313.6331617604097,314.13400345153207,322.4517777117054,330.32876477218673,330.32876477218673
2013-12-21 00:10:00+01:00,251.38526916503906,408.7940368652344,463.0298156738281,323.11434150299584,306.8737397044506,313.74011815895767,315.4911016064653,313.74011815895767,356.5268496810228,365.15593621770284,358.81227564973454,358.81227564973454
2013-12-21 00:20:00+01:00,240.8942413330078,251.38526916503906,417.4766845703125,256.5796705007645,286.19258746208186,293.279536926349,292.62356999874385,293.279536926349,286.2620728604317,281.54153032116295,297.16440977588553,297.16440977588553
2013-12-21 00:30:00+01:00,218.96946716308594,240.8942413330078,359.43341064453125,254.2619135113164,267.3451431985347,273.32873757664646,271.0319797738073,273.32873757664646,273.96150139468193,270.00208179826694,279.01682552617433,279.01682552617433
2013-12-21 00:40:00+01:00,215.7742156982422,218.96946716308594,294.45672607421875,211.72892684630537,247.73728592647782,252.19025725485258,248.68409903399,252.19025725485258,239.07373448100807,236.5514686794322,244.40235318939412,244.40235318939412
2013-12-21 00:50:00+01:00,185.72181701660156,215.7742156982422,273.7511901855469,204.65666841674735,231.6078039777731,235.22861980474886,231.82986450898147,235.22861980474886,227.38932011356303,230.74961362282795,233.0003350526377,233.0003350526377
2013-12-21 01:00:00+01:00,219.3843231201172,185.72181701660156,258.82525634765625,184.1778688025301,214.92829490660995,217.79575283675436,214.08054102151792,217.79575283675436,200.5534860412506,202.754626496823,213.02346007723463,213.02346007723463
2013-12-21 01:10:00+01:00,211.2913360595703,219.3843231201172,248.11181640625,195.7821538497866,206.52131205724197,209.2955826675777,207.60803182516963,209.2955826675777,206.41946261064152,211.27786047598312,217.75318626136146,217.75318626136146
2013-12-21 01:20:00+01:00,178.29421997070312,211.2913360595703,248.47329711914062,190.22087932710855,199.25857463139505,202.56051792924995,201.7774882948632,202.56051792924995,193.97014955826938,199.6446350816192,210.01675272776458,210.01675272776458
2013-12-21 01:30:00+01:00,155.89794921875,178.29421997070312,239.3702392578125,180.76859338058912,189.70463572803462,193.06222780351135,191.59996799204228,193.06222780351135,185.58295476429595,193.4273218109546,201.03850868678649,201.03850868678649
2013-12-21 01:40:00+01:00,151.62741088867188,155.89794921875,223.14027404785156,162.48489628172817,179.1745612484525,182.07843090942933,179.69940297676405,182.07843090942933,166.0365359906737,174.31100422392373,180.65955574515573,180.65955574515573
2013-12-21 01:50:00+01:00,149.15113830566406,151.62741088867188,242.65773010253906,150.26944440374433,170.53497718765905,173.77111086867282,170.92514067515876,173.77111086867282,159.85679281001967,166.79020878498133,172.6055075539965,172.6055075539965
2013-12-21 02:00:00+01:00,150.27456665039062,149.15113830566406,253.7880401611328,143.6679389364522,163.63763220956915,167.41501162562716,164.34769899181262,167.41501162562716,151.76625146431275,158.77092294423673,164.81238409623552,164.81238409623552
2013-12-21 02:10:00+01:00,152.6425018310547,150.27456665039062,227.30003356933594,143.29000434853154,158.24709801445445,162.04597525999006,159.2407555148128,162.04597525999006,148.54721950377547,157.8502990496788,159.79445038119297,159.79445038119297
2013-12-21 02:20:00+01:00,146.28990173339844,152.6425018310547,238.52049255371094,144.5478697887764,154.29936355530447,158.78053174322378,156.0950495086289,158.78053174322378,145.37096192345498,154.52778089725157,156.82682032363863,156.82682032363863
2013-12-21 02:30:00+01:00,124.00859832763672,146.28990173339844,238.14120483398438,142.47298690366145,150.55984008592955,155.58161685118316,152.59390407328615,155.58161685118316,144.10751119692907,152.240149360413,154.35892016429216,154.35892016429216
2013-12-21 02:40:00+01:00,140.75584411621094,124.00859832763672,218.96270751953125,130.58975994922474,144.7253952800548,149.46282721260303,145.58947828767964,149.46282721260303,134.11544859089662,144.17167227270906,144.30158205687204,144.30158205687204
2013-12-21 02:50:00+01:00,125.73199462890625,140.75584411621094,231.4111328125,134.85738077667415,142.28649409729212,147.52571111725757,143.96004240006067,147.52571111725757,137.43730637624418,148.2158390217012,146.29243233026773,146.29243233026773
2013-12-21 03:00:00+01:00,123.58930969238281,125.73199462890625,249.9197998046875,124.76753210920153,138.6754395345811,144.52695658270562,140.1769774542566,144.52695658270562,129.3690172658477,139.1171545696607,139.21504726239164,139.21504726239164
2013-12-21 03:10:00+01:00,146.92788696289062,123.58930969238281,234.66259765625,125.80638866073993,135.65040032937677,141.5294899619179,136.92474996400279,141.5294899619179,128.2419166804225,139.15721498741425,138.08065290928536,138.08065290928536
2013-12-21 03:20:00+01:00,124.3835678100586,146.92788696289062,303.93988037109375,134.0190644973507,136.20839359430875,143.96272482309402,139.4092229509999,143.96272482309402,133.1961159011405,145.9807063468493,146.5972883705349,146.5972883705349
2013-12-21 03:30:00+01:00,133.6364288330078,124.3835678100586,211.4129638671875,126.1652046863349,133.9664178626713,140.88486123342125,135.91037141448476,140.88486123342125,125.63660537589843,138.68862926920087,135.0456883860549,135.0456883860549
2013-12-21 03:40:00+01:00,151.06849670410156,133.6364288330078,209.56808471679688,133.7379850079055,133.0582221122464,139.9513778305441,135.2822743989331,139.9513778305441,130.2146334318505,143.128722256322,138.17681780572136,138.17681780572136
2013-12-21 03:50:00+01:00,124.37742614746094,151.06849670410156,229.40646362304688,138.835957298006,134.51908367900455,142.30053176835494,137.97759557567215,142.30053176835494,134.78288820797977,147.06008708806135,144.90468797264464,144.90468797264464
2013-12-21 04:00:00+01:00,127.79239654541016,124.37742614746094,213.6974334716797,130.66188338880596,132.9051102128858,140.55616778669886,135.272632481933,140.55616778669886,127.66907875225004,139.1174405387203,136.2079268747668,136.2079268747668
2013-12-21 04:10:00+01:00,139.4591827392578,127.79239654541016,207.8754425048828,132.89404542950274,132.18168572040145,139.66853584663764,134.25089653382858,139.66853584663764,129.85507961860768,143.44554268318495,138.8969983058035,138.8969983058035
2013-12-21 04:20:00+01:00,113.93146514892578,139.4591827392578,224.07925415039062,133.44302892195495,133.1555141226729,141.21323431453303,135.870494109817,141.21323431453303,131.5848730828134,144.4115843415454,140.1560990480021,140.1560990480021
2013-12-21 04:30:00+01:00,122.5234603881836,113.93146514892578,218.72543334960938,122.93829913132123,131.1102155388334,138.90550704401437,132.5315704541701,138.90550704401437,124.06450510753592,136.88416446824883,131.5660048688128,131.5660048688128
2013-12-21 04:40:00+01:00,140.00160217285156,122.5234603881836,193.4867401123047,126.81583188541738,130.66434118981698,137.76277927309152,131.82491026701413,137.76277927309152,126.79574622522188,141.2832009776812,134.98126819657213,134.98126819657213
2013-12-21 04:50:00+01:00,114.01266479492188,140.00160217285156,203.56996154785156,131.28462238608145,132.4412851857573,139.81405293031943,134.59018452646933,139.81405293031943,130.4461804479961,143.91007162475637,134.3778227021021,134.3778227021021
2013-12-21 05:00:00+01:00,134.5164794921875,114.01266479492188,195.6477508544922,123.19720832675895,131.07173635525996,137.9489694895441,132.06605191522863,137.9489694895441,124.95436849000427,138.12477071484028,127.96879594931369,127.96879594931369
2013-12-21 05:10:00+01:00,143.6350555419922,134.5164794921875,206.10975646972656,135.11361170224714,132.83427385344052,139.88032174388823,134.59536869259145,139.88032174388823,133.83156668461507,148.0312810982466,138.52585937392254,138.52585937392254
2013-12-21 05:20:00+01:00,108.21251678466797,143.6350555419922,216.92221069335938,137.06662678222688,135.69253831797016,143.3646321877527,138.30697334864058,143.3646321877527,134.8201755875649,147.98229881553678,138.4281632824935,138.4281632824935
2013-12-21 05:30:00+01:00,125.43553161621094,108.21251678466797,208.68942260742188,125.13456856135706,133.93116403641136,141.11129752080728,134.687056010601,141.11129752080728,127.84424977024742,142.30634220682236,131.65748482905235,131.65748482905235
2013-12-21 05:40:00+01:00,124.96248626708984,125.43553161621094,195.53619384765625,132.0378648251527,135.04566987544243,141.70890872633635,135.88557944004768,141.70890872633635,132.78129404334723,147.68765055259524,137.08238291249396,137.08238291249396
2013-12-21 05:50:00+01:00,126.73487091064453,124.96248626708984,221.34469604492188,126.3426042951608,136.2351486121637,143.25436202211236,137.27469639959438,143.25436202211236,132.15626447853174,145.3324703462682,135.20237834240822,135.20237834240822
2013-12-21 06:00:00+01:00,122.21121215820312,126.73487091064453,199.60873413085938,133.06042278507232,137.79017730133253,144.41004112333238,138.724441688008,144.41004112333238,134.18580425302048,149.20634471238432,137.87795915421512,137.87795915421512
2013-12-21 06:10:00+01:00,121.18921661376953,122.21121215820312,210.74668884277344,131.67467084871402,138.83623393360213,145.440244384043,139.55412755067877,145.440244384043,135.07018013232567,150.0451373942628,139.08429108050092,139.08429108050092
2013-12-21 06:20:00+01:00,108.1540298461914,121.18921661376953,226.1459197998047,131.81666187093185,140.14682288131814,146.90112523008824,140.70670986125802,146.90112523008824,136.71939343831735,152.33364897056725,141.57411980616624,141.57411980616624
2013-12-21 06:30:00+01:00,142.08627319335938,108.1540298461914,216.1643524169922,123.82258819815506,139.70503981171,145.94869231325114,139.1676466848629,145.94869231325114,134.65805559475552,149.75223455807136,140.38802831127884,140.38802831127884
2013-12-21 06:40:00+01:00,152.9930419921875,142.08627319335938,217.6194305419922,141.3609756276332,144.26309499070445,150.7134036270657,145.2433393970768,150.7134036270657,146.9268052814922,164.8189493963915,153.64387310384694,153.64387310384694
2013-12-21 06:50:00+01:00,118.65697479248047,152.9930419921875,227.46522521972656,150.8464591991953,150.05253610283856,157.27674347062415,152.3847297187016,157.27674347062415,151.9014387078608,168.1413698936704,158.67942918010962,158.67942918010962
2013-12-21 07:00:00+01:00,147.3312530517578,118.65697479248047,220.13812255859375,144.63887613347464,150.93286696376947,157.93078630372398,151.63002078364931,157.93078630372398,148.1076452785328,165.90783554204563,156.3914742717986,156.3914742717986
2013-12-21 07:10:00+01:00,190.5124969482422,147.3312530517578,205.23606872558594,160.10231028565423,156.1365217573541,162.9142439062699,157.50289747833241,162.9142439062699,162.16923353900611,179.41918940300934,171.43902018719967,171.43902018719967
2013-12-21 07:20:00+01:00,157.0475311279297,190.5124969482422,292.15185546875,180.05192174549344,167.5528320067238,177.06558304797412,172.1044496686161,177.06558304797412,179.04252355932988,201.0410102660651,196.27397418154277,196.27397418154277
2013-12-21 07:30:00+01:00,164.99595642089844,157.0475311279297,264.3941955566406,181.32991970210932,174.35752398113218,184.6971859300288,178.1210382032313,184.6971859300288,178.56155807945422,199.062978446702,196.45856855884116,196.45856855884116
2013-12-21 07:40:00+01:00,186.3249053955078,164.99595642089844,288.7262268066406,194.6807615964005,182.65815491417627,194.27793109351197,186.24392574656545,194.27793109351197,188.25031927594344,212.48436433922683,211.86438552204567,211.86438552204567
2013-12-21 07:50:00+01:00,186.6872100830078,186.3249053955078,295.5450744628906,201.34346904707928,194.0313857476737,207.1251058954962,198.24584652980826,207.1251058954962,202.57791226230134,223.3067852667054,223.86672364217813,223.86672364217813
2013-12-21 08:00:00+01:00,205.5593719482422,186.6872100830078,355.24481201171875,210.56269438491677,206.36457836726157,221.91154562274696,210.7646551221559,221.91154562274696,215.5111483894657,238.26803900580757,241.02169101399113,241.02169101399113
2013-12-21 08:10:00+01:00,196.1885986328125,205.5593719482422,284.71746826171875,231.12471292460788,220.11706970287892,236.095976490492,224.36368817604023,236.095976490492,232.92695883110505,250.07922218028315,251.48375525486134,251.48375525486134
2013-12-21 08:20:00+01:00,191.43243408203125,196.1885986328125,296.6551208496094,231.580692076783,232.17288629409086,248.97667122664882,235.15727605469624,248.97667122664882,243.55265300215348,255.6408020354271,259.2614688822107,259.2614688822107
2013-12-21 08:30:00+01:00,309.6654968261719,191.43243408203125,353.60260009765625,234.77202114087137,244.73631199345417,263.0171536434567,245.93507379158106,263.0171536434567,257.67932525130067,271.97095450452423,275.84758140703985,275.84758140703985
2013-12-21 08:40:00+01:00,279.3141784667969,309.6654968261719,318.85321044921875,300.8050797818915,274.2486741351875,294.40272008915986,279.21526125637723,294.40272008915986,318.217687165776,337.36152111753654,342.1502007529313,342.1502007529313
2013-12-21 08:50:00+01:00,268.8868408203125,279.3141784667969,431.9075622558594,309.2489182568479,303.9050650135143,328.0876397556642,310.069292492474,328.0876397556642,316.9576176611612,353.59571856211204,343.91290348955204,343.91290348955204
2013-12-21 09:00:00+01:00,373.0303039550781,268.8868408203125,396.9768371582031,339.808606918203,331.4208034838756,356.62198905634204,335.1942752426873,356.62198905634204,357.5697024074123,380.5604161529292,372.5541446104672,372.5541446104672
2013-12-21 09:10:00+01:00,390.9395751953125,373.0303039550781,556.0501708984375,393.7177852311605,382.13069020789817,412.48884408764917,388.10050237052394,412.48884408764917,435.13634023927955,470.41994157917765,457.9720655509207,457.9720655509207
2013-12-21 09:20:00+01:00,502.5740966796875,390.9395751953125,566.3762817382812,424.60164952278296,437.9732967291248,471.56154579217,444.25273700167116,471.56154579217,479.7114921571896,518.2813431712251,501.3401126467756,501.3401126467756
2013-12-21 09:30:00+01:00,582.16015625,502.5740966796875,647.745849609375,534.5265112264931,516.7653931042705,554.5317791919053,525.2668193417359,554.5317791919053,586.8504428166257,627.2475903450342,611.4582605812211,611.4582605812211
2013-12-21 09:40:00+01:00,601.1611328125,582.16015625,691.977783203125,612.2516198844852,611.7314425756826,652.5341338288677,622.4001986188047,652.5341338288677,673.1999385759502,708.458767771756,696.8641831208372,696.8641831208372
2013-12-21 09:50:00+01:00,754.6819458007812,601.1611328125,858.070556640625,682.8337414051549,717.5115304356605,761.2027531055197,727.6903296934398,761.2027531055197,759.3037975112669,811.3330641019595,784.013345422964,784.013345422964
2013-12-21 10:00:00+01:00,991.0584106445312,754.6819458007812,1071.5850830078125,805.7501161903119,854.6850399396457,901.709296812259,866.1278511414414,901.709296812259,924.8693141712497,983.6664857286692,916.092921020594,916.092921020594
2013-12-21 10:10:00+01:00,1191.5289306640625,991.0584106445312,1279.6773681640625,975.680136911078,1031.434676566218,1081.0421762752353,1049.2925314916324,1081.0421762752353,1076.4128778812294,1187.7735690250522,1071.5515841283486,1071.5515841283486
2013-12-21 10:20:00+01:00,1183.197265625,1191.5289306640625,1478.1903076171875,1193.4729208946922,1236.222655157291,1286.4165993100623,1264.1584659677042,1286.4165993100623,1256.9188809530883,1389.092241044641,1223.6452502660352,1223.6452502660352
2013-12-21 10:30:00+01:00,1464.5921630859375,1183.197265625,1766.5224609375,1313.7360036830817,1432.3333913291103,1482.6424445671632,1465.9866781587868,1482.6424445671632,1407.2594056108962,1508.2347926417174,1406.0308579756681,1406.0308579756681
2013-12-21 10:40:00+01:00,1627.2996826171875,1464.5921630859375,1882.1126708984375,1537.377114763693,1639.9975880029017,1690.3490163592955,1673.509341999637,1690.3490163592955,1645.8376059045038,1739.767943036834,1611.2490436373514,1611.2490436373514
2013-12-21 10:50:00+01:00,1823.7962646484375,1627.2996826171875,2168.78662109375,1676.4048191436073,1847.3495898410463,1897.4126755851435,1874.644533716435,1897.4126755851435,1859.6617278660497,1912.0415970255408,1817.7291212010718,1817.7291212010718
2013-12-21 11:00:00+01:00,1806.946044921875,1823.7962646484375,2617.146484375,1907.7184827218607,2063.995972922204,2113.595123539097,2077.601750706066,2113.595123539097,2127.7415871922276,2176.008301339472,2016.6006317677854,2016.6006317677854
2013-12-21 11:10:00+01:00,2013.10693359375,1806.946044921875,2771.80029296875,1979.2577353847219,2237.3891848951225,2283.6436106584656,2227.5421260546227,2283.6436106584656,2223.826242363918,2248.080143615074,2094.21463023118,2094.21463023118
2013-12-21 11:20:00+01:00,2429.833740234375,2013.10693359375,2971.831787109375,2144.3465916602877,2400.94279517071,2444.4780941832714,2356.98327603813,2444.4780941832714,2437.6003148849823,2462.042955146098,2261.2640682630386,2261.2640682630386
2013-12-21 11:30:00+01:00,2454.53125,2429.833740234375,3282.41748046875,2393.567417144151,2596.2364227474786,2632.0945561793433,2513.949085838143,2632.0945561793433,2665.232564213975,2702.253839335167,2435.3136252041068,2435.3136252041068
2013-12-21 11:40:00+01:00,2610.092529296875,2454.53125,3447.475341796875,2538.861219316668,2765.8747814487124,2788.9028732128986,2648.2563148383547,2788.9028732128986,2780.9422923376487,2832.0083622940115,2557.1669303136473,2557.1669303136473
2013-12-21 11:50:00+01:00,3039.940673828125,2610.092529296875,3810.521240234375,2741.765771968472,2934.63107810528,2946.220103286918,2780.470323023224,2946.220103286918,2861.0805853109123,2992.9613738739117,2659.0048820086445,2659.0048820086445
2013-12-21 12:00:00+01:00,3289.762451171875,3039.940673828125,3909.26708984375,2993.033148175489,3126.5635791527584,3121.4055900630983,2936.125315563253,3121.4055900630983,3089.185730753649,3258.741222333161,2875.7473665474186,2875.7473665474186
2013-12-21 12:10:00+01:00,3277.99072265625,3289.762451171875,3590.756591796875,3233.3586031203804,3299.195831982945,3273.1993204301502,3080.365821010692,3273.1993204301502,3198.1727005704142,3431.189783227982,3055.258386535549,3055.258386535549
2013-12-21 12:20:00+01:00,3280.968505859375,3277.99072265625,3674.948486328125,3381.5545185833253,3445.035394391601,3405.158590704429,3204.499722593865,3405.158590704429,3250.393679862405,3564.506942169344,3163.1465079011186,3163.1465079011186
2013-12-21 12:30:00+01:00,3712.048095703125,3280.968505859375,3723.38134765625,3431.500594791615,3559.121229589731,3513.4499209742053,3301.5666656356025,3513.4499209742053,3287.7134908385333,3637.799680876571,3239.507025742322,3239.507025742322
2013-12-21 12:40:00+01:00,3323.2080078125,3712.048095703125,3996.819091796875,3641.4703291699816,3714.1252841970727,3662.3266149384817,3439.216902107397,3662.3266149384817,3506.4467569027265,3855.0826887841718,3451.847819362827,3451.847819362827
2013-12-21 12:50:00+01:00,3579.265625,3323.2080078125,4184.376953125,3489.253771761993,3802.9854505432395,3750.0233697349217,3525.4157143117004,3750.0233697349217,3464.6665721267445,3828.2105346043213,3461.4167964503185,3461.4167964503185
2013-12-21 13:00:00+01:00,3672.2626953125,3579.265625,3868.368408203125,3661.855329555241,3871.067654413511,3822.301645426796,3587.553912222566,3822.301645426796,3551.1739039690874,3937.742057560096,3592.6437739716275,3592.6437739716275
2013-12-21 13:10:00+01:00,3719.959228515625,3672.2626953125,3845.864501953125,3638.049246613659,3931.9836081118874,3888.4263226240532,3644.6518919952787,3888.4263226240532,3572.6051674292517,3959.4342010615906,3661.347812293083,3661.347812293083
2013-12-21 13:20:00+01:00,3381.26708984375,3719.959228515625,3849.219482421875,3737.0595331186455,3984.0312562345953,3945.9156837530522,3697.2003350338036,3945.9156837530522,3694.6118585769764,4081.4018443962973,3828.9931701908063,3828.9931701908063
2013-12-21 13:30:00+01:00,3742.53955078125,3381.26708984375,3967.209228515625,3573.499287513518,3983.1654404467845,3956.868425275834,3703.4712878487708,3956.868425275834,3629.2736413383786,3976.0243581921213,3821.4127182784996,3821.4127182784996
2013-12-21 13:40:00+01:00,3613.534423828125,3742.53955078125,4256.56640625,3714.8920814805683,4034.7563342873354,4016.9156979128743,3755.196990375411,4016.9156979128743,3795.6383048198795,4170.5446756372685,3985.345790779176,3985.345790779176
2013-12-21 13:50:00+01:00,3626.54443359375,3613.534423828125,3903.614501953125,3611.7080811985034,4038.139183273198,4022.502321556733,3767.524877677205,4022.502321556733,3744.535798045634,4069.259834607644,3939.2954371076376,3939.2954371076376
2013-12-21 14:00:00+01:00,3952.793212890625,3626.54443359375,4158.5419921875,3687.7382499143396,4054.571757668215,4043.5946215957842,3790.6199770411226,4043.5946215957842,3807.441808013128,4149.173174503809,4021.645114411668,4021.645114411668
2013-12-21 14:10:00+01:00,4221.103515625,3952.793212890625,4237.69140625,3823.7761777261962,4112.922993879246,4097.1750486307965,3854.504026338569,4097.1750486307965,3987.289644936777,4238.447017262781,4166.767955337154,4166.767955337154
2013-12-21 14:20:00+01:00,4256.2919921875,4221.103515625,4117.8837890625,4017.928628604775,4195.697930742549,4164.055957116902,3947.4040584674694,4164.055957116902,4096.842729616272,4358.344439860338,4296.113419172808,4296.113419172808
2013-12-21 14:30:00+01:00,4343.9814453125,4256.2919921875,4251.685546875,4170.649885611363,4290.1883414807835,4238.618915061942,4056.77186158161,4238.618915061942,4206.380827272348,4397.1754504098235,4383.569241774805,4383.569241774805
2013-12-21 14:40:00+01:00,4247.04736328125,4343.9814453125,4369.544921875,4293.693316002969,4393.504458719987,4319.756909555089,4175.132169259436,4319.756909555089,4356.657283097233,4500.472833014986,4518.668263231569,4518.668263231569
2013-12-21 14:50:00+01:00,4482.81689453125,4247.04736328125,4609.1181640625,4266.568701704474,4486.3303113886905,4391.53235026988,4282.4101225391805,4391.53235026988,4415.160036253389,4529.098214106563,4586.60409638664,4586.60409638664
2013-12-21 15:00:00+01:00,4332.15478515625,4482.81689453125,4950.865234375,4397.805602152282,4609.087673986078,4491.012037753528,4412.816662627707,4491.012037753528,4576.047350683547,4702.465224778841,4737.198128227132,4737.198128227132
2013-12-21 15:10:00+01:00,4579.6787109375,4332.15478515625,5118.01513671875,4333.34600482666,4701.881615932529,4560.159707548775,4512.513079550281,4560.159707548775,4590.806244174021,4730.22838528892,4734.863000998859,4734.863000998859
2013-12-21 15:20:00+01:00,4600.04443359375,4579.6787109375,5034.9755859375,4500.172763315408,4795.768590486915,4630.662939808461,4602.471106327116,4630.662939808461,4722.5862985558815,4885.090962066149,4825.375989456189,4825.375989456189
2013-12-21 15:30:00+01:00,4888.67431640625,4600.04443359375,4939.49267578125,4512.529923332292,4869.0727500549965,4681.11479110382,4667.960881504306,4681.11479110382,4794.172457806799,4887.140336339689,4803.386568461438,4803.386568461438
2013-12-21 15:40:00+01:00,4814.12158203125,4888.67431640625,5049.12158203125,4729.983959772898,4967.247829155164,4755.499959673781,4753.42103222871,4755.499959673781,5012.5585300414905,5097.883277409977,4987.360555904091,4987.360555904091
2013-12-21 15:50:00+01:00,5115.5302734375,4814.12158203125,4837.5068359375,4742.282561712018,5028.152886613987,4793.540285576197,4804.67582444402,4793.540285576197,4986.305250108486,5025.130666716941,4941.118846637572,4941.118846637572
2013-12-21 16:00:00+01:00,4931.1318359375,5115.5302734375,5057.76611328125,4957.756700777704,5123.923336607057,4867.378035928204,4888.1799808384785,4867.378035928204,5144.153656355608,5172.014845032831,5048.769134007121,5048.769134007121
2013-12-21 16:10:00+01:00,5197.42138671875,4931.1318359375,5568.0927734375,4886.044100454393,5211.4334392484925,4934.269484588374,4971.948171047416,4934.269484588374,5185.941622918812,5158.727074576846,5035.753395857644,5035.753395857644
2013-12-21 16:20:00+01:00,5152.1005859375,5197.42138671875,5257.15478515625,5063.771312327244,5286.873405982653,4987.794280059535,5038.343160544205,4987.794280059535,5322.392608254436,5288.54429616334,5136.0079290592075,5136.0079290592075
2013-12-21 16:30:00+01:00,5161.93798828125,5152.1005859375,5529.1630859375,5026.092085041283,5358.334152085923,5039.951294054427,5101.704567432539,5039.951294054427,5262.883777032071,5292.224706012521,5109.953059219943,5109.953059219943
2013-12-21 16:40:00+01:00,5238.3193359375,5161.93798828125,5555.03076171875,5079.34780277516,5409.870128298764,5075.323597328258,5143.502643062618,5075.323597328258,5274.359977608552,5397.10309383017,5150.270200693164,5150.270200693164
2013-12-21 16:50:00+01:00,5195.26953125,5238.3193359375,5631.80908203125,5093.626595193098,5455.205753902284,5106.842068192666,5176.467904351852,5106.842068192666,5295.644625311926,5384.913569712768,5155.6776058914575,5155.6776058914575
2013-12-21 17:00:00+01:00,5096.810546875,5195.26953125,5643.94140625,5068.678876753563,5477.436228654397,5118.611921747635,5186.123002382088,5118.611921747635,5299.89251961904,5455.223571072366,5215.7089080158985,5215.7089080158985
2013-12-21 17:10:00+01:00,4723.40576171875,5096.810546875,5752.09423828125,5010.016699718642,5475.024627107448,5112.214321577284,5171.068254172794,5112.214321577284,5216.026905650787,5415.519088138681,5148.152544059176,5148.152544059176
2013-12-21 17:20:00+01:00,4707.66015625,4723.40576171875,5626.72216796875,4765.7616538960465,5397.268353307959,5043.122431341976,5082.037429329612,5043.122431341976,5059.255922685651,5265.113104486479,5020.510553960978,5020.510553960978
2013-12-21 17:30:00+01:00,4619.04443359375,4707.66015625,5712.61181640625,4652.241036522478,5307.3525904734,4970.992864074125,4976.132167863541,4970.992864074125,4935.391690956247,5167.857470243457,4909.10488157957,4909.10488157957
2013-12-21 17:40:00+01:00,4474.986328125,4619.04443359375,5665.31103515625,4490.938233135782,5196.175116987972,4879.989215731006,4851.064023167841,4879.989215731006,4872.682773612231,5103.5211347363565,4866.283874086422,4866.283874086422
2013-12-21 17:50:00+01:00,4293.826171875,4474.986328125,5206.18505859375,4375.096992468002,5038.941778867324,4746.321492387826,4682.151397100834,4746.321492387826,4641.129004411908,4896.789646369134,4698.710149444798,4698.710149444798
2013-12-21 18:00:00+01:00,4229.71484375,4293.826171875,5011.923828125,4213.439388818157,4854.644841406456,4592.669683843177,4490.281112796436,4592.669683843177,4418.8930185407535,4671.074727515606,4482.462288243686,4482.462288243686
2013-12-21 18:10:00+01:00,3847.863525390625,4229.71484375,5022.72216796875,4093.8534595684514,4675.997564770649,4447.59639403526,4310.533372347917,4447.59639403526,4327.6871680137365,4560.040554030361,4407.271652406794,4407.271652406794
2013-12-21 18:20:00+01:00,3759.316162109375,3847.863525390625,4812.74609375,3820.042375354363,4446.733948250353,4257.06737320008,4090.7787417630943,4257.06737320008,4087.975430535546,4294.369109815178,4197.177107368534,4197.177107368534
2013-12-21 18:30:00+01:00,3328.40380859375,3759.316162109375,4872.275390625,3677.5484849461222,4228.434766891587,4081.242986293922,3886.215944440467,4081.242986293922,3940.51798824436,4134.972113065528,4030.1052918067444,4030.1052918067444
2013-12-21 18:40:00+01:00,3298.841552734375,3328.40380859375,4650.728515625,3331.2496598432485,3957.5895618578807,3855.5097900209394,3636.7210147618475,3855.5097900209394,3650.1446392100343,3837.3150333499043,3751.6502741351956,3751.6502741351956
2013-12-21 18:50:00+01:00,3376.93408203125,3298.841552734375,4396.7763671875,3209.825864379138,3701.2456260461963,3641.561919856285,3401.3845097904596,3641.561919856285,3528.449899641565,3675.941282009676,3599.047970713221,3599.047970713221
2013-12-21 19:00:00+01:00,3115.28515625,3376.93408203125,3943.481201171875,3125.774633670571,3475.0419075262394,3443.898563498998,3198.909287607202,3443.898563498998,3407.7697294984696,3505.4289744491552,3457.1813512723916,3457.1813512723916
2013-12-21 19:10:00+01:00,2839.4736328125,3115.28515625,3720.5263671875,2981.9209090235377,3246.5387659007642,3238.31811221633,3001.1752943517668,3238.31811221633,3227.411271866006,3275.551032588567,3294.556570535187,3294.556570535187
2013-12-21 19:20:00+01:00,2628.26025390625,2839.4736328125,3775.09423828125,2801.323296946131,3024.233516743676,3039.4509191375014,2813.906076325441,3039.4509191375014,2986.4685306762826,3038.695203164233,3061.0781933864655,3061.0781933864655
2013-12-21 19:30:00+01:00,2649.7197265625,2628.26025390625,3760.401611328125,2577.9689435510995,2811.1743073626217,2846.2018941286265,2636.3586531001074,2846.2018941286265,2783.6530291275435,2877.4505269278884,2899.069149644861,2899.069149644861
2013-12-21 19:40:00+01:00,2409.682373046875,2649.7197265625,3713.335205078125,2481.3044795946735,2641.648641309632,2687.320613207632,2501.227837100983,2687.320613207632,2688.832797143126,2762.263068980027,2780.608461325712,2780.608461325712
2013-12-21 19:50:00+01:00,2318.032470703125,2409.682373046875,3593.795166015625,2303.1653832073093,2473.9126360137925,2522.191165526593,2364.9542977295655,2522.191165526593,2428.7164931467164,2544.3985030363115,2552.8494793979407,2552.8494793979407
2013-12-21 20:00:00+01:00,2096.162353515625,2318.032470703125,3191.95458984375,2213.385822110737,2314.034438910953,2356.5352776651557,2228.886854503121,2356.5352776651557,2276.8141490010753,2386.442277188529,2401.4159028918643,2401.4159028918643
2013-12-21 20:10:00+01:00,1898.7650146484375,2096.162353515625,2952.37255859375,2023.5840871766322,2151.287109958143,2185.0236287447124,2082.656190614005,2185.0236287447124,2076.2675600820066,2174.9481365429647,2195.067487223821,2195.067487223821
2013-12-21 20:20:00+01:00,1636.904296875,1898.7650146484375,2834.261474609375,1859.6897360437154,1992.563610886428,2017.9569331368973,1935.0489947219182,2017.9569331368973,1938.7222095936233,2019.8584967663314,2032.072480526142,2032.072480526142
2013-12-21 20:30:00+01:00,1420.6627197265625,1636.904296875,2514.453369140625,1639.0787189011128,1817.3412698628272,1833.9948016301958,1763.9706199981215,1833.9948016301958,1709.1240003983405,1801.863575479159,1800.6921544650538,1800.6921544650538
2013-12-21 20:40:00+01:00,1195.5848388671875,1420.6627197265625,2228.60302734375,1438.621735934997,1636.0588043035675,1645.8665113943161,1581.7926169236177,1645.8665113943161,1516.4995399988281,1606.2960474376343,1585.862714313291,1585.862714313291
2013-12-21 20:50:00+01:00,1291.73388671875,1195.5848388671875,2209.059326171875,1227.9361275784247,1460.831287915838,1468.6563194882615,1405.2925600876272,1468.6563194882615,1329.5925690104805,1429.5751244871678,1387.0972711014122,1387.0972711014122
2013-12-21 21:00:00+01:00,1121.3543701171875,1291.73388671875,2157.26171875,1192.5842535918248,1344.5729643558045,1347.0832840113142,1296.5861344440964,1347.0832840113142,1319.7086810728415,1397.8605254808365,1350.6640834510508,1350.6640834510508
2013-12-21 21:10:00+01:00,1123.2998046875,1121.3543701171875,1667.4150390625,1066.9251979151948,1221.039932244296,1213.16574398006,1179.797548118613,1213.16574398006,1181.6096712166168,1209.8326785518536,1169.1020921368945,1169.1020921368945
2013-12-21 21:20:00+01:00,1009.4166870117188,1123.2998046875,1718.8184814453125,1059.0439167907089,1136.5577055786541,1121.2166870737701,1106.595029483097,1121.2166870737701,1151.1510982742145,1182.1545907629852,1129.3953564153367,1129.3953564153367
2013-12-21 21:30:00+01:00,1009.57373046875,1009.4166870117188,1810.925048828125,960.6448087853095,1065.8404597744745,1045.520298197388,1048.064020599116,1045.520298197388,1075.3339685495046,1104.375974554563,1055.0715914285572,1055.0715914285572
2013-12-21 21:40:00+01:00,845.9598999023438,1009.57373046875,1654.670654296875,939.8618574316821,1010.9371725027883,984.8973750522335,1004.0199934539511,984.8973750522335,1043.2548684877474,1062.5586739871471,1021.9009350998051,1021.9009350998051
2013-12-21 21:50:00+01:00,824.4451904296875,845.9598999023438,1567.5032958984375,828.7653394168917,944.3969563236794,916.4343666054334,941.182283910868,916.4343666054334,934.2453260411836,953.977751758026,921.7532379379942,921.7532379379942
2013-12-21 22:00:00+01:00,1049.986328125,824.4451904296875,1468.9844970703125,790.2706084537715,885.9826637542511,858.0152511670865,883.8805282213284,858.0152511670865,889.0077796703804,915.6408485793103,893.1758725675543,893.1758725675543
2013-12-21 22:10:00+01:00,899.431396484375,1049.986328125,1233.625,850.9598010579361,863.1636307357356,831.7896096314337,869.2716832923494,831.7896096314337,942.0721044766309,932.1256762443251,912.9733572343017,912.9733572343017
2013-12-21 22:20:00+01:00,778.837158203125,899.431396484375,1192.0740966796875,807.4618687128602,829.6810835369411,798.0418422298036,841.2292833420793,798.0418422298036,873.3863080358518,873.0071122437233,877.3888746714815,877.3888746714815
2013-12-21 22:30:00+01:00,784.3657836914062,778.837158203125,1267.816162109375,772.8582598580665,789.9637415767901,761.7789444787976,802.2406791785572,761.7789444787976,801.560088930396,817.6927451748686,828.598681149613,828.598681149613
2013-12-21 22:40:00+01:00,847.26513671875,784.3657836914062,997.8400268554688,724.826353920837,748.0307950990465,722.0424187900636,757.6082472212073,722.0424187900636,763.0925073167836,767.0082562088131,796.3607716439981,796.3607716439981
2013-12-21 22:50:00+01:00,807.6160278320312,847.26513671875,1207.6160888671875,725.7225105948829,730.1894631321007,708.6767060942801,744.3952120146041,708.6767060942801,791.2996714709119,792.2220065642441,813.9438194329423,813.9438194329423
2013-12-21 23:00:00+01:00,717.5034790039062,807.6160278320312,1152.789794921875,715.5308944206607,710.5383431508668,692.9537556608803,728.2265893001116,692.9537556608803,768.4574082369206,747.8992351160418,794.6674181572876,794.6674181572876
2013-12-21 23:10:00+01:00,554.8814086914062,717.5034790039062,946.7474975585938,677.9021926993274,675.5892615914348,661.2680229355095,689.9206164038733,661.2680229355095,689.884189316658,679.6578975307632,734.4750107826974,734.4750107826974
2013-12-21 23:20:00+01:00,431.04718017578125,554.8814086914062,757.1641845703125,571.1528479185204,614.4349282836511,604.1523740670469,616.8639835503201,604.1523740670469,586.7596280491014,577.1126873247485,631.1565414865107,631.1565414865107
2013-12-21 23:30:00+01:00,450.6121520996094,431.04718017578125,693.1621704101562,462.9621449069644,541.662131755,536.4286674289456,531.021460875095,536.4286674289456,509.9387988351874,510.05256232933107,559.8272876582122,559.8272876582122
2013-12-21 23:40:00+01:00,378.2580871582031,450.6121520996094,596.3414916992188,424.253825490034,485.54005095227353,483.3659996710694,470.4089413168325,483.3659996710694,487.2301729650494,485.02294384421265,517.2367994409047,517.2367994409047
2013-12-21 23:50:00+01:00,413.0445861816406,378.2580871582031,647.8712768554688,364.2602481517024,434.73457594702796,436.03215803936973,419.6517965234422,436.03215803936973,424.0940012763369,420.2850873016898,466.81661110990643,466.81661110990643
2013-12-22 00:00:00+01:00,416.82958984375,413.0445861816406,617.8547973632812,374.3919195290309,402.3885705397352,405.11226415198934,392.2437583083304,405.11226415198934,418.73321235234005,410.7852655462742,452.30655221414133,452.30655221414133
2013-12-22 00:10:00+01:00,471.0095520019531,416.82958984375,518.4885864257812,364.54595564225485,377.3968000765055,380.1191278582747,372.5560251930617,380.1191278582747,403.93210432482635,399.524556357211,433.0763746034481,433.0763746034481
2013-12-22 00:20:00+01:00,364.3125915527344,471.0095520019531,502.6976623535156,398.28310690661874,365.9161526694416,368.85410396927335,368.6405696837823,368.85410396927335,419.50910621167657,409.3981910894231,437.4707092031706,437.4707092031706
2013-12-22 00:30:00+01:00,317.0771789550781,364.3125915527344,423.2685852050781,355.53351013702286,343.66475946135364,346.12891425308845,346.71523814967793,346.12891425308845,356.1341539644218,353.2047482950473,373.70410546101266,373.70410546101266
2013-12-22 00:40:00+01:00,296.89959716796875,317.0771789550781,399.1672668457031,326.66663500634536,319.86055237501284,321.8234063397622,320.80864908439617,321.8234063397622,316.27667061419663,319.5886200333292,335.8924912795092,335.8924912795092
2013-12-22 00:50:00+01:00,202.74720764160156,296.89959716796875,370.3970947265625,288.66163092903383,298.02629925890795,299.54698951451076,297.19222096455337,299.54698951451076,287.8090405005991,289.9908319996191,305.4096216652406,305.4096216652406
2013-12-22 01:00:00+01:00,218.88101196289062,202.74720764160156,333.7028503417969,225.28234511385014,266.01766605979645,266.71693244286126,259.7552561265603,266.71693244286126,240.6128169944367,245.10102727009604,255.19028893297764,255.19028893297764
2013-12-22 01:10:00+01:00,220.17166137695312,218.88101196289062,319.21246337890625,216.7536308082692,244.4223545379796,244.2816784810421,237.55175886581924,244.2816784810421,225.2933515512498,233.87427403878942,241.81455568055995,241.81455568055995
2013-12-22 01:20:00+01:00,203.02659606933594,220.17166137695312,328.19091796875,199.95799435904797,228.593753021891,228.5127960005719,223.4081331365711,228.5127960005719,209.40408322814196,221.3588054028479,229.0654135619832,229.0654135619832
2013-12-22 01:30:00+01:00,209.57049560546875,203.02659606933594,307.7166748046875,196.01535971072187,214.39843897997912,214.2050378251737,210.25171322572245,214.2050378251737,196.19016616807014,209.4940514661771,214.19663429262314,214.19663429262314
2013-12-22 01:40:00+01:00,187.7339630126953,209.57049560546875,280.9683837890625,197.47435594715859,204.38597986655273,204.0327216613666,201.75296203810734,204.0327216613666,192.4025539142939,206.62374825775308,209.2661417623769,209.2661417623769
2013-12-22 01:50:00+01:00,179.9567413330078,187.7339630126953,297.2444763183594,183.92121515147278,194.29188076614338,194.48938212748658,192.40102766835847,194.48938212748658,179.65360454930172,190.41395798420297,193.6028711976383,193.6028711976383
2013-12-22 02:00:00+01:00,176.4017791748047,179.9567413330078,296.8092041015625,178.5693029636776,185.74743214923322,186.42563750654213,184.31061047426675,186.42563750654213,172.33471445183443,181.95008992586202,186.11704366062645,186.11704366062645
2013-12-22 02:10:00+01:00,158.61143493652344,176.4017791748047,275.2043762207031,171.08785727127707,178.50005020299741,179.49665544122013,177.3239672110423,179.49665544122013,165.90976588376998,176.55029971042276,179.31120986971564,179.31120986971564
2013-12-22 02:20:00+01:00,179.75340270996094,158.61143493652344,295.965576171875,159.96509395189113,170.7235459962039,172.49884396927777,169.4352200768817,172.49884396927777,155.741676105334,164.2640744538146,167.25610347962134,167.25610347962134
2013-12-22 02:30:00+01:00,155.4287872314453,179.75340270996094,288.8057861328125,167.65227445622196,167.41915926279776,169.94178542091424,167.37528197941936,169.94178542091424,157.48357535817158,168.64217387195833,172.72958610272218,172.72958610272218
2013-12-22 02:40:00+01:00,161.61683654785156,155.4287872314453,261.1806640625,154.74897516821534,161.56336116156584,164.45428147140308,160.91318199744805,164.45428147140308,146.41425097549734,157.23912558064285,161.66055745616535,161.66055745616535
2013-12-22 02:50:00+01:00,163.42893981933594,161.61683654785156,364.0741271972656,159.8257520987311,158.64191233409534,163.41637069054445,159.27250329856506,163.41637069054445,149.14473877737012,158.64328077285947,167.66168703801475,167.66168703801475
2013-12-22 03:00:00+01:00,154.2881622314453,163.42893981933594,311.5498352050781,156.4174110971486,156.48253559312394,161.8981837906586,157.29483424870924,161.8981837906586,146.39321222219314,156.06940205063572,163.1785624976627,163.1785624976627
2013-12-22 03:10:00+01:00,142.01356506347656,154.2881622314453,293.97247314453125,154.08108964410332,153.39658543420205,159.3298876715141,153.9018627668003,159.3298876715141,144.4733858819387,154.08444818351413,159.9420850467079,159.9420850467079
2013-12-22 03:20:00+01:00,155.6812744140625,142.01356506347656,271.56915283203125,146.97548867848872,149.26942757829255,155.21568831261118,148.88667752357117,155.21568831261118,140.15755870737803,148.1717686571671,153.92142273168423,153.92142273168423
2013-12-22 03:30:00+01:00,147.1571807861328,155.6812744140625,252.2216339111328,150.45983704797897,147.5871177393126,153.57943759593402,147.50518053027864,153.57943759593402,144.48379756328717,151.38097736721159,154.22362989356694,154.22362989356694
2013-12-22 03:40:00+01:00,156.0391082763672,147.1571807861328,242.80673217773438,145.64639326052233,145.2432996008343,151.30648038482937,144.9618730697945,151.30648038482937,139.17353988820693,147.24626616408423,151.45198445707499,151.45198445707499
2013-12-22 03:50:00+01:00,151.3917236328125,156.0391082763672,245.76864624023438,152.9224078859699,144.68275224204933,151.07273774070276,144.91904170819663,151.07273774070276,143.61544888073246,152.57079234275065,157.351251985241,157.351251985241
2013-12-22 04:00:00+01:00,144.24456787109375,151.3917236328125,236.2476043701172,150.2812264264857,143.86961856859284,150.44955522557177,144.09529043483462,150.44955522557177,139.89945312831293,149.2845992171373,154.35991367253865,154.35991367253865
2013-12-22 04:10:00+01:00,145.34608459472656,144.24456787109375,220.81198120117188,148.46124567992342,142.4770362564594,148.93173429324597,142.24470117596158,148.93173429324597,140.9556900196731,150.00958754408205,155.45624589954704,155.45624589954704
2013-12-22 04:20:00+01:00,149.29714965820312,145.34608459472656,274.60772705078125,147.21659798864343,142.0927783195235,149.44528353024762,142.26976766833002,149.44528353024762,140.9797968604454,149.9515750127714,157.03588108388192,157.03588108388192
2013-12-22 04:30:00+01:00,156.20477294921875,149.29714965820312,239.82627868652344,148.18487037016033,142.4000826961775,149.73900514880737,142.53325034349197,149.73900514880737,140.77669738751266,152.20875229342985,156.25212461574995,156.25212461574995
2013-12-22 04:40:00+01:00,148.2244415283203,156.20477294921875,224.39930725097656,153.3310701917596,143.47333542339763,150.86323811014788,143.87649794528616,150.86323811014788,141.86932683251106,154.18817346720027,155.75652008414184,155.75652008414184
2013-12-22 04:50:00+01:00,137.28138732910156,148.2244415283203,242.96359252929688,151.89647923379698,143.8707618234616,151.63832785247354,144.17495119336704,151.63832785247354,141.54936897944143,153.23398927159042,154.4447023501901,154.4447023501901
2013-12-22 05:00:00+01:00,175.6871795654297,137.28138732910156,221.0352020263672,146.8844848998975,143.0462840868585,150.36270317380138,142.38626938558056,150.36270317380138,138.7648842586905,150.6259463941955,148.72045796935546,148.72045796935546
2013-12-22 05:10:00+01:00,188.88160705566406,175.6871795654297,230.16908264160156,163.79192422146943,147.23041288434757,154.94390379032146,148.09352560602787,154.94390379032146,149.8578242749843,166.0528777061369,160.67316490987622,160.67316490987622
2013-12-22 05:20:00+01:00,153.5230255126953,188.88160705566406,224.53164672851562,174.74493170331513,152.62529645929055,160.94107462028026,154.71309562137412,160.94107462028026,155.38673568489776,172.30999994752045,166.17518447018287,166.17518447018287
2013-12-22 05:30:00+01:00,166.23944091796875,153.5230255126953,222.76654052734375,169.78002737857085,153.64143235374635,161.99684439530503,154.4398590579169,161.99684439530503,150.33790921783506,167.60299523640512,160.4667839092493,160.4667839092493
2013-12-22 05:40:00+01:00,139.73802185058594,166.23944091796875,230.71017456054688,175.3025032596362,156.74038889953002,165.20337044934064,157.38217286461827,165.20337044934064,157.7025534242997,175.97942838135526,169.44356857817178,169.44356857817178
2013-12-22 05:50:00+01:00,167.0637664794922,139.73802185058594,264.2810363769531,154.55245901562654,156.54747384429308,165.22465151091512,155.71457240911204,165.22465151091512,146.57299073377033,165.80626294397916,162.6039539368643,162.6039539368643
2013-12-22 06:00:00+01:00,157.21971130371094,167.0637664794922,232.15658569335938,169.61668862398818,160.20264177911451,168.36309070313294,159.51924248052865,168.36309070313294,155.39509826155899,180.88793518572172,168.63977338068582,168.63977338068582
2013-12-22 06:10:00+01:00,191.8217315673828,157.21971130371094,233.92330932617188,162.99677217579344,162.32782634838807,170.17324913699485,161.14960619986064,170.17324913699485,150.3991189363809,171.36229190296532,164.37692582241587,164.37692582241587
2013-12-22 06:20:00+01:00,174.4411163330078,191.8217315673828,241.91744995117188,189.24317983410864,169.31782781543006,177.25994846322052,169.45783154724438,177.25994846322052,163.91550298727913,191.69438329299302,175.32897017038465,175.32897017038465
2013-12-22 06:30:00+01:00,181.1199188232422,174.4411163330078,253.59950256347656,184.69215890945117,174.09190721154377,182.152852113991,173.931268893705,182.152852113991,161.42506783408166,185.70762020618665,177.10980448100213,177.10980448100213
2013-12-22 06:40:00+01:00,198.5891876220703,181.1199188232422,242.08346557617188,196.96376848438052,179.77342282388219,187.42873448779997,179.2692625368961,187.42873448779997,171.24741582190012,201.77139093932993,186.40495696412006,186.40495696412006
2013-12-22 06:50:00+01:00,175.94361877441406,198.5891876220703,270.68292236328125,205.00233334025472,188.26819043136115,196.29389153624365,188.37478287454132,196.29389153624365,174.04895905113943,204.7130308576885,191.07706725667697,191.07706725667697
2013-12-22 07:00:00+01:00,185.95343017578125,175.94361877441406,246.90765380859375,199.09552435354996,192.92323179588362,200.25240674027685,191.41695725418822,200.25240674027685,174.07930513388263,203.813874125999,189.55189148211102,189.55189148211102
2013-12-22 07:10:00+01:00,169.4521026611328,185.95343017578125,261.54449462890625,207.85757949088998,199.4681086983449,206.39829730009774,197.25331817746286,206.39829730009774,179.11053979771822,207.69771480392254,197.47922496369202,197.47922496369202
2013-12-22 07:20:00+01:00,143.36398315429688,169.4521026611328,279.1737976074219,195.60634408276346,203.61279861596233,210.09862454408622,199.69462771692469,210.09862454408622,179.1534551858504,208.66018730008648,201.6244201596447,201.6244201596447
2013-12-22 07:30:00+01:00,193.89926147460938,143.36398315429688,267.33154296875,180.7296755856693,202.82397404347066,207.9416918245847,195.71964661271207,207.9416918245847,176.0761365153792,200.6668601463469,197.03308433182087,197.03308433182087
2013-12-22 07:40:00+01:00,184.47607421875,193.89926147460938,276.8534240722656,203.54106643016127,211.45325207264708,215.69670099193604,205.2148810920904,215.69670099193604,194.0714066097188,224.83698307770422,217.49623637233842,217.49623637233842
2013-12-22 07:50:00+01:00,240.3191375732422,184.47607421875,280.8197326660156,201.85618666156324,218.5155457894116,222.07320103246184,212.1107398788589,222.07320103246184,198.74781816875714,224.13104264818082,223.67665137765573,223.67665137765573
2013-12-22 08:00:00+01:00,326.5225830078125,240.3191375732422,268.5918273925781,251.61442189981244,234.32767533686535,237.00757685812252,230.06794476510393,237.00757685812252,225.4413760502745,259.3490920005865,251.39091514119568,251.39091514119568
2013-12-22 08:10:00+01:00,215.69338989257812,326.5225830078125,298.42535400390625,308.6311290526935,263.0526475920647,266.08804826706586,263.9173614123847,266.08804826706586,259.1418758831695,294.72775878129437,299.02695450196734,299.02695450196734
2013-12-22 08:20:00+01:00,260.6025390625,215.69338989257812,330.80316162109375,281.98209408654594,276.7408178491853,280.37052669203655,274.94178620780383,280.37052669203655,249.63110601139311,276.36110020726875,280.9434514777501,280.9434514777501
2013-12-22 08:30:00+01:00,264.7892761230469,260.6025390625,353.7738952636719,317.81134183421005,299.3628845355177,303.3378999082836,296.5530777382867,303.3378999082836,284.44917492434325,313.90053524147027,321.04498235595383,321.04498235595383
2013-12-22 08:40:00+01:00,250.56295776367188,264.7892761230469,453.24981689453125,299.90929598188654,325.38111465385924,331.3228502701939,321.55387000521597,331.3228502701939,290.5217988981163,320.27348420105227,334.945478707025,334.945478707025
2013-12-22 08:50:00+01:00,314.7869873046875,250.56295776367188,440.5480651855469,309.19626386087504,347.08703900838344,353.97973053250064,339.85278957708425,353.97973053250064,298.31852703903854,332.57902476241804,338.80546953403075,338.80546953403075
2013-12-22 09:00:00+01:00,313.9971618652344,314.7869873046875,478.7310485839844,349.7843927739262,381.54504708013724,389.993123576858,373.96979500020836,389.993123576858,343.2483430242275,379.5312524988937,391.8190744052548,391.8190744052548
2013-12-22 09:10:00+01:00,307.7366638183594,313.9971618652344,506.2751770019531,360.1491437248517,415.6151579461157,425.78713148548064,406.92386593609314,425.78713148548064,365.8545275906333,402.929145445719,406.50883276808025,406.50883276808025
2013-12-22 09:20:00+01:00,368.32415771484375,307.7366638183594,694.08642578125,379.94083888980146,454.0776236648723,467.47619153214515,443.08999558526966,467.47619153214515,408.5656601394312,443.46753193895256,451.24382905265617,451.24382905265617
2013-12-22 09:30:00+01:00,479.69915771484375,368.32415771484375,641.4094848632812,418.20894268352305,500.71536193368706,515.2233491639362,488.48607315392906,515.2233491639362,457.931912896139,492.5712068779529,502.55268871563476,502.55268871563476
2013-12-22 09:40:00+01:00,485.3155212402344,479.69915771484375,721.6055908203125,495.0025421613654,569.9861065315278,586.1040868166465,560.8396514129313,586.1040868166465,533.5620023392206,580.87369841486,584.8508929936733,584.8508929936733
2013-12-22 09:50:00+01:00,637.4825439453125,485.3155212402344,907.7252197265625,546.6866637640518,646.9289213822397,664.8474668700072,640.1974731071007,664.8474668700072,611.6640005164644,654.2533890098081,664.5988149545306,664.5988149545306
2013-12-22 10:00:00+01:00,769.5695190429688,637.4825439453125,1114.5947265625,678.6816221045078,758.4448866002181,777.0710883117208,756.3802371702315,777.0710883117208,773.7223393309586,815.6991156538595,843.4871275731799,843.4871275731799
2013-12-22 10:10:00+01:00,1042.93896484375,769.5695190429688,1228.5955810546875,787.6849950150715,894.0912456159932,910.8387005690663,897.9238039210373,910.8387005690663,904.865676725548,956.6786605142553,973.5475734526532,973.5475734526532
2013-12-22 10:20:00+01:00,1120.0113525390625,1042.93896484375,1423.197509765625,1024.1556517483305,1075.8690023584406,1088.0643423710492,1088.4664103746102,1088.0643423710492,1157.3002014622416,1215.2032711893844,1186.3670849334515,1186.3670849334515
2013-12-22 10:30:00+01:00,1506.1578369140625,1120.0113525390625,1654.0882568359375,1173.0570301596008,1269.4615530708174,1274.9449718502094,1288.6100820959693,1274.9449718502094,1301.5377294679627,1334.6370870752112,1292.009174490419,1292.009174490419
2013-12-22 10:40:00+01:00,1612.7490234375,1506.1578369140625,1956.667724609375,1498.828408761991,1513.7447944770045,1510.4323431258933,1536.4841321422878,1510.4323431258933,1595.0366450525153,1620.5293617364534,1510.7610559761235,1510.7610559761235
2013-12-22 10:50:00+01:00,1948.46826171875,1612.7490234375,2178.82373046875,1658.0758450805067,1756.488118815983,1742.7389406389143,1776.5127180741088,1742.7389406389143,1788.1482606705815,1789.1071631314846,1685.037048555678,1685.037048555678
2013-12-22 11:00:00+01:00,1964.9063720703125,1948.46826171875,2410.5361328125,1993.4805611115219,2018.3801571577403,1994.7289360971647,2024.6513892432383,1994.7289360971647,2087.2020561676686,2101.8087409053146,1954.1671234628143,1954.1671234628143
2013-12-22 11:10:00+01:00,2264.958740234375,1964.9063720703125,2694.756103515625,2093.8725643371126,2251.2284726760968,2220.3829677628205,2231.9235501028625,2220.3829677628205,2221.2570818178738,2230.6521406310576,2066.844833927121,2066.844833927121
2013-12-22 11:20:00+01:00,2556.042236328125,2264.958740234375,2692.79541015625,2361.913616561615,2470.1171116938935,2434.734914009031,2411.269164769333,2434.734914009031,2489.5878574927656,2508.7347575900512,2297.465191674085,2297.465191674085
2013-12-22 11:30:00+01:00,2781.13037109375,2556.042236328125,3070.390625,2570.145653719428,2701.2581786985147,2661.7261386826854,2595.2688595123345,2661.7261386826854,2715.9625332336414,2752.655617083348,2458.472433054274,2458.472433054274
2013-12-22 11:40:00+01:00,2721.041015625,2781.13037109375,3627.385498046875,2828.5635160715187,2945.783041436197,2901.1043615899566,2790.3506599263687,2901.1043615899566,2970.0339757764373,3052.669217471827,2717.1224501740517,2717.1224501740517
2013-12-22 11:50:00+01:00,2945.8359375,2721.041015625,4001.855712890625,2908.0425585053817,3148.7590735950052,3102.347466700014,2945.241014406549,3102.347466700014,3020.7014234121775,3109.613538929616,2763.873836604887,2763.873836604887
2013-12-22 12:00:00+01:00,3088.5341796875,2945.8359375,3704.959716796875,3069.7764259186115,3308.880332697145,3264.424191223652,3054.3935620328107,3264.424191223652,3140.8350946525134,3293.144415770441,2936.5993154551666,2936.5993154551666
2013-12-22 12:10:00+01:00,3307.9296875,3088.5341796875,3940.87890625,3152.679255084581,3456.8623492308957,3416.8231094668226,3151.8702529246816,3416.8231094668226,3234.3753847544094,3405.549299674634,3057.162694388069,3057.162694388069
2013-12-22 12:20:00+01:00,3401.137451171875,3307.9296875,4146.15283203125,3343.8468443430443,3604.566198515571,3567.7825821829556,3253.9365005825475,3567.7825821829556,3362.0032159347834,3589.6335465549428,3209.1834225391835,3209.1834225391835
2013-12-22 12:30:00+01:00,3480.995849609375,3401.137451171875,4702.42919921875,3455.122372565355,3758.3506223488357,3723.6527565180736,3370.01621034455,3723.6527565180736,3430.4753633053347,3688.925694584502,3249.264011336244,3249.264011336244
2013-12-22 12:40:00+01:00,3382.0595703125,3480.995849609375,4197.48388671875,3557.8803670036377,3855.395402005162,3822.6923394119976,3441.2995606125614,3822.6923394119976,3473.386009009354,3760.1423355044426,3353.150723785181,3353.150723785181
2013-12-22 12:50:00+01:00,3540.379638671875,3382.0595703125,4313.29736328125,3525.2779370941844,3916.0786545133433,3891.7331240673357,3482.85777142913,3891.7331240673357,3456.8764637432323,3807.1065582152482,3406.262238869408,3406.262238869408
2013-12-22 13:00:00+01:00,3520.158935546875,3540.379638671875,4521.2177734375,3599.7520542930083,3983.3215661460613,3967.6145039833295,3532.648103823644,3967.6145039833295,3544.5557617465074,3939.623022165518,3555.6880318484655,3555.6880318484655
2013-12-22 13:10:00+01:00,3635.41259765625,3520.158935546875,4276.9794921875,3575.111729285193,4011.3837811549542,4002.514561121891,3554.3627967818966,4002.514561121891,3517.714065424828,3885.849961912769,3536.2246183700563,3536.2246183700563
2013-12-22 13:20:00+01:00,3604.935546875,3635.41259765625,4215.81103515625,3663.484521732726,4037.7797789638666,4034.9133833887818,3578.6375720978513,4034.9133833887818,3569.1181626923976,4004.7463772917954,3704.9953045798834,3704.9953045798834
2013-12-22 13:30:00+01:00,3322.6201171875,3604.935546875,4585.1259765625,3650.505013646691,4072.3429357304076,4073.8035834492403,3618.043016020407,4073.8035834492403,3585.49939358246,4037.306117550196,3766.8527196639893,3766.8527196639893
2013-12-22 13:40:00+01:00,3709.612548828125,3322.6201171875,4331.67578125,3511.5811336045494,4034.7662183163093,4043.3420350813153,3596.8953271147125,4043.3420350813153,3570.2909714940683,3969.927357530716,3815.6233695657465,3815.6233695657465
2013-12-22 13:50:00+01:00,3698.952880859375,3709.612548828125,4647.47265625,3657.24571921104,4064.409165739102,4076.167227576047,3632.6656385652554,4076.167227576047,3654.214052272205,4126.526029042984,3944.2158311775456,3944.2158311775456
2013-12-22 14:00:00+01:00,3807.01953125,3698.952880859375,4314.4951171875,3636.602777759211,4071.042374633529,4076.4379528492427,3655.8377135757005,4076.4379528492427,3689.701455309819,4104.81633155933,4011.888799976915,4011.888799976915
2013-12-22 14:10:00+01:00,3881.281982421875,3807.01953125,4461.578125,3793.2163064160613,4100.964051252758,4098.168820940016,3703.2006299607356,4098.168820940016,3774.4893507431852,4169.900513398378,4107.509881353844,4107.509881353844
2013-12-22 14:20:00+01:00,4090.78125,3881.281982421875,4641.83642578125,3845.210747502873,4148.357856964725,4133.299402842571,3771.0742797107005,4133.299402842571,3845.033250106146,4248.073629152965,4175.297522175217,4175.297522175217
2013-12-22 14:30:00+01:00,4110.3505859375,4090.78125,4657.42626953125,3994.7191547592483,4218.679255482137,4185.768980899068,3862.3240900100013,4185.768980899068,3952.1441669108976,4345.846542060085,4252.713392334279,4252.713392334279
2013-12-22 14:40:00+01:00,4074.694091796875,4110.3505859375,4848.69873046875,4059.743399454491,4296.710996269589,4243.541146572358,3963.5268277132595,4243.541146572358,4047.79900762108,4419.6502187435835,4330.9783979076365,4330.9783979076365
2013-12-22 14:50:00+01:00,3939.663330078125,4074.694091796875,4774.55029296875,4099.517597433339,4353.232200338795,4281.16367707138,4042.172858615655,4281.16367707138,4085.619397695203,4452.390401758513,4390.228459280537,4390.228459280537
2013-12-22 15:00:00+01:00,4441.4775390625,3939.663330078125,5094.7021484375,4026.3209066509,4394.299769523837,4309.422429277084,4101.263214688221,4309.422429277084,4101.470855868683,4426.395560137631,4406.574743232431,4406.574743232431
2013-12-22 15:10:00+01:00,4475.81494140625,4441.4775390625,4900.98583984375,4257.224716080415,4473.995787497718,4369.884397518039,4187.087949413345,4369.884397518039,4294.263328307544,4635.829613810389,4562.044857231787,4562.044857231787
2013-12-22 15:20:00+01:00,4638.5595703125,4475.81494140625,4870.212890625,4323.398725012974,4551.244833041268,4422.9198771492265,4273.657720249874,4422.9198771492265,4411.97356871774,4660.213882456164,4649.660494813704,4649.660494813704
2013-12-22 15:30:00+01:00,4911.65380859375,4638.5595703125,4977.63916015625,4549.744538672644,4642.931987010532,4490.38011071767,4374.224366615797,4490.38011071767,4544.33648958075,4810.99503882465,4766.8273864809435,4766.8273864809435
2013-12-22 15:40:00+01:00,4693.6171875,4911.65380859375,5138.29638671875,4725.583849783232,4763.473392523846,4583.18414572113,4503.692557127489,4583.18414572113,4743.04001664172,4973.04848989385,4863.529027015093,4863.529027015093
2013-12-22 15:50:00+01:00,4772.32080078125,4693.6171875,5059.09716796875,4697.571690448699,4836.4577770841515,4632.43159656078,4590.259603691554,4632.43159656078,4803.908897734936,4974.617508053717,4849.87980425241,4849.87980425241
2013-12-22 16:00:00+01:00,4917.94384765625,4772.32080078125,5037.6064453125,4768.603579846603,4896.0140160906585,4674.789908581155,4656.396850347295,4674.789908581155,4919.821833021002,5015.367742826986,4895.853441322029,4895.853441322029
2013-12-22 16:10:00+01:00,5202.037109375,4917.94384765625,5495.66357421875,4795.498177069909,4980.382039849807,4743.37761592864,4745.348823204792,4743.37761592864,5011.696362131785,5146.074975751945,4942.913224388,4942.913224388
2013-12-22 16:20:00+01:00,5496.4404296875,5202.037109375,5228.2138671875,4977.817033262571,5062.722366446172,4804.726826468374,4829.942109752739,4804.726826468374,5069.9031683854355,5189.415047475018,5019.3908558512885,5019.3908558512885
2013-12-22 16:30:00+01:00,5148.8115234375,5496.4404296875,5216.35302734375,5202.353533506108,5165.119608616657,4881.772028342798,4933.862571529907,4881.772028342798,5188.157427510597,5326.103092737238,5135.64868118702,5135.64868118702
2013-12-22 16:40:00+01:00,5170.47265625,5148.8115234375,4891.53857421875,5132.038190990931,5190.377710408158,4888.912454325628,4965.487191235525,4888.912454325628,5077.15357403275,5237.046974527369,5135.647283384445,5135.647283384445
2013-12-22 16:50:00+01:00,5197.56884765625,5170.47265625,4855.82861328125,5144.355464910984,5196.474244425992,4887.253402760785,4971.8223198310425,4887.253402760785,5111.800389180015,5267.804311509279,5194.404748253879,5194.404748253879
2013-12-22 17:00:00+01:00,5111.8759765625,5197.56884765625,5024.623046875,5057.836462613174,5200.888905303372,4888.075540787697,4977.817997353331,4888.075540787697,5097.261703691522,5285.929536038202,5176.553848613773,5176.553848613773
2013-12-22 17:10:00+01:00,5203.03173828125,5111.8759765625,5049.59716796875,5003.262938963803,5180.123203794441,4867.984832149547,4962.743732916123,4867.984832149547,5079.370601180981,5219.884169741058,5134.855489366688,5134.855489366688
2013-12-22 17:20:00+01:00,4704.4345703125,5203.03173828125,4870.10107421875,5021.0551585458525,5146.303985486988,4835.66537768457,4933.251593484642,4835.66537768457,5015.684449410932,5126.134971040052,5122.998792241298,5122.998792241298
2013-12-22 17:30:00+01:00,4574.6064453125,4704.4345703125,5109.13134765625,4730.958669398833,5054.6319564092555,4758.121104060162,4853.104409174887,4758.121104060162,4814.651776421993,4993.814651622322,4956.111251635854,4956.111251635854
2013-12-22 17:40:00+01:00,4689.86767578125,4574.6064453125,4830.6220703125,4581.021668458708,4914.921265610989,4640.815733361671,4718.115870233021,4640.815733361671,4679.214199742376,4855.112616533257,4839.85392787689,4839.85392787689
2013-12-22 17:50:00+01:00,4508.65771484375,4689.86767578125,4632.56689453125,4477.433221833211,4781.018431117876,4526.61614361295,4583.753024684936,4526.61614361295,4585.085675411262,4741.733094912135,4709.055042560149,4709.055042560149
2013-12-22 18:00:00+01:00,4076.4365234375,4508.65771484375,4651.0078125,4346.942519884795,4634.3535542020845,4400.429084603132,4443.218715911489,4400.429084603132,4415.712270712575,4569.220757927891,4505.756719187553,4505.756719187553
2013-12-22 18:10:00+01:00,3945.8662109375,4076.4365234375,4238.47021484375,4096.223377381404,4412.017400827898,4205.697361281058,4229.283661875234,4205.697361281058,4168.032721732447,4283.278011942953,4285.761997975057,4285.761997975057
2013-12-22 18:20:00+01:00,3792.10986328125,3945.8662109375,4344.7490234375,3895.519305071148,4196.42488948204,4024.266575216073,4021.6456617398194,4024.266575216073,3991.527849606221,4139.616823931091,4096.332036818962,4096.332036818962
2013-12-22 18:30:00+01:00,3426.213623046875,3792.10986328125,4521.73388671875,3673.8330792755896,3990.3986335213194,3852.775900884595,3829.722280240587,3852.775900884595,3835.397818258378,3940.566790919601,3929.5703836077596,3929.5703836077596
2013-12-22 18:40:00+01:00,3258.949951171875,3426.213623046875,4171.736328125,3408.515486461967,3735.910672822709,3632.9637757360797,3590.0185429112785,3632.9637757360797,3538.4522064642724,3628.8785097512414,3682.5640886435476,3682.5640886435476
2013-12-22 18:50:00+01:00,3132.630615234375,3258.949951171875,3998.057861328125,3210.38859775978,3481.365402915145,3412.4350684786964,3346.032046120858,3412.4350684786964,3284.183520979428,3367.5476550199246,3403.3733940018633,3403.3733940018633
2013-12-22 19:00:00+01:00,2755.733154296875,3132.630615234375,3769.200439453125,3018.516192331669,3237.260491449865,3195.9008845042213,3111.802859813458,3195.9008845042213,3117.7260967276407,3150.738793491956,3224.4476059392887,3224.4476059392887
2013-12-22 19:10:00+01:00,2439.4658203125,2755.733154296875,3586.294677734375,2748.946139576277,2973.2049402287726,2958.0606076859513,2858.064562465607,2958.0606076859513,2847.3337005710014,2855.49125758265,2940.030700122467,2940.030700122467
2013-12-22 19:20:00+01:00,2133.3720703125,2439.4658203125,3689.510498046875,2481.7796453825317,2713.5420581673316,2726.60258742616,2607.9161674129186,2726.60258742616,2576.0565762420592,2599.4894190949444,2683.1421116010915,2683.1421116010915
2013-12-22 19:30:00+01:00,1886.34033203125,2133.3720703125,3227.637451171875,2178.281595767316,2435.320420739778,2469.5645884980127,2333.5079412882646,2469.5645884980127,2266.242014858675,2325.8513327547353,2407.752254158828,2407.752254158828
2013-12-22 19:40:00+01:00,1736.26220703125,1886.34033203125,3015.934814453125,1922.5155899677663,2170.471533643729,2220.286100274753,2068.6927519175824,2220.286100274753,2010.5714916751847,2090.7165039113165,2150.923282118102,2150.923282118102
2013-12-22 19:50:00+01:00,1414.5423583984375,1736.26220703125,2572.91015625,1731.2526838363633,1928.747675565925,1982.5177146269211,1826.8742584264721,1982.5177146269211,1805.5323420400116,1873.7182463255754,1920.2151209560786,1920.2151209560786
2013-12-22 20:00:00+01:00,1426.41162109375,1414.5423583984375,2516.948486328125,1475.5575361451245,1700.4506101659651,1755.4423694397112,1600.6234915970924,1755.4423694397112,1560.9542158232066,1641.2190326035934,1644.6043297018448,1644.6043297018448
2013-12-22 20:10:00+01:00,1313.543212890625,1426.41162109375,2467.776123046875,1394.322520175469,1538.2045016334469,1586.950956424624,1446.7609803130247,1586.950956424624,1477.2847510522931,1554.112639000989,1542.8826529482735,1542.8826529482735
2013-12-22 20:20:00+01:00,1210.7015380859375,1313.543212890625,2052.083251953125,1261.0012338143613,1397.7509940463806,1431.4469499906118,1318.8196553849084,1431.4469499906118,1354.4216999283215,1369.7744647225616,1353.3692029462195,1353.3692029462195
2013-12-22 20:30:00+01:00,1004.9642944335938,1210.7015380859375,1838.9320068359375,1187.5498920033785,1281.3851177005702,1298.8185643598656,1216.5633148031172,1298.8185643598656,1261.097056993437,1261.5219715238202,1218.1253243638446,1218.1253243638446
2013-12-22 20:40:00+01:00,878.2758178710938,1004.9642944335938,1492.3570556640625,1033.7160081126458,1157.1641215572904,1160.7757847807836,1102.995118630745,1160.7757847807836,1096.481859715635,1084.082208975291,1025.2866648987422,1025.2866648987422
2013-12-22 20:50:00+01:00,916.8409423828125,878.2758178710938,1468.8189697265625,908.965653611059,1048.459799219399,1044.5358759308267,1002.8192631723589,1044.5358759308267,997.3908581691142,988.6354192530507,927.9317985907215,927.9317985907215
2013-12-22 21:00:00+01:00,756.3445434570312,916.8409423828125,1252.7515869140625,862.2791193628889,968.9696179653417,957.3901126236093,934.1671732651107,957.3901126236093,961.9345429504274,940.8546745495385,888.1216979641863,888.1216979641863
2013-12-22 21:10:00+01:00,573.801025390625,756.3445434570312,1153.81982421875,753.7888066947938,885.900006328644,871.3001318060876,859.7764976450841,871.3001318060876,854.73022169687,834.8376328785439,806.8349317164038,806.8349317164038
2013-12-22 21:20:00+01:00,561.53125,573.801025390625,1117.1544189453125,634.5018648848315,792.200772177735,780.3360558086807,768.5589024024285,780.3360558086807,730.5315293873543,700.7324929785104,703.0704094993868,703.0704094993868
2013-12-22 21:30:00+01:00,604.3314208984375,561.53125,1081.6536865234375,567.2522113641368,719.3304778243827,710.5468627589327,698.5346272316218,710.5468627589327,691.3923942449015,660.2598367977976,665.4808893610953,665.4808893610953
2013-12-22 21:40:00+01:00,415.2735900878906,604.3314208984375,1042.947998046875,544.6727684102996,672.3150000149577,665.1269360266256,658.6790514016724,665.1269360266256,683.0180639458089,641.7805408093528,657.9463003710192,657.9463003710192
2013-12-22 21:50:00+01:00,512.7651977539062,415.2735900878906,972.184814453125,447.3757817244002,603.6113871877639,600.5705847096534,590.5335765950784,600.5705847096534,555.3694753073372,547.1459359322955,549.6757120260958,549.6757120260958
2013-12-22 22:00:00+01:00,696.9035034179688,512.7651977539062,988.688720703125,476.7491402962054,569.5340751789139,568.1602631929187,562.0585092575378,568.1602631929187,575.1843008028744,553.0760019438248,571.2575274634586,571.2575274634586
2013-12-22 22:10:00+01:00,547.447265625,696.9035034179688,962.3027954101562,525.1770156768297,569.6673389648054,567.4465120496848,575.6246269105009,567.4465120496848,638.2349104045246,587.7610648878942,619.2673902633439,619.2673902633439
2013-12-22 22:20:00+01:00,431.0218200683594,547.447265625,698.7659912109375,511.42158485556627,546.2631342089727,542.9816241909296,556.8322081885044,542.9816241909296,555.8769953024569,527.8457162297735,551.3953934909282,551.3953934909282
2013-12-22 22:30:00+01:00,381.1056213378906,431.0218200683594,682.762451171875,466.4620811257909,509.526438247817,507.1803971414347,517.1154973940386,507.1803971414347,482.83030147098265,472.90195744505917,497.7289688173147,497.7289688173147
2013-12-22 22:40:00+01:00,402.6502685546875,381.1056213378906,580.8407592773438,392.9221813196048,467.53528380346773,466.3173372636944,469.1359305313102,466.3173372636944,443.08038832731063,431.1902309872953,456.0328688706692,456.0328688706692
2013-12-22 22:50:00+01:00,363.7020568847656,402.6502685546875,517.4075927734375,371.1682115414271,435.5562941935364,435.04508260501973,434.93115604094373,435.04508260501973,433.1433846940095,423.16580315955116,449.6938576859211,449.6938576859211
2013-12-22 23:00:00+01:00,364.7059326171875,363.7020568847656,528.2638549804688,342.6017350176806,405.59773240799643,406.38750646775304,404.4482947359761,406.38750646775304,411.25016982914565,399.9510242531391,423.51877677464853,423.51877677464853
2013-12-22 23:10:00+01:00,293.626708984375,364.7059326171875,532.6689453125,341.02089498220846,383.43128045913284,384.9672842725719,383.74893757263317,384.9672842725719,399.72144453875836,381.2857450897731,407.2490755933203,407.2490755933203
2013-12-22 23:20:00+01:00,271.79803466796875,293.626708984375,452.6910095214844,295.3561937787827,353.4845027507315,355.1482191299036,351.7413653065743,355.1482191299036,355.8633303555741,341.62441202101866,360.5476288478409,360.5476288478409
2013-12-22 23:30:00+01:00,254.0023651123047,271.79803466796875,438.2314453125,272.8763716433959,326.54469690574956,328.1589760341593,323.4218767586246,328.1589760341593,339.82088367709736,330.842659954441,345.56031815103006,345.56031815103006
2013-12-22 23:40:00+01:00,280.69329833984375,254.0023651123047,394.4473876953125,245.150662449892,301.98581110981866,303.19472145179077,298.03065269687824,303.19472145179077,312.054552274966,301.59589031293643,310.5927802645349,310.5927802645349
2013-12-22 23:50:00+01:00,230.58522033691406,280.69329833984375,346.1808166503906,250.05341399747562,286.2524971022229,286.591595117815,283.85947528915483,286.591595117815,314.1536849222959,301.9809672371129,312.0227356146944,312.0227356146944
