timestamp,actual,persistence,seasonal_naive,sarimax,lstm_seed42,lstm_seed1,lstm_seed2,lstm,tcn_seed42,tcn_seed1,tcn_seed2,tcn
2013-12-16 00:00:00+01:00,232.18988037109375,252.53775024414062,276.0793762207031,265.03029958881666,264.2733948252245,274.61023820816087,276.09370033515194,276.09370033515194,263.84035870203246,250.9989553732834,249.2996278039692,250.9989553732834
2013-12-16 00:10:00+01:00,246.45065307617188,232.18988037109375,245.9345245361328,244.62919518320885,243.86556698997515,255.0972245927165,256.2469854486428,256.2469854486428,248.42429734073025,235.67615155823594,232.43931779955557,235.67615155823594
2013-12-16 00:20:00+01:00,214.63658142089844,246.45065307617188,226.85708618164062,246.54272732381781,231.27284430175567,242.51454587089626,243.93787244250237,243.93787244250237,243.81277638456334,232.76906453750505,232.80851427274646,232.76906453750505
2013-12-16 00:30:00+01:00,219.90701293945312,214.63658142089844,231.07928466796875,225.45053469229526,218.59294018132113,229.8328822063229,231.55438017639892,231.55438017639892,226.11740048305512,214.5126871891777,216.16459689995887,214.5126871891777
2013-12-16 00:40:00+01:00,268.1308898925781,219.90701293945312,236.2042236328125,226.05924280108712,211.65527746090135,222.4091896860214,224.52915667477552,224.52915667477552,223.7680601938136,215.12948792116265,216.82177481998855,215.12948792116265
2013-12-16 00:50:00+01:00,221.68804931640625,268.1308898925781,176.40647888183594,252.72314056346488,211.28381926624934,220.8705444321557,224.72525699888632,224.72525699888632,234.12810727273393,223.61344835216082,222.13797983952034,223.61344835216082
2013-12-16 01:00:00+01:00,222.30825805664062,221.68804931640625,213.44171142578125,232.70397902284031,209.35734384155904,218.6668719593642,222.2688161664261,222.2688161664261,218.0765388918777,206.6460460810095,211.022733933687,206.6460460810095
2013-12-16 01:10:00+01:00,211.72433471679688,222.30825805664062,208.62811279296875,232.7186341774639,208.08178811478732,217.08069537875377,220.26084220866088,220.26084220866088,214.80553087829117,213.9618674177083,209.14162318634257,213.9618674177083
2013-12-16 01:20:00+01:00,228.36709594726562,211.72433471679688,341.9560852050781,218.76178453882162,213.58783686806368,222.64110861415196,224.08114415876796,224.08114415876796,205.77979657504127,201.91669866668954,213.1128733214406,201.91669866668954
2013-12-16 01:30:00+01:00,209.08351135253906,228.36709594726562,349.9486083984375,227.5463220433207,221.10538930060866,229.68801819803193,231.45366725969697,231.45366725969697,215.1769785165333,216.0157297227716,217.98572138923626,216.0157297227716
2013-12-16 01:40:00+01:00,192.9137420654297,209.08351135253906,244.39297485351562,215.7656893968187,215.43067897059905,224.0300486174313,227.11738993766252,227.11738993766252,204.81842505443092,199.46354401460164,199.14669914966683,199.46354401460164
2013-12-16 01:50:00+01:00,192.7650146484375,192.9137420654297,172.3614044189453,203.58650499682358,199.9540643990486,209.22186390163856,212.3737029412851,212.3737029412851,199.22484936782308,192.29740195518707,183.13563721644792,192.29740195518707
2013-12-16 02:00:00+01:00,206.97308349609375,192.7650146484375,219.67459106445312,197.10496925080633,191.62930296661352,201.32932046779925,202.81621665284783,202.81621665284783,194.90407575000367,181.55253236289576,183.05541714747523,181.55253236289576
2013-12-16 02:10:00+01:00,234.1046600341797,206.97308349609375,205.727294921875,202.84435457536443,187.84833592414307,197.31654174353855,198.61439537966314,198.61439537966314,196.7932400378056,188.23990901943506,186.60554159494293,188.23990901943506
2013-12-16 02:20:00+01:00,206.42861938476562,234.1046600341797,150.59214782714844,221.32746963538193,186.25933544621873,195.19902444995503,197.45427109087774,197.45427109087774,200.4800840084132,186.63714034230776,190.27170418651576,186.63714034230776
2013-12-16 02:30:00+01:00,206.32528686523438,206.42861938476562,187.8772735595703,209.8971124366942,186.14512402840467,194.89953732090726,196.08573064295453,196.08573064295453,195.12411505483547,181.9591814811138,185.4735933218791,181.9591814811138
2013-12-16 02:40:00+01:00,195.28280639648438,206.32528686523438,191.4199981689453,208.1106250883997,187.2661160074551,195.71598865673838,195.9637007840337,195.9637007840337,193.17597410391085,182.8883447903507,189.42670859295268,182.8883447903507
2013-12-16 02:50:00+01:00,187.5159149169922,195.28280639648438,149.0055694580078,195.68111705296616,182.9771747745803,191.41227237532317,191.25899244886546,191.25899244886546,186.37404055651248,174.65547276065195,181.7291412580859,174.65547276065195
2013-12-16 03:00:00+01:00,169.92991638183594,187.5159149169922,184.53839111328125,187.62945215276275,181.36732978561116,189.86959226328335,188.0087944081747,188.0087944081747,182.21541094878216,176.64827448074632,181.92669508687513,176.64827448074632
2013-12-16 03:10:00+01:00,193.78353881835938,169.92991638183594,205.91734313964844,172.25860686696615,178.51885806105352,187.05941170129623,183.83991235099435,183.83991235099435,172.4303696663197,168.24878719494168,170.28037994253233,168.24878719494168
2013-12-16 03:20:00+01:00,169.87399291992188,193.78353881835938,165.02662658691406,181.97610681792384,177.05221026533147,185.16457733174772,182.29449463218157,182.29449463218157,177.77189400816167,171.02820000469575,176.70791213955837,171.02820000469575
2013-12-16 03:30:00+01:00,167.73362731933594,169.87399291992188,165.94577026367188,167.5239569230089,172.45352516300073,180.37811934415694,177.340477201874,177.340477201874,171.7799925573374,164.85105492489996,168.3453433505725,164.85105492489996
2013-12-16 03:40:00+01:00,196.84103393554688,167.73362731933594,183.06829833984375,164.9611916761778,169.90070121039906,177.36325043311365,173.94616695307693,173.94616695307693,170.0828123550251,169.01569072438605,168.9018720876914,169.01569072438605
2013-12-16 03:50:00+01:00,163.31661987304688,196.84103393554688,168.22723388671875,177.91608503923226,172.05696392763102,178.64308734569826,175.7738211633185,175.7738211633185,174.97925854253205,168.4580040004891,176.56370566355244,168.4580040004891
2013-12-16 04:00:00+01:00,164.88987731933594,163.31661987304688,163.9412841796875,161.41905276017252,168.92272550303238,175.05400468566188,172.3132192375069,172.3132192375069,164.82771714651085,162.58855145249848,166.255943085904,162.58855145249848
2013-12-16 04:10:00+01:00,213.83914184570312,164.88987731933594,190.2075958251953,160.8209807919177,168.62592919138663,174.08537997589823,170.9498824868336,170.9498824868336,165.7744688091714,169.37862383059897,170.4360896555435,169.37862383059897
2013-12-16 04:20:00+01:00,168.6627197265625,213.83914184570312,164.97760009765625,184.6449981001989,174.88809264804556,179.15181272140742,176.9426940229001,176.9426940229001,182.12008200584984,176.2574786541351,183.34500075562445,176.2574786541351
2013-12-16 04:30:00+01:00,166.91851806640625,168.6627197265625,161.67196655273438,166.19046357166263,173.83226894468774,177.711475636568,175.67074506229338,175.67074506229338,172.92470611090502,165.28079872540735,169.9364116895749,165.28079872540735
2013-12-16 04:40:00+01:00,187.4583740234375,166.91851806640625,183.61080932617188,165.20851825039534,174.1973096510711,177.588294703792,175.07849706697408,175.07849706697408,172.53806242033085,176.03998686565637,176.60605202004047,176.03998686565637
2013-12-16 04:50:00+01:00,171.63751220703125,187.4583740234375,146.172607421875,171.53242870649456,175.04444390607267,177.79294989955585,176.20211642005708,176.20211642005708,177.23241607381695,169.34337862364467,176.80408291717933,169.34337862364467
2013-12-16 05:00:00+01:00,169.25965881347656,171.63751220703125,163.2109832763672,165.82283162209083,175.2831633505081,177.7282489796424,175.99571571019385,175.99571571019385,177.88030149295747,172.6633175518134,176.32602268044383,172.6633175518134
2013-12-16 05:10:00+01:00,178.00411987304688,169.25965881347656,198.71888732910156,165.71681629950552,178.17846190129993,180.1505159867974,177.91658045285737,177.91658045285737,177.0749274981764,177.80815098179056,180.80489492789502,177.80815098179056
2013-12-16 05:20:00+01:00,168.9212646484375,178.00411987304688,161.78713989257812,169.51058344951272,179.49452478503997,180.8898569731178,179.74101191770055,179.74101191770055,180.25782681743692,174.81538717294143,178.43198734965299,174.81538717294143
2013-12-16 05:30:00+01:00,171.16241455078125,168.9212646484375,182.77540588378906,166.32399793858016,180.97883925263278,182.05318401465397,181.04762007604447,181.04762007604447,180.87639285856093,178.92033916864506,178.7225268796725,178.92033916864506
2013-12-16 05:40:00+01:00,205.2234344482422,171.16241455078125,179.7659912109375,169.09584973853734,182.61961910037218,183.27179771739975,182.88354974674075,182.88354974674075,185.15811820152877,183.8680174058343,182.650566280326,183.8680174058343
2013-12-16 05:50:00+01:00,189.87571716308594,205.2234344482422,189.95083618164062,190.89925917899816,191.5772115701114,191.40530622505796,191.83857831377603,191.83857831377603,194.58075965279852,191.62326296315481,195.90326582970002,191.62326296315481
2013-12-16 06:00:00+01:00,199.5276641845703,189.87571716308594,200.40225219726562,190.04542860019671,198.77799542175137,198.35621771215983,199.39236136609634,199.39236136609634,196.11939343925224,193.01760969193475,195.2993429855683,193.01760969193475
2013-12-16 06:10:00+01:00,182.89712524414062,199.5276641845703,191.1820526123047,201.64681768723548,206.26339330118685,205.81391176325982,207.69635460547786,207.69635460547786,209.1583799356027,208.76526579163155,207.14476635681964,208.76526579163155
2013-12-16 06:20:00+01:00,229.88230895996094,182.89712524414062,205.05429077148438,192.3687352233845,210.39325637251784,210.75227230020147,212.60102712462566,212.60102712462566,202.9150685935183,202.9086527466021,204.64573469123326,202.9086527466021
2013-12-16 06:30:00+01:00,194.64495849609375,229.88230895996094,243.02532958984375,224.1332996636679,226.3253409061063,227.12183901400422,228.83002793910305,228.83002793910305,230.8169058049927,240.50666191076218,240.9977987340679,240.50666191076218
2013-12-16 06:40:00+01:00,224.58917236328125,194.64495849609375,275.2578125,209.52772768433107,236.1497986862216,238.63180988500304,240.18154109796288,240.18154109796288,215.9851455310802,219.43765285052365,222.93783068790046,219.43765285052365
2013-12-16 06:50:00+01:00,237.17327880859375,224.58917236328125,240.7444610595703,234.44800463772006,246.7940718850653,250.9307819102418,253.58246838726456,253.58246838726456,237.73661939192903,247.26369771924698,247.8952642104966,247.26369771924698
2013-12-16 07:00:00+01:00,303.3206787109375,237.17327880859375,290.91448974609375,245.66525038305082,262.5102762026523,269.0981560490854,271.32444054726074,271.32444054726074,253.2653603398581,252.3818673739154,264.9893010478227,252.3818673739154
2013-12-16 07:10:00+01:00,308.52093505859375,303.3206787109375,344.0556640625,301.0994496663619,295.656368382413,304.87432718272737,306.84243991116205,306.84243991116205,313.60319296304203,330.3900882826242,326.2850347748837,330.3900882826242
2013-12-16 07:20:00+01:00,344.40997314453125,308.52093505859375,395.54498291015625,324.5608887945867,334.0246174738564,347.4746827896493,349.1800052348177,349.1800052348177,324.4044740295618,339.0446459728641,350.74070897281746,339.0446459728641
2013-12-16 07:30:00+01:00,428.8804931640625,344.40997314453125,489.76226806640625,367.44828862835817,384.5244005618365,404.55506684206404,403.6688451726683,403.6688451726683,379.6409209323398,414.92373382139544,411.8771972857918,414.92373382139544
2013-12-16 07:40:00+01:00,472.6700439453125,428.8804931640625,523.5113525390625,437.00477401693985,452.60771043470584,481.54934926825604,475.90557970519853,475.90557970519853,454.56219508183233,483.9861147428861,478.78954746280203,483.9861147428861
2013-12-16 07:50:00+01:00,609.2557983398438,472.6700439453125,586.6675415039062,496.56781156520447,529.7603846630223,570.7440749539205,554.9291610881979,554.9291610881979,520.7996349919518,543.2098425563364,554.3634562181875,543.2098425563364
2013-12-16 08:00:00+01:00,728.3173217773438,609.2557983398438,731.9735717773438,620.7481113828136,643.4126538835525,698.731834004293,662.4322987229363,662.4322987229363,634.81691105829,691.4977765061878,684.5719407601811,691.4977765061878
2013-12-16 08:10:00+01:00,860.0230712890625,728.3173217773438,873.1799926757812,744.2904050072979,790.5547466469241,858.9990323674502,794.8740890013682,794.8740890013682,759.7376239502029,811.2794367260725,825.0987495902433,811.2794367260725
2013-12-16 08:20:00+01:00,1125.8514404296875,860.0230712890625,981.8955688476562,894.4876840793628,965.0159374036713,1039.612168506408,943.4968090160351,943.4968090160351,912.7856594451113,982.020782866141,983.5276225325383,982.020782866141
2013-12-16 08:30:00+01:00,1168.1612548828125,1125.8514404296875,1163.3973388671875,1130.9017311045916,1198.3889802973417,1266.5654800768677,1136.9793488677974,1136.9793488677974,1172.3368920843313,1220.4711696972865,1209.5804044868426,1220.4711696972865
2013-12-16 08:40:00+01:00,1387.155029296875,1168.1612548828125,1381.540283203125,1249.2875326176097,1411.7978754179758,1468.28441096069,1325.0629051205865,1325.0629051205865,1346.557713654419,1350.6600171000941,1340.368203800628,1350.6600171000941
2013-12-16 08:50:00+01:00,1756.50634765625,1387.155029296875,1767.526611328125,1466.432253417486,1618.4026084483128,1675.6534188363885,1533.1425107393343,1533.1425107393343,1625.290143600385,1651.2641207323702,1592.8165848206313,1651.2641207323702
2013-12-16 09:00:00+01:00,2052.433349609375,1756.50634765625,1991.628173828125,1767.9147723670396,1830.4883293274238,1897.878322158264,1777.691484235153,1777.691484235153,1847.6763849616693,1967.6478170891053,1846.446136288358,1967.6478170891053
2013-12-16 09:10:00+01:00,2183.59619140625,2052.433349609375,2270.6962890625,2088.933103306863,2045.1938826797334,2123.555245923453,2041.800487143781,2041.800487143781,2069.3801696737173,2201.8722982890376,2071.0933115714097,2201.8722982890376
2013-12-16 09:20:00+01:00,2043.354248046875,2183.59619140625,2436.949951171875,2311.440838100574,2224.280191963922,2304.69963347733,2262.58053390503,2262.58053390503,2172.8724538739225,2333.567117206058,2211.0242586062586,2333.567117206058
2013-12-16 09:30:00+01:00,2211.98095703125,2043.354248046875,2475.4375,2283.6228836362825,2295.992938956815,2371.6858804750973,2353.1763139077343,2353.1763139077343,2235.545431116137,2308.9308136577697,2244.5446141596803,2308.9308136577697
2013-12-16 09:40:00+01:00,2340.45947265625,2211.98095703125,2788.912353515625,2383.9790736622767,2367.7978695197066,2436.7307473351766,2409.282211586161,2409.282211586161,2364.300029364125,2464.450426574336,2388.353593090008,2464.450426574336
2013-12-16 09:50:00+01:00,2499.440185546875,2340.45947265625,2681.910400390625,2463.537674124301,2417.1594769741755,2468.243501793075,2433.5248396314373,2433.5248396314373,2405.0764292335402,2498.04430769449,2490.0058194797325,2498.04430769449
2013-12-16 10:00:00+01:00,2422.349853515625,2499.440185546875,2658.677978515625,2609.2766514139394,2476.0225191987097,2503.7098893076627,2465.2658696103094,2465.2658696103094,2441.941423995473,2571.3111616276824,2600.126419557086,2571.3111616276824
2013-12-16 10:10:00+01:00,2569.77978515625,2422.349853515625,2825.147216796875,2589.7833239212086,2511.8749131626387,2520.481129009327,2487.4526431844733,2487.4526431844733,2419.7790369494464,2546.9297177507656,2596.6614015662703,2546.9297177507656
2013-12-16 10:20:00+01:00,2579.76123046875,2569.77978515625,2854.31103515625,2681.437672059717,2563.3691141636114,2555.7504847443606,2527.34890496484,2527.34890496484,2493.974778734199,2621.184741091208,2716.2360132954477,2621.184741091208
2013-12-16 10:30:00+01:00,2654.0537109375,2579.76123046875,2969.630859375,2680.5400379160665,2611.0721269893215,2592.450283806115,2572.6635707571004,2572.6635707571004,2535.5311314594824,2645.0843720785438,2765.0477994185317,2645.0843720785438
2013-12-16 10:40:00+01:00,2848.7236328125,2654.0537109375,2935.675537109375,2735.427102949697,2657.392016361365,2631.0494763510424,2618.6503826034455,2618.6503826034455,2587.5697885644727,2682.8796499737978,2799.153817197153,2682.8796499737978
2013-12-16 10:50:00+01:00,2786.207275390625,2848.7236328125,3031.463623046875,2856.7315181530666,2739.790867142828,2706.3463386468848,2696.2769956257325,2696.2769956257325,2616.6207671720335,2769.4394642187244,2892.1774168588913,2769.4394642187244
2013-12-16 11:00:00+01:00,2861.645751953125,2786.207275390625,3144.18896484375,2843.5429985868614,2803.0082823058247,2765.6138532489717,2761.2252763805054,2761.2252763805054,2673.043666661814,2778.1943105449477,2889.033588551563,2778.1943105449477
2013-12-16 11:10:00+01:00,2811.4267578125,2861.645751953125,3214.736083984375,2894.43243365995,2867.294690360799,2829.013964125561,2821.650672414353,2821.650672414353,2758.8443096694364,2837.329728274547,2949.3140596684007,2837.329728274547
2013-12-16 11:20:00+01:00,2873.902587890625,2811.4267578125,3120.80908203125,2847.3076054369476,2896.336628386037,2859.583040489732,2848.863313000447,2848.863313000447,2770.4355148610266,2834.6368792121707,2951.9894860656404,2834.6368792121707
2013-12-16 11:30:00+01:00,2930.762939453125,2873.902587890625,3138.47216796875,2875.5558728674155,2926.081352148253,2893.8491808699814,2873.1296180290688,2873.1296180290688,2883.5365326010415,2895.64800541854,3012.2129489560007,2895.64800541854
2013-12-16 11:40:00+01:00,3040.112060546875,2930.762939453125,3048.484130859375,2901.8345548747625,2951.935393759358,2922.129835988912,2894.214159834166,2894.214159834166,2880.9563524691393,2922.915490422126,3044.0130415486133,2922.915490422126
2013-12-16 11:50:00+01:00,3118.5771484375,3040.112060546875,3230.46044921875,2980.8949544895627,3006.615762572666,2978.411686516263,2943.0817724607336,2943.0817724607336,2971.3395556679297,2991.5031616696383,3112.762444991932,2991.5031616696383
2013-12-16 12:00:00+01:00,2854.662353515625,3118.5771484375,3164.47705078125,3050.9205670406436,3063.256470497168,3029.8651508914613,2994.0480564428212,2994.0480564428212,2951.9843949828087,3037.381976007502,3092.985743916045,3037.381976007502
2013-12-16 12:10:00+01:00,2981.66650390625,2854.662353515625,3393.20166015625,2906.277068067298,3069.795764478947,3039.1422297053027,3007.365775079544,3007.365775079544,2915.1052023472917,2986.7701083918055,3015.50019993403,2986.7701083918055
2013-12-16 12:20:00+01:00,3125.84375,2981.66650390625,3336.792724609375,2951.022485795569,3083.294096894512,3056.4375501790437,3015.377988719606,3015.377988719606,3022.1235769581717,3068.6772395939533,3112.827535910379,3068.6772395939533
2013-12-16 12:30:00+01:00,3391.408935546875,3125.84375,3409.2470703125,3021.568663396368,3123.5326611155438,3097.088772763906,3046.384878631817,3046.384878631817,3128.829374651127,3122.2666746623827,3218.829363557166,3122.2666746623827
2013-12-16 12:40:00+01:00,3522.35009765625,3391.408935546875,3823.86474609375,3234.953211782127,3229.5782961378486,3198.5748102624025,3138.1022264981907,3138.1022264981907,3180.76925164674,3309.843342075005,3280.4207488844104,3309.843342075005
2013-12-16 12:50:00+01:00,3438.226318359375,3522.35009765625,3724.267578125,3391.9754670691464,3336.9944947721515,3287.2211633797797,3229.376750250144,3229.376750250144,3231.190071158568,3345.454040205863,3354.5080571571807,3345.454040205863
2013-12-16 13:00:00+01:00,3530.88720703125,3438.226318359375,3743.408935546875,3411.201790819417,3411.753770974583,3342.697384926661,3289.645572056742,3289.645572056742,3300.124706522011,3387.453325785174,3378.3209738858736,3387.453325785174
2013-12-16 13:10:00+01:00,3249.53564453125,3530.88720703125,3872.8955078125,3482.691170494794,3487.234061550388,3403.5723219143583,3343.4648967284716,3343.4648967284716,3263.367387737285,3444.093784287026,3422.894393312985,3444.093784287026
2013-12-16 13:20:00+01:00,3270.111572265625,3249.53564453125,3649.311279296875,3310.965260389863,3472.9836837292905,3380.8107285433966,3321.188206486411,3321.188206486411,3181.657000182102,3281.352924330093,3291.7666219031753,3281.352924330093
2013-12-16 13:30:00+01:00,3355.132568359375,3270.111572265625,3863.26318359375,3297.166779806456,3460.8623131947093,3375.389168194909,3297.703596026252,3297.703596026252,3196.1448080596197,3292.448272655628,3292.831918491326,3292.448272655628
2013-12-16 13:40:00+01:00,3163.860107421875,3355.132568359375,3894.02099609375,3319.110184772215,3456.039472678866,3378.21646979793,3283.8575999492405,3283.8575999492405,3140.8909590510893,3240.102221248858,3273.425870058586,3240.102221248858
2013-12-16 13:50:00+01:00,3426.361328125,3163.860107421875,3508.3251953125,3220.7905308976124,3390.080984351942,3317.19453219361,3223.007216245038,3223.007216245038,3040.090077671649,3070.363287966463,3179.782355080926,3070.363287966463
2013-12-16 14:00:00+01:00,3390.73291015625,3426.361328125,3526.296630859375,3375.939109550237,3385.1349062141708,3318.418633865637,3211.179638795086,3211.179638795086,3124.692392610748,3154.7980370265077,3264.216610125077,3154.7980370265077
2013-12-16 14:10:00+01:00,3217.674560546875,3390.73291015625,3614.6162109375,3375.0017860623034,3385.8457389890114,3320.9934737093236,3218.741934427494,3218.741934427494,3125.571906811145,3144.9900568701896,3270.743707449252,3144.9900568701896
2013-12-16 14:20:00+01:00,3293.2998046875,3217.674560546875,3404.419189453125,3303.1589117897825,3344.0736263924186,3279.2590829639803,3192.859609424395,3192.859609424395,3044.6174778469126,3036.087080428808,3193.6942758821997,3036.087080428808
2013-12-16 14:30:00+01:00,3250.974853515625,3293.2998046875,3273.3310546875,3319.3211207959275,3316.218578372325,3252.819809765368,3171.8400739158155,3171.8400739158155,3062.4364074596465,3113.595979999391,3223.059673449156,3113.595979999391
2013-12-16 14:40:00+01:00,2988.675537109375,3250.974853515625,3082.779541015625,3279.0547959678293,3278.576628162918,3214.2293769962903,3143.8150004430745,3143.8150004430745,3041.8823928884494,3037.227777236679,3187.31986078363,3037.227777236679
2013-12-16 14:50:00+01:00,2891.024658203125,2988.675537109375,3062.0458984375,3110.040889195852,3199.619268480889,3141.7377807437683,3086.1535575696885,3086.1535575696885,2980.904962824432,2947.7128906020816,3064.7568558133717,2947.7128906020816
2013-12-16 15:00:00+01:00,2885.945068359375,2891.024658203125,3186.270751953125,2990.7931080865064,3118.050983417348,3077.1260342552464,3025.0756617613315,3025.0756617613315,2998.0531659350568,2910.920303053173,3008.0332943653916,2910.920303053173
2013-12-16 15:10:00+01:00,3058.13427734375,2885.945068359375,3026.752685546875,2926.508718176774,3037.247419957239,3011.1300037901806,2961.0240485652826,2961.0240485652826,2970.118906734117,2874.9313720222694,3007.1395199760605,2874.9313720222694
2013-12-16 15:20:00+01:00,2785.339599609375,3058.13427734375,3134.23486328125,3015.548603333275,3014.110014611444,3000.3232291786207,2946.6607495213566,2946.6607495213566,2993.262969722218,2939.642754952748,3062.6681421550015,2939.642754952748
2013-12-16 15:30:00+01:00,3014.155517578125,2785.339599609375,3156.015625,2861.4962086366045,2950.749430384237,2945.5324660428573,2907.380020365983,2907.380020365983,2963.478816868787,2860.567407033818,2947.7408511626163,2860.567407033818
2013-12-16 15:40:00+01:00,2961.349365234375,3014.155517578125,3131.084716796875,2980.9118494749723,2938.6676137231016,2939.5388258709218,2900.3367472970554,2900.3367472970554,3005.633315276425,2932.696788758407,3030.565755121199,2932.696788758407
2013-12-16 15:50:00+01:00,2770.28271484375,2961.349365234375,3036.9765625,2935.3332847837487,2921.193878707657,2919.859429906046,2890.735318239903,2890.735318239903,2943.632857960952,2928.1255504957194,2978.3635309027413,2928.1255504957194
2013-12-16 16:00:00+01:00,2893.54150390625,2770.28271484375,3062.71435546875,2829.0829023564925,2873.7899648487046,2873.0168910494094,2855.028170009987,2855.028170009987,2970.1467596056045,2899.73593999069,2931.7802010598084,2899.73593999069
2013-12-16 16:10:00+01:00,3021.91015625,2893.54150390625,3103.10595703125,2856.744281167588,2855.201435754445,2857.777656326253,2836.495218969614,2836.495218969614,2939.7587289351436,2937.6256663072,2953.7095015049536,2937.6256663072
2013-12-16 16:20:00+01:00,3028.218505859375,3021.91015625,3020.990478515625,2917.9685931319586,2860.568023717813,2859.9948732892876,2837.8582656100025,2837.8582656100025,2945.3387991223426,2983.354983502543,3010.9297535278906,2983.354983502543
2013-12-16 16:30:00+01:00,3020.550048828125,3028.218505859375,3159.53515625,2953.5473790796073,2878.643765784352,2874.181536663499,2854.952465719776,2854.952465719776,2944.1145473710767,3008.7181499145813,2988.089712550626,3008.7181499145813
2013-12-16 16:40:00+01:00,2886.455810546875,3020.550048828125,2995.2490234375,2958.7672264752637,2882.668862194194,2869.174123204465,2856.659376923428,2856.659376923428,2912.8936284798547,3005.5341811038456,2994.9437518934915,3005.5341811038456
2013-12-16 16:50:00+01:00,2971.204833984375,2886.455810546875,3248.504150390625,2862.013090716685,2872.0948017426504,2859.2273583802125,2848.2958841513378,2848.2958841513378,2904.7039943133414,2984.6762964567697,2949.1102898143877,2984.6762964567697
2013-12-16 17:00:00+01:00,2918.58837890625,2971.204833984375,3000.52978515625,2880.4961156582476,2854.6961323542114,2839.4631382984126,2825.1794791317907,2825.1794791317907,2885.703118382923,2993.6869490718373,2959.2908436875787,2993.6869490718373
2013-12-16 17:10:00+01:00,2771.4990234375,2918.58837890625,2873.73681640625,2831.3699417686043,2821.6220825929777,2803.7579913719273,2788.0873682483907,2788.0873682483907,2834.1135240015146,2893.513877508176,2853.8331381428675,2893.513877508176
2013-12-16 17:20:00+01:00,2934.11962890625,2771.4990234375,2749.423583984375,2733.501175318972,2756.435980103771,2738.270940449479,2724.1273031568167,2724.1273031568167,2730.6486195737775,2816.6354650372446,2798.0035780785415,2816.6354650372446
2013-12-16 17:30:00+01:00,2954.75146484375,2934.11962890625,2749.505126953125,2793.3643232923046,2728.4910559810473,2713.029515545097,2690.170903079665,2690.170903079665,2767.225311252689,2836.5695167349954,2822.7108292444004,2836.5695167349954
2013-12-16 17:40:00+01:00,2941.668212890625,2954.75146484375,2881.82666015625,2803.5312563577977,2721.0531577390507,2707.9215239849705,2683.357154393569,2683.357154393569,2765.325297381705,2851.2171377331506,2790.7507518824877,2851.2171377331506
2013-12-16 17:50:00+01:00,2747.2109375,2941.668212890625,2945.498779296875,2817.9200276071156,2717.6048577218817,2705.5211766346065,2684.283772618485,2684.283772618485,2726.212064387483,2783.569826838539,2722.4678608004556,2783.569826838539
2013-12-16 18:00:00+01:00,2658.786865234375,2747.2109375,2983.167236328125,2691.7419420423394,2678.766972376052,2669.9174937382336,2655.846212952156,2655.846212952156,2642.037591755443,2701.262863496731,2647.5447015617465,2701.262863496731
2013-12-16 18:10:00+01:00,2650.05859375,2658.786865234375,2645.01416015625,2597.373647953644,2601.160573253107,2592.577157930144,2582.561508138869,2582.561508138869,2533.15027976955,2564.9451635712094,2537.3162550758584,2564.9451635712094
2013-12-16 18:20:00+01:00,2317.724853515625,2650.05859375,2781.8095703125,2545.125092429788,2538.891618577863,2538.854124627455,2520.7188748363947,2520.7188748363947,2505.995546676401,2516.841663742095,2478.1963556288692,2516.841663742095
2013-12-16 18:30:00+01:00,2560.46826171875,2317.724853515625,2494.260986328125,2318.342918128941,2402.807923908882,2406.7147418079694,2396.9579005183127,2396.9579005183127,2342.9874822985807,2312.035705410845,2296.56722807094,2312.035705410845
2013-12-16 18:40:00+01:00,2174.4462890625,2560.46826171875,2094.782958984375,2410.4732387607364,2308.4644192168507,2309.2798000110224,2294.891052560915,2294.891052560915,2244.356616180688,2241.9261582967333,2282.3619743309428,2241.9261582967333
2013-12-16 18:50:00+01:00,2060.10498046875,2174.4462890625,2029.7943115234375,2159.89269570606,2169.824892771434,2166.0934563225874,2166.056094974883,2166.056094974883,2092.0335525265145,2062.7045225096454,2051.81111706134,2062.7045225096454
2013-12-16 19:00:00+01:00,2025.34521484375,2060.10498046875,2030.2724609375,2057.886013762212,2038.2986708482713,2035.1186557024162,2041.7576747351939,2041.7576747351939,2046.0637633771785,1991.964869958626,1988.500248247074,1991.964869958626
2013-12-16 19:10:00+01:00,1840.8709716796875,2025.34521484375,1825.44189453125,1963.19098149828,1918.6743247457339,1911.103059076121,1926.5992499136164,1926.5992499136164,1883.4787636565643,1856.9548263814133,1865.4404981721614,1856.9548263814133
2013-12-16 19:20:00+01:00,1864.1748046875,1840.8709716796875,1704.1217041015625,1824.0817485146536,1790.8069145604618,1777.417816199386,1805.7202348820065,1805.7202348820065,1770.1996390779632,1727.3584446827203,1738.8296211010095,1727.3584446827203
2013-12-16 19:30:00+01:00,1815.919677734375,1864.1748046875,1528.342529296875,1802.6819786144522,1691.0328240092215,1669.6357524457915,1705.821069712981,1705.821069712981,1662.0316054019447,1655.6678271169305,1666.2979095902595,1655.6678271169305
2013-12-16 19:40:00+01:00,1556.177001953125,1815.919677734375,1483.5333251953125,1749.1106324286939,1617.682975685478,1589.4744612683821,1632.2211390231537,1632.2211390231537,1599.4219775844192,1593.108738331939,1608.592571022236,1593.108738331939
2013-12-16 19:50:00+01:00,1483.8280029296875,1556.177001953125,1483.4306640625,1578.9718432128425,1524.5959202053168,1495.715816939703,1544.182060935886,1544.182060935886,1485.1553617938346,1475.0687405609297,1476.6463308600048,1475.0687405609297
2013-12-16 20:00:00+01:00,1350.4185791015625,1483.8280029296875,1221.8052978515625,1483.2328261262053,1419.3722874047405,1390.6474223573002,1437.6783730233535,1437.6783730233535,1363.2270698513578,1385.5644793864747,1383.5406442417311,1385.5644793864747
2013-12-16 20:10:00+01:00,1286.6214599609375,1350.4185791015625,1334.3074951171875,1349.892166887683,1327.0943482889902,1308.6773550857433,1343.3189715504338,1343.3189715504338,1297.1330460533522,1294.4007260057786,1298.5403815291693,1294.4007260057786
2013-12-16 20:20:00+01:00,1215.8221435546875,1286.6214599609375,1260.217041015625,1276.5029406761555,1242.6561536836905,1236.4901277909019,1257.647146200954,1257.647146200954,1237.1391452239538,1237.663402457771,1216.1633269048643,1237.663402457771
2013-12-16 20:30:00+01:00,1162.7462158203125,1215.8221435546875,1206.863037109375,1201.4847381532436,1167.0223584679297,1173.828801416491,1181.9216045878238,1181.9216045878238,1165.1660181187056,1161.2533649765278,1138.0697524821603,1161.2533649765278
2013-12-16 20:40:00+01:00,1167.423095703125,1162.7462158203125,1146.9244384765625,1146.3103195846982,1102.0009332169236,1120.701430047574,1117.4613066184968,1117.4613066184968,1098.4702599363027,1113.2242339697368,1073.8642435810789,1113.2242339697368
2013-12-16 20:50:00+01:00,962.3013916015625,1167.423095703125,1149.4871826171875,1129.4005929747825,1063.9930380861945,1093.0284033453686,1079.123947103774,1079.123947103774,1073.8822392107413,1085.6133565565249,1056.3546883730603,1085.6133565565249
2013-12-16 21:00:00+01:00,951.8954467773438,962.3013916015625,1049.0072021484375,990.3315732807351,992.8966152820118,1028.6171822369822,1013.4385076139664,1013.4385076139664,977.3321583088494,969.39016873244,952.4932776299618,969.39016873244
2013-12-16 21:10:00+01:00,927.246337890625,951.8954467773438,900.200927734375,950.4732803254167,923.7971179801496,962.7420253552272,944.1476246283736,944.1476246283736,931.7231400473969,933.5599998910967,912.9293605445483,933.5599998910967
2013-12-16 21:20:00+01:00,875.9510498046875,927.246337890625,871.7657470703125,904.0251562074827,869.9218964063182,910.4296396269309,888.6870962798363,888.6870962798363,884.1258833924468,885.4665770540367,871.0177643063713,885.4665770540367
2013-12-16 21:30:00+01:00,853.0675048828125,875.9510498046875,921.2236328125,865.7596970382508,833.1686182317859,873.4765330182114,850.6646879677784,850.6646879677784,854.6306260829142,858.4029335174033,845.63809184548,858.4029335174033
2013-12-16 21:40:00+01:00,817.6552124023438,853.0675048828125,896.5796508789062,839.0220707216928,809.2034424226958,845.73530618256,825.2968750517914,825.2968750517914,811.9176654550523,832.4269499134907,809.9432854964529,832.4269499134907
2013-12-16 21:50:00+01:00,764.6574096679688,817.6552124023438,817.8085327148438,805.377562971623,785.7644250183612,815.5885148122281,800.4853442414911,800.4853442414911,782.7988489018775,794.3889877925191,775.2454031964421,794.3889877925191
2013-12-16 22:00:00+01:00,819.1555786132812,764.6574096679688,795.5941162109375,762.6695919511302,759.7685893621184,782.9676323493898,772.4369251731842,772.4369251731842,752.6929123948091,755.5913737101014,738.5864729463955,755.5913737101014
2013-12-16 22:10:00+01:00,746.0706787109375,819.1555786132812,838.5775146484375,783.0997033055611,760.5251638508901,776.649222088044,767.3157100581415,767.3157100581415,759.7841135290514,775.5304155025095,755.3150039846532,775.5304155025095
2013-12-16 22:20:00+01:00,672.6377563476562,746.0706787109375,798.935791015625,739.2244386013766,749.3896851717265,758.4231163569702,754.1906787457052,754.1906787457052,711.35787487773,719.0683981288266,711.522272325414,719.0683981288266
2013-12-16 22:30:00+01:00,686.4749145507812,672.6377563476562,725.1203002929688,688.6029054559734,715.726342806725,720.7383193806855,719.981185084794,719.981185084794,680.7074583311369,671.7623295352732,669.1040564331381,671.7623295352732
2013-12-16 22:40:00+01:00,691.5768432617188,686.4749145507812,769.722412109375,675.9707738774212,694.0679025662591,697.41246321198,694.6138243857989,694.6138243857989,672.2493078694287,663.6399311998952,661.3378117798064,663.6399311998952
2013-12-16 22:50:00+01:00,721.8353881835938,691.5768432617188,701.9041137695312,671.8341963228464,675.0130348619724,676.155055023915,673.697618683255,673.697618683255,665.2529237566516,644.8272181590897,656.3748874732488,644.8272181590897
2013-12-16 23:00:00+01:00,670.4379272460938,721.8353881835938,668.1357421875,695.4594429343317,668.8989517096927,665.9117129314245,665.0928319347279,665.0928319347279,661.5513637124844,651.0064782847356,655.658208139763,651.0064782847356
2013-12-16 23:10:00+01:00,651.578369140625,670.4379272460938,726.3212280273438,670.7687411918249,664.5004806015102,657.7750646670751,659.8338727631499,659.8338727631499,636.6509032207159,630.7576606808344,625.4975557501995,630.7576606808344
2013-12-16 23:20:00+01:00,609.9293823242188,651.578369140625,673.2275390625,656.3348307253063,653.5546424924464,643.9162187497724,649.6115033663135,649.6115033663135,626.0612553684252,616.7365615993074,615.0227365845501,616.7365615993074
2013-12-16 23:30:00+01:00,588.9924926757812,609.9293823242188,752.7183837890625,620.340753853883,641.0688701023735,631.3235721622979,637.7716668048388,637.7716668048388,611.9375301767757,601.4592400411378,592.0524677771042,601.4592400411378
2013-12-16 23:40:00+01:00,525.409912109375,588.9924926757812,867.2728271484375,598.6217452089475,631.6763354720102,624.3192525086903,629.7062537530264,629.7062537530264,602.5586322137324,591.3226009504214,579.0297104086364,591.3226009504214
2013-12-16 23:50:00+01:00,516.7734375,525.409912109375,619.8865966796875,548.6329566431667,584.4182602383963,582.0244698137112,588.8252606156001,588.8252606156001,551.0014287341965,529.4475567187989,524.0625170424274,529.4475567187989
2013-12-17 00:00:00+01:00,467.06072998046875,516.7734375,644.21142578125,530.597736565588,544.9120959718357,547.1843722444547,549.9464056929856,549.9464056929856,539.4946810183397,523.133892761616,513.3347506213609,523.133892761616
2013-12-17 00:10:00+01:00,495.0310363769531,467.06072998046875,661.1390380859375,488.12420543018897,505.6000832509398,511.8558925405108,511.90250787741184,511.90250787741184,511.60785527339317,491.74697534356807,478.13623702988485,491.74697534356807
2013-12-17 00:20:00+01:00,440.1905822753906,495.0310363769531,591.2548217773438,497.7884296640612,479.9297444568149,486.99500267332417,486.9420020502003,486.9420020502003,505.92162426570053,489.7349756103465,477.39316006245093,489.7349756103465
2013-12-17 00:30:00+01:00,458.8445129394531,440.1905822753906,540.810546875,459.9155326971503,450.3614304419407,457.1041215059947,459.227348116102,459.227348116102,472.018925219043,449.13199826990575,441.8430899395236,449.13199826990575
2013-12-17 00:40:00+01:00,489.79425048828125,458.8445129394531,601.8875732421875,467.8843323765088,440.6401914316553,445.39424762598975,448.9826095941804,448.9826095941804,475.5810983317015,457.1368496889811,447.0145276207473,457.1368496889811
2013-12-17 00:50:00+01:00,408.49871826171875,489.79425048828125,534.2212524414062,483.1360179596223,440.43751317035526,441.6498281543311,449.55038539746,449.55038539746,468.20868813274546,454.6877306780711,443.2104446229537,454.6877306780711
2013-12-17 01:00:00+01:00,388.2889404296875,408.49871826171875,541.0835571289062,438.0951547567113,428.17826449772747,427.7788921688856,438.73868379254316,438.73868379254316,440.09628673188683,422.38712329793543,417.9609222427758,422.38712329793543
2013-12-17 01:10:00+01:00,415.6460266113281,388.2889404296875,536.3008422851562,414.94589806901587,412.8776677995788,412.4382690448861,423.6680462111682,423.6680462111682,422.8918798896118,402.6199776105568,403.6225837501819,402.6199776105568
2013-12-17 01:20:00+01:00,387.5083923339844,415.6460266113281,433.9078369140625,417.13179303808096,398.95477800798426,398.3041234019339,410.07492407608015,410.07492407608015,420.9772274768514,394.3523655130297,392.66296292869004,394.3523655130297
2013-12-17 01:30:00+01:00,314.928466796875,387.5083923339844,418.3687744140625,399.7840398994607,383.6698881140572,383.2083582111742,394.6587592730027,394.6587592730027,403.638911989525,378.57610165781244,377.68182664044406,378.57610165781244
2013-12-17 01:40:00+01:00,360.4595947265625,314.928466796875,460.4585876464844,348.5280197015034,360.2127419619727,361.69769045585184,370.80021478377574,370.80021478377574,367.67977274405155,347.9100362852845,353.7362051032198,347.9100362852845
2013-12-17 01:50:00+01:00,302.2349548339844,360.4595947265625,398.83795166015625,361.3583421125107,347.42906358230834,349.59535081460945,357.7766338180259,357.7766338180259,367.84737630365976,348.8274935179478,354.61606024705753,348.8274935179478
2013-12-17 02:00:00+01:00,288.7283935546875,302.2349548339844,398.18341064453125,318.4883105894329,328.24106020803595,331.7400658569058,338.8224922999167,338.8224922999167,340.0571424959674,315.9467665752495,327.71830144957374,315.9467665752495
2013-12-17 02:10:00+01:00,350.7153625488281,288.7283935546875,422.0772705078125,304.9891509745249,313.2066508187775,317.7032672724382,323.1474712407527,323.1474712407527,331.85958763752757,321.59603536292633,324.5736631181683,321.59603536292633
2013-12-17 02:20:00+01:00,315.4391784667969,350.7153625488281,398.2467956542969,331.78006869639205,314.02579504704113,317.8697280704858,323.6596726168584,323.6596726168584,336.566326032202,317.34902900330286,329.42501764190024,317.34902900330286
2013-12-17 02:30:00+01:00,325.18701171875,315.4391784667969,421.91888427734375,316.7352251145596,313.5524496809884,317.0932313994261,323.18991130171526,323.18991130171526,325.83517519166537,309.6515517833639,321.0967033452375,309.6515517833639
2013-12-17 02:40:00+01:00,376.6316223144531,325.18701171875,428.8296813964844,325.15422048833346,316.71943755696515,319.92906592476055,326.03953526528176,326.03953526528176,329.5147168656882,323.5536564692901,328.01518691700994,323.5536564692901
2013-12-17 02:50:00+01:00,344.88116455078125,376.6316223144531,385.6612548828125,351.21723214837283,327.18010563513803,329.4127344114853,336.589533266024,336.589533266024,342.19190722149204,328.8195890114545,336.28392950289117,328.8195890114545
2013-12-17 03:00:00+01:00,306.3180847167969,344.88116455078125,410.0279846191406,340.1905089481635,333.72681786163315,335.91245134159453,342.8824239565126,342.8824239565126,335.34782832776517,328.3357964998994,332.0976832443288,328.3357964998994
2013-12-17 03:10:00+01:00,379.1304626464844,306.3180847167969,477.5661315917969,315.7352515765273,334.15088243009274,337.9409523239194,342.66424336245365,342.66424336245365,326.68466472068803,327.29003017045017,331.2896543545347,327.29003017045017
2013-12-17 03:20:00+01:00,325.1787414550781,379.1304626464844,357.63818359375,347.6839384190642,337.86842770165083,342.3825175419125,347.6196901446242,347.6196901446242,342.967955920044,334.3864248770084,338.857426553757,334.3864248770084
2013-12-17 03:30:00+01:00,319.287109375,325.1787414550781,367.98382568359375,319.1687489631675,332.2551796158118,338.21490376368945,342.4192609399592,342.4192609399592,329.79315666273766,317.4708279697592,322.01204053706874,317.4708279697592
2013-12-17 03:40:00+01:00,333.0001525878906,319.287109375,467.1860046386719,316.0313778936717,332.7835348653912,340.07952390093266,341.6547881979766,341.6547881979766,332.1561208965643,335.46048865694854,339.02332171319995,335.46048865694854
2013-12-17 03:50:00+01:00,284.9195556640625,333.0001525878906,382.32745361328125,314.44035881762215,329.0125510821765,337.50793400420787,339.197179059353,339.197179059353,325.30860646761516,313.90354917550053,327.7396605992736,313.90354917550053
2013-12-17 04:00:00+01:00,282.0920715332031,284.9195556640625,364.37384033203125,284.6834505836819,314.4411810743438,324.36453943793697,325.2333713014093,325.2333713014093,314.18822940017475,304.8005742322076,312.3591449877133,304.8005742322076
2013-12-17 04:10:00+01:00,316.85693359375,282.0920715332031,419.83233642578125,276.30775509436256,305.79704706830114,316.3496050605314,315.4681478004239,315.4681478004239,313.4454647916992,308.3507212940653,316.014292090704,308.3507212940653
2013-12-17 04:20:00+01:00,279.5386657714844,316.85693359375,373.2426452636719,289.54520207194093,303.5705272694013,313.7785355120502,313.48951497903994,313.48951497903994,316.77819053363004,301.3044916349925,316.00315639208577,301.3044916349925
2013-12-17 04:30:00+01:00,316.0895690917969,279.5386657714844,377.11297607421875,272.17800339510484,296.9661633569308,306.92494697353925,306.74712152830745,306.74712152830745,302.4722774859906,290.7389860390595,304.46916928424673,290.7389860390595
2013-12-17 04:40:00+01:00,313.3697204589844,316.0895690917969,409.1054992675781,293.8858905528027,302.52221448557833,311.4409615269533,311.1589644699276,311.1589644699276,320.37450155592273,316.00052623816964,323.0809056804391,316.00052623816964
2013-12-17 04:50:00+01:00,296.6811828613281,313.3697204589844,352.6943359375,293.50590052281467,304.73069341220514,312.920962908359,313.6731690684801,313.6731690684801,312.885413932246,295.4256348434539,312.16346847697093,295.4256348434539
2013-12-17 05:00:00+01:00,290.3907165527344,296.6811828613281,394.31927490234375,289.6538366742407,307.7802133071869,315.6107534261382,315.5002037397519,315.5002037397519,313.4474638588443,315.1603033899082,319.5732863342085,315.1603033899082
2013-12-17 05:10:00+01:00,339.114013671875,290.3907165527344,442.6204528808594,284.0234441215807,312.254422429744,320.265715624206,318.80701077981723,318.80701077981723,314.45804040491765,307.6992400254857,321.58449503910504,307.6992400254857
2013-12-17 05:20:00+01:00,308.09246826171875,339.114013671875,371.5587158203125,312.03001206009054,320.7054134754594,328.50813028613123,327.946274834536,327.946274834536,331.25854113756293,321.0650522725542,329.92018024706306,321.0650522725542
2013-12-17 05:30:00+01:00,294.46112060546875,308.09246826171875,394.1126403808594,302.8721544016434,324.79359300949767,332.92350837121074,332.0910073591521,332.0910073591521,322.81097690643077,313.650011492866,324.14248175770496,313.650011492866
2013-12-17 05:40:00+01:00,315.0318908691406,294.46112060546875,445.37725830078125,299.1897657880026,328.34456187134623,337.09685314876356,335.067646153979,335.067646153979,328.5552493617193,324.72391668071185,334.3068927351946,324.72391668071185
2013-12-17 05:50:00+01:00,331.9913330078125,315.0318908691406,408.0394287109375,308.3956110595416,332.0788044740058,341.1218644646383,339.5675816832232,339.5675816832232,329.0637255783757,321.41609500688213,334.55758591549625,321.41609500688213
2013-12-17 06:00:00+01:00,317.0409851074219,331.9913330078125,436.7882385253906,324.0999454048089,341.75316257925255,350.52992858910153,349.4182184515626,349.4182184515626,348.7770236882092,343.37808568051463,353.04746962605196,343.37808568051463
2013-12-17 06:10:00+01:00,330.7333984375,317.0409851074219,462.79168701171875,324.85574512264077,349.35293999615834,358.05299881159044,357.4990136283955,357.4990136283955,350.86330234075336,342.54217452521493,354.31932965520633,342.54217452521493
2013-12-17 06:20:00+01:00,338.5260925292969,330.7333984375,374.17169189453125,338.091232454288,351.25156889213696,359.47674409212374,361.0729805002533,361.0729805002533,352.1575675066782,345.190092957783,352.19745006189106,345.190092957783
2013-12-17 06:30:00+01:00,311.9849548339844,338.5260925292969,411.6898193359375,347.6866111924489,358.95585596880653,366.1717568410408,368.0237243646424,368.0237243646424,362.99519282763094,357.47135613047305,364.53649878500624,357.47135613047305
2013-12-17 06:40:00+01:00,377.2445983886719,311.9849548339844,554.0079956054688,337.8563059009546,370.6344730191296,377.5242334523513,377.8453024807659,377.8453024807659,378.103669124773,367.5406973914962,382.00815983066065,367.5406973914962
2013-12-17 06:50:00+01:00,364.60797119140625,377.2445983886719,422.6603088378906,382.68492697603097,385.2517061315745,390.9266141712092,393.9806181896967,393.9806181896967,392.5747215566937,390.58420546287726,395.6325929576187,390.58420546287726
2013-12-17 07:00:00+01:00,463.99981689453125,364.60797119140625,521.6469116210938,387.0732849178734,405.535494821745,410.72082374665644,413.77905100504535,413.77905100504535,408.7653220495041,392.16712986044587,403.6892742607734,392.16712986044587
2013-12-17 07:10:00+01:00,515.5595703125,463.99981689453125,610.341064453125,468.9709703767369,454.7704498960006,458.65919022362726,462.1856327946646,462.1856327946646,478.1837632202143,486.90151934121553,474.77638436007345,486.90151934121553
2013-12-17 07:20:00+01:00,516.2354125976562,515.5595703125,605.98046875,527.0690102441953,515.9311896976085,520.3794913757231,526.1508129452602,526.1508129452602,521.3692557971004,512.9069951817295,509.47086336040473,512.9069951817295
2013-12-17 07:30:00+01:00,538.0558471679688,516.2354125976562,710.807861328125,564.6213888885977,582.6862721710098,592.1146806856465,596.9909288611952,596.9909288611952,571.3242607750839,582.2673294679086,560.2678732435954,582.2673294679086
2013-12-17 07:40:00+01:00,723.585205078125,538.0558471679688,720.6790161132812,595.5981294546762,644.2910434025646,662.0144476163277,664.699665765402,664.699665765402,620.9996955664849,623.4676959274266,583.5714974980434,623.4676959274266
2013-12-17 07:50:00+01:00,763.5819091796875,723.585205078125,789.7491455078125,732.5036984427919,749.6802592035513,773.4342725288948,772.9157992209076,772.9157992209076,780.8491178559972,794.227149595942,742.0795206791416,794.227149595942
2013-12-17 08:00:00+01:00,728.244384765625,763.5819091796875,841.2559204101562,810.3750154260309,864.7326607182554,893.7822837673598,892.8108336234543,892.8108336234543,866.5772113959631,851.1412012602607,816.3036452316454,851.1412012602607
2013-12-17 08:10:00+01:00,929.1892700195312,728.244384765625,956.5064086914062,836.8743629710708,962.3448900562305,995.2828983476345,991.4555041868844,991.4555041868844,947.2117332015115,916.8261421946269,892.3076092821983,916.8261421946269
2013-12-17 08:20:00+01:00,1197.862548828125,929.1892700195312,1218.9791259765625,983.509399280422,1116.8139241307917,1144.248911499234,1133.1545750896512,1133.1545750896512,1167.5055631929604,1129.2106660063873,1132.7787855602667,1129.2106660063873
2013-12-17 08:30:00+01:00,1237.7401123046875,1197.862548828125,1382.50341796875,1203.7582034035754,1334.2521200110639,1345.9368228779447,1332.6167351631493,1332.6167351631493,1444.354553601696,1392.980146806355,1397.1392902974774,1392.980146806355
2013-12-17 08:40:00+01:00,1657.8984375,1237.7401123046875,1705.925537109375,1338.9498207075942,1544.8760960372902,1550.4523161410075,1535.6940957747752,1535.6940957747752,1598.6537249033556,1553.4066548190415,1516.4840919213361,1553.4066548190415
2013-12-17 08:50:00+01:00,1860.291748046875,1657.8984375,1912.65869140625,1692.8900450136698,1802.88617865843,1811.776417222287,1787.177458314739,1787.177458314739,1822.9674867487363,1899.1331974528398,1806.0713729446954,1899.1331974528398
2013-12-17 09:00:00+01:00,2083.8603515625,1860.291748046875,2249.395263671875,1927.2588057450607,2048.332881453921,2076.048204018839,2040.8362698699589,2040.8362698699589,1989.764707764262,2116.860663413054,1973.1542691169338,2116.860663413054
2013-12-17 09:10:00+01:00,2054.59423828125,2083.8603515625,2400.3564453125,2210.9905423828595,2258.992578844995,2305.5290941938924,2257.665294556946,2257.665294556946,2215.3357112812673,2334.9734882209,2192.7319645806965,2334.9734882209
2013-12-17 09:20:00+01:00,2340.44873046875,2054.59423828125,2539.639892578125,2267.3947836621005,2378.5644903488824,2435.502275640288,2380.0195193914233,2380.0195193914233,2310.9393263836214,2368.9150835108608,2237.683346811306,2368.9150835108608
2013-12-17 09:30:00+01:00,2494.369384765625,2340.44873046875,2770.318115234375,2491.3886568131065,2504.744049646848,2557.3135817988978,2487.7712112749746,2487.7712112749746,2446.1074888594253,2565.4160655557594,2401.612080548499,2565.4160655557594
2013-12-17 09:40:00+01:00,2697.09326171875,2494.369384765625,3009.7021484375,2633.735711949929,2622.0752003889784,2659.846299900224,2587.64621533459,2587.64621533459,2549.3938662546097,2665.760024127268,2508.4471468651823,2665.760024127268
2013-12-17 09:50:00+01:00,2653.804931640625,2697.09326171875,2820.338134765625,2840.0001374485946,2719.4870455482155,2733.932219947668,2669.083295031279,2669.083295031279,2673.6488202057103,2758.2127446719205,2636.2435370276016,2758.2127446719205
2013-12-17 10:00:00+01:00,2913.4267578125,2653.804931640625,3073.1201171875,2856.8524293175415,2789.956702608768,2788.72937855593,2735.8708319717243,2735.8708319717243,2681.274516142594,2790.5958343842826,2659.0198326858335,2790.5958343842826
2013-12-17 10:10:00+01:00,2943.049072265625,2913.4267578125,3108.1572265625,3038.4752067576555,2880.610432862329,2866.4278888526983,2819.221267214768,2819.221267214768,2793.3254451473117,2943.3609508423046,2781.3899515992243,2943.3609508423046
2013-12-17 10:20:00+01:00,2912.691650390625,2943.049072265625,2928.09423828125,3075.513064048429,2938.255857836383,2913.9286912164002,2878.92241945481,2878.92241945481,2806.993314015921,2936.756287189188,2810.19510994978,2936.756287189188
2013-12-17 10:30:00+01:00,2882.791748046875,2912.691650390625,3088.049072265625,3080.526911467207,2982.5119390535974,2958.0387942628977,2929.730925822276,2929.730925822276,2886.0521380383593,2988.2433500196007,2911.91825508575,2988.2433500196007
2013-12-17 10:40:00+01:00,2897.987548828125,2882.791748046875,3266.799560546875,3034.1082528828115,3012.4106869032653,2995.3321312028484,2970.115385125282,2970.115385125282,2891.3685438090783,2982.935360669238,2899.7346897410207,2982.935360669238
2013-12-17 10:50:00+01:00,3178.6435546875,2897.987548828125,3105.355712890625,3009.550156207149,3018.1071426797726,3008.8981449184503,2984.8886359383782,2984.8886359383782,2933.4505015972672,2981.6980580863615,2932.2375109128125,2981.6980580863615
2013-12-17 11:00:00+01:00,2957.5390625,3178.6435546875,3462.97509765625,3167.881822942637,3094.5210324525615,3093.9703885220106,3057.764193651211,3057.764193651211,3012.9542895981835,3118.2476002437675,3031.621049798024,3118.2476002437675
2013-12-17 11:10:00+01:00,3091.1826171875,2957.5390625,3348.682373046875,3055.227323106991,3106.9419799648076,3111.668517265972,3083.066119124444,3083.066119124444,3014.733536485803,3024.404687818975,3029.695331826666,3024.404687818975
2013-12-17 11:20:00+01:00,2935.685546875,3091.1826171875,3118.585205078125,3129.9348397670265,3123.136417163769,3130.0639455682467,3096.2843521966306,3096.2843521966306,3048.302144046734,3082.2736453221537,3063.045161122356,3082.2736453221537
2013-12-17 11:30:00+01:00,3038.882568359375,2935.685546875,3280.457275390625,2999.637020485049,3118.607592396789,3132.028456269317,3096.963256050429,3096.963256050429,3096.2219432340257,3053.012556826115,3056.394063415014,3053.012556826115
2013-12-17 11:40:00+01:00,3033.99951171875,3038.882568359375,3413.7861328125,3046.3405773291097,3137.9283722907926,3158.036937286081,3115.557210438446,3115.557210438446,3155.7370441058683,3135.843210687148,3163.081191181331,3135.843210687148
2013-12-17 11:50:00+01:00,3046.0048828125,3033.99951171875,3309.981201171875,3025.004610656583,3146.395142241764,3168.3616184938282,3125.4907157011276,3125.4907157011276,3165.7232046123786,3140.7010395776383,3173.9686641187136,3140.7010395776383
2013-12-17 12:00:00+01:00,3170.335205078125,3046.0048828125,3290.390380859375,3039.6039227722367,3156.0367281240997,3178.5415418658945,3134.968241136302,3134.968241136302,3196.46279864268,3172.705838434362,3183.442161832572,3172.705838434362
2013-12-17 12:10:00+01:00,3287.054443359375,3170.335205078125,3776.587646484375,3113.7919528514562,3214.8527010304756,3241.1266979224083,3191.461644628205,3191.461644628205,3263.53622960712,3291.2323290814525,3287.6789703691325,3291.2323290814525
2013-12-17 12:20:00+01:00,3273.39794921875,3287.054443359375,3575.123291015625,3207.8486736269915,3271.5091604886834,3290.8400019181477,3242.8952318578567,3242.8952318578567,3296.96399869161,3358.556052861492,3362.768771072614,3358.556052861492
2013-12-17 12:30:00+01:00,3428.189208984375,3273.39794921875,3868.018310546875,3238.934686497206,3332.5349473870315,3346.996277745548,3300.2122112356947,3300.2122112356947,3335.662871607536,3399.1513232398347,3404.0382561851957,3399.1513232398347
2013-12-17 12:40:00+01:00,3300.24365234375,3428.189208984375,3637.471435546875,3354.385201173975,3392.4612947055452,3395.1488258891145,3346.3682603753136,3346.3682603753136,3317.9350901545613,3490.244927804975,3484.898829762864,3490.244927804975
2013-12-17 12:50:00+01:00,3524.259765625,3300.24365234375,3817.059326171875,3300.5829905434184,3427.68281623772,3423.1478605476136,3375.828685877343,3375.828685877343,3334.7181478114817,3463.959435856323,3494.251407187994,3463.959435856323
2013-12-17 13:00:00+01:00,3532.39697265625,3524.259765625,4082.495361328125,3450.0049037317613,3500.003027765364,3490.633931480291,3432.7820622123622,3432.7820622123622,3415.1658392599675,3591.803483033435,3576.0095231239593,3591.803483033435
2013-12-17 13:10:00+01:00,3420.4384765625,3532.39697265625,3859.27880859375,3480.341162171901,3544.9677205612625,3524.0157869958875,3466.289980419152,3466.289980419152,3340.6969172073846,3533.009850794987,3571.4435185702723,3533.009850794987
2013-12-17 13:20:00+01:00,3283.058837890625,3420.4384765625,3974.870849609375,3453.0984184591975,3563.8175223094936,3536.9384568179394,3480.302451709972,3480.302451709972,3341.9228450637834,3525.1535626241416,3569.6893888723816,3525.1535626241416
2013-12-17 13:30:00+01:00,3427.271728515625,3283.058837890625,3688.94677734375,3352.2017045971247,3530.9366248920396,3499.6597535046308,3446.7724247050605,3446.7724247050605,3291.446958208914,3434.8954106184137,3486.4369385979744,3434.8954106184137
2013-12-17 13:40:00+01:00,3333.622802734375,3427.271728515625,3805.796142578125,3411.063387575679,3531.0793438277483,3501.2356974606623,3438.020069143589,3438.020069143589,3355.6609258573217,3461.063752789854,3525.4389188714417,3461.063752789854
2013-12-17 13:50:00+01:00,3423.721435546875,3333.622802734375,3894.675537109375,3361.1940444889756,3516.914044692131,3489.719051705632,3427.798086653385,3427.798086653385,3278.05648869976,3362.977189486794,3463.5065807929986,3362.977189486794
2013-12-17 14:00:00+01:00,3479.52392578125,3423.721435546875,3811.008544921875,3432.585313363321,3513.5984088938853,3487.1509959180944,3424.5254712323103,3424.5254712323103,3343.729783233357,3376.308655045789,3492.4926428455947,3376.308655045789
2013-12-17 14:10:00+01:00,3253.9462890625,3479.52392578125,3629.133056640625,3475.0417121225287,3512.6896274529536,3482.4165203547973,3422.1163993111236,3422.1163993111236,3312.475439037353,3339.918880806151,3476.741382963245,3339.918880806151
2013-12-17 14:20:00+01:00,3157.22119140625,3253.9462890625,3697.1533203125,3356.0260760483056,3477.4710713694635,3448.280330610632,3398.4761594959414,3398.4761594959414,3295.1887181280085,3284.500086882266,3407.1175926627343,3284.500086882266
2013-12-17 14:30:00+01:00,3336.72265625,3157.22119140625,3382.67529296875,3263.3548006897154,3409.6318711146896,3381.6806623801895,3340.2047278239866,3340.2047278239866,3258.6574085901993,3218.9698796321654,3349.432266847263,3218.9698796321654
2013-12-17 14:40:00+01:00,3390.9921875,3336.72265625,3475.017578125,3328.6339459168853,3392.0598292303325,3369.303660502173,3320.2651168274333,3320.2651168274333,3272.6021188436966,3267.519911801288,3403.219795129285,3267.519911801288
2013-12-17 14:50:00+01:00,3404.923828125,3390.9921875,3332.16552734375,3379.3722589495023,3383.50070283208,3359.536496356741,3312.0680856264657,3312.0680856264657,3249.268684789475,3252.4846455246866,3380.6923007306814,3252.4846455246866
2013-12-17 15:00:00+01:00,3288.24609375,3404.923828125,3371.767333984375,3425.5320168829926,3386.223475215501,3360.8301925545597,3316.7326164327355,3316.7326164327355,3286.018837760865,3282.7569915467157,3398.8553043981574,3282.7569915467157
2013-12-17 15:10:00+01:00,3316.800048828125,3288.24609375,3388.587646484375,3356.0199398875643,3370.165548731245,3344.3818177498165,3308.52504656921,3308.52504656921,3252.084316757695,3273.9025762333063,3366.013950424445,3273.9025762333063
2013-12-17 15:20:00+01:00,3067.677734375,3316.800048828125,3393.71923828125,3349.872112883672,3358.658500889408,3334.168619955804,3299.737721618419,3299.737721618419,3254.2446430299533,3294.937975077767,3363.587657884631,3294.937975077767
2013-12-17 15:30:00+01:00,3504.392333984375,3067.677734375,3186.845458984375,3165.121161934523,3290.501630691734,3266.6881395708015,3243.0860856931085,3243.0860856931085,3180.0390764089425,3171.344041226296,3263.9330423771175,3171.344041226296
2013-12-17 15:40:00+01:00,3546.8486328125,3504.392333984375,3201.104248046875,3396.2544255342614,3306.3914198068496,3284.7047179167334,3243.7216469889368,3243.7216469889368,3232.22392439185,3300.894187194436,3376.0211747957787,3300.894187194436
2013-12-17 15:50:00+01:00,3474.942138671875,3546.8486328125,3245.464599609375,3449.9833857415497,3335.5280487659466,3310.150163625193,3266.4121027769465,3266.4121027769465,3206.1333491125197,3311.0640180807686,3350.88495924464,3311.0640180807686
2013-12-17 16:00:00+01:00,3474.5673828125,3474.942138671875,3246.57470703125,3473.3249529724458,3348.853243160363,3318.618223479013,3279.492726476465,3279.492726476465,3250.4519622840708,3330.590099660469,3377.9597748693154,3330.590099660469
2013-12-17 16:10:00+01:00,3764.5302734375,3474.5673828125,3324.013427734375,3454.1087527625064,3359.1153919625617,3327.067058233742,3287.860409967637,3287.860409967637,3229.8198892976734,3347.038486469216,3380.102774135258,3347.038486469216
2013-12-17 16:20:00+01:00,3574.87109375,3764.5302734375,3021.197509765625,3610.9774042147037,3389.958212662762,3348.1180561878004,3301.7410722160475,3301.7410722160475,3232.6583946672076,3407.065813021302,3408.526594574533,3407.065813021302
2013-12-17 16:30:00+01:00,3395.23779296875,3574.87109375,3019.6474609375,3528.4233777285453,3388.010902884916,3338.2733961597337,3294.2632655710686,3294.2632655710686,3191.653600586658,3367.127583879941,3368.5276775016755,3367.127583879941
2013-12-17 16:40:00+01:00,3378.86279296875,3395.23779296875,3190.82958984375,3411.7883891896636,3358.574514996179,3311.4530447536176,3266.747293346265,3266.747293346265,3173.2646760233865,3335.449674258044,3328.7647857025745,3335.449674258044
2013-12-17 16:50:00+01:00,3221.695068359375,3378.86279296875,3021.987060546875,3329.0643361785023,3309.489105581524,3265.183599449421,3217.0098007306533,3217.0098007306533,3097.309774655609,3283.2584127219966,3275.3793590032137,3283.2584127219966
2013-12-17 17:00:00+01:00,3290.867919921875,3221.695068359375,3179.282958984375,3186.7902105445164,3245.0134295795974,3211.0166197422227,3158.6524316619007,3158.6524316619007,3121.5425228260187,3232.70891825555,3246.2186009383295,3232.70891825555
2013-12-17 17:10:00+01:00,3329.692626953125,3290.867919921875,2976.75,3189.2812853713167,3183.2973631547293,3155.5642539935984,3097.7064157696755,3097.7064157696755,3040.2903004322266,3183.7743315418415,3184.743929901698,3183.7743315418415
2013-12-17 17:20:00+01:00,3222.857177734375,3329.692626953125,3187.883544921875,3190.131430935613,3150.2195797158474,3132.4849147915525,3065.767874980739,3065.767874980739,2991.9549491466046,3175.949082699416,3158.644260597259,3175.949082699416
2013-12-17 17:30:00+01:00,3108.74951171875,3222.857177734375,2789.05908203125,3131.077511020674,3080.646140970111,3060.668934505469,3002.2286659464908,3002.2286659464908,2920.2575915631023,3066.779888683795,3074.014158497424,3066.779888683795
2013-12-17 17:40:00+01:00,2915.651611328125,3108.74951171875,3138.15673828125,3038.5656618446596,3024.954692879705,3014.5444193043636,2953.886206738358,2953.886206738358,2927.8383489709113,3046.43544715685,3055.5310450026104,3046.43544715685
2013-12-17 17:50:00+01:00,2874.30078125,2915.651611328125,2807.5009765625,2874.5881208490805,2921.255909669648,2912.4264633023395,2862.99508750122,2862.99508750122,2775.723616798557,2865.530461451727,2873.0763508832815,2865.530461451727
2013-12-17 18:00:00+01:00,2772.029296875,2874.30078125,2642.599365234375,2793.6492874776045,2817.8623090745223,2810.2420620439607,2763.9437465775814,2763.9437465775814,2691.3357198304357,2730.925904609214,2808.1499716731137,2730.925904609214
2013-12-17 18:10:00+01:00,2927.00537109375,2772.029296875,2803.001953125,2689.4234748960216,2727.015609096943,2726.6108680727853,2679.5952423906656,2679.5952423906656,2627.9602170489616,2675.725249099585,2694.457045891318,2675.725249099585
2013-12-17 18:20:00+01:00,2516.459228515625,2927.00537109375,2459.878662109375,2756.913964679551,2659.5945771805364,2655.4611906513696,2609.8930835472124,2609.8930835472124,2549.172102502097,2591.4938974087063,2668.153293798831,2591.4938974087063
2013-12-17 18:30:00+01:00,2449.765380859375,2516.459228515625,2346.265625,2507.565891018078,2536.775035028492,2527.2568230268753,2499.38217485749,2499.38217485749,2382.935586517285,2377.8374374601467,2449.529844882391,2377.8374374601467
2013-12-17 18:40:00+01:00,2397.962646484375,2449.765380859375,2350.669189453125,2417.815860219064,2424.853625121203,2416.016915437322,2392.475725884886,2392.475725884886,2331.6115841489977,2324.4276536254506,2381.7365351105746,2324.4276536254506
2013-12-17 18:50:00+01:00,2353.125732421875,2397.962646484375,2046.208251953125,2314.784235194705,2307.985678925202,2292.9179861032253,2277.959916097928,2277.959916097928,2194.9871321672185,2174.9305309994056,2270.751992145114,2174.9305309994056
2013-12-17 19:00:00+01:00,2134.7421875,2353.125732421875,1970.6298828125,2266.963037456053,2209.682982814581,2189.1414450427646,2178.8425358684435,2178.8425358684435,2101.4495839527954,2083.34335566161,2132.7665688947595,2083.34335566161
2013-12-17 19:10:00+01:00,2112.63525390625,2134.7421875,2018.0936279296875,2113.653822762222,2104.131545535779,2082.8669342034527,2079.7111353097057,2079.7111353097057,1985.2648657279346,1972.443697189341,1991.4403106432153,1972.443697189341
2013-12-17 19:20:00+01:00,1947.93896484375,2112.63525390625,1925.8717041015625,2056.489887616877,2013.5597597524313,1991.7330634178704,1992.123145216574,1992.123145216574,1920.8925237051317,1909.2067313362804,1927.614879653475,1909.2067313362804
2013-12-17 19:30:00+01:00,1829.268798828125,1947.93896484375,1726.6336669921875,1917.2838911113543,1903.8914748925604,1878.8601949457538,1888.1893915740243,1888.1893915740243,1785.9268170415996,1784.673971874728,1787.6526732085663,1784.673971874728
2013-12-17 19:40:00+01:00,1907.5633544921875,1829.268798828125,1777.6981201171875,1811.227549859412,1803.9354220465207,1781.7548817906882,1792.038366214197,1792.038366214197,1752.3389762842894,1717.429064226625,1713.694634788768,1717.429064226625
2013-12-17 19:50:00+01:00,1698.43408203125,1907.5633544921875,1543.242431640625,1815.7940148298105,1726.8506550819602,1702.8879450146603,1713.3795501274692,1713.3795501274692,1663.393517418689,1671.8098655812382,1673.2641233419458,1671.8098655812382
2013-12-17 20:00:00+01:00,1633.7745361328125,1698.43408203125,1498.778076171875,1679.8531574693286,1636.6820839294467,1613.3951996472972,1627.51788334998,1627.51788334998,1580.284400083107,1576.0190507063865,1589.1268587585537,1576.0190507063865
2013-12-17 20:10:00+01:00,1544.1361083984375,1633.7745361328125,1489.2349853515625,1615.0673525081293,1558.7087498855412,1539.5105506745465,1551.6361878574521,1551.6361878574521,1526.0288167546494,1534.4889578421703,1530.2762680276423,1534.4889578421703
2013-12-17 20:20:00+01:00,1431.997802734375,1544.1361083984375,1361.1583251953125,1517.4849240772962,1476.8054803821594,1461.1661688108088,1473.283365148501,1473.283365148501,1454.1956186408308,1456.8074492166475,1471.5897982780211,1456.8074492166475
2013-12-17 20:30:00+01:00,1385.274169921875,1431.997802734375,1210.2972412109375,1421.507241806188,1384.2061460379243,1371.3185142170655,1384.7540007628104,1384.7540007628104,1367.0028545994269,1369.8504584859484,1399.8955343655032,1369.8504584859484
2013-12-17 20:40:00+01:00,1527.56884765625,1385.274169921875,1291.0726318359375,1359.8353922445356,1316.3470249703423,1310.4820233655817,1318.2256591673045,1318.2256591673045,1327.6377968266863,1332.8244710887243,1361.3407936239537,1332.8244710887243
2013-12-17 20:50:00+01:00,1436.9327392578125,1527.56884765625,1233.8785400390625,1421.6981871676437,1294.0917956919818,1292.636168002705,1293.8010763267384,1293.8010763267384,1313.7358239083994,1341.702647280782,1370.785911623814,1341.702647280782
2013-12-17 21:00:00+01:00,1300.83544921875,1436.9327392578125,1094.7841796875,1382.5705484071077,1264.2912519334325,1262.8927131304774,1267.2776912180493,1267.2776912180493,1233.5932124464657,1271.0405033947557,1310.5917950763744,1271.0405033947557
2013-12-17 21:10:00+01:00,1182.803955078125,1300.83544921875,1126.5350341796875,1302.2913184038632,1226.834256269175,1226.8332309244029,1232.6535406105415,1232.6535406105415,1196.6025689947448,1227.382640695387,1258.0662225385902,1227.382640695387
2013-12-17 21:20:00+01:00,1130.9696044921875,1182.803955078125,1064.3870849609375,1191.179033005168,1169.0094206090846,1170.9784894184536,1178.2229059753113,1178.2229059753113,1136.261356622005,1155.291752532673,1175.6252038561315,1155.291752532673
2013-12-17 21:30:00+01:00,1155.9693603515625,1130.9696044921875,939.2835693359375,1119.5753833887466,1098.89734204997,1102.5695908730463,1110.1643264222403,1110.1643264222403,1086.9606615435766,1093.3450283765765,1108.2751408202428,1093.3450283765765
2013-12-17 21:40:00+01:00,1180.3082275390625,1155.9693603515625,1055.846923828125,1109.3132757087947,1062.4228714134085,1070.1345899085002,1071.084350784582,1071.084350784582,1073.1220814484636,1089.7448894402867,1089.4944012209237,1089.7448894402867
2013-12-17 21:50:00+01:00,978.6411743164062,1180.3082275390625,911.8819580078125,1120.7448820583263,1033.2465380840504,1040.6361986297538,1042.295053200071,1042.295053200071,1036.1780691927527,1055.2339688637487,1062.36728393735,1055.2339688637487
2013-12-17 22:00:00+01:00,988.7112426757812,978.6411743164062,977.26953125,1000.8235971702576,985.0619597793327,993.8079910498278,998.6778620692285,998.6778620692285,996.2307329282551,976.6299440812103,984.7104977725061,976.6299440812103
2013-12-17 22:10:00+01:00,1085.0679931640625,988.7112426757812,1018.9927978515625,978.3760440104184,953.4232532983508,963.6738306712843,966.9688723561491,966.9688723561491,993.4446852853904,977.2132539733913,964.852443885107,977.2132539733913
2013-12-17 22:20:00+01:00,1033.1767578125,1085.0679931640625,990.0189819335938,1010.9093775406529,949.3174738084826,958.5748450439181,960.1480698625983,960.1480698625983,985.1193701718787,981.7376775161756,975.1761687133283,981.7376775161756
2013-12-17 22:30:00+01:00,944.3495483398438,1033.1767578125,940.1659545898438,998.7398224644824,940.3797899239223,946.7016848705555,951.5580432318297,951.5580432318297,953.7671217918373,951.7425964674719,939.4354415555683,951.7425964674719
2013-12-17 22:40:00+01:00,942.0194091796875,944.3495483398438,865.2564697265625,949.9427487628709,910.6674993786821,914.3598800452568,923.6043225258653,923.6043225258653,907.7168401660335,897.7121748807047,888.9505923488003,897.7121748807047
2013-12-17 22:50:00+01:00,967.8113403320312,942.0194091796875,779.1495361328125,927.9397077597202,876.103399789871,877.9492898515463,888.286411494081,888.286411494081,879.8261940871448,876.5816758082307,862.2534858200042,876.5816758082307
2013-12-17 23:00:00+01:00,1005.8289184570312,967.8113403320312,696.9022827148438,932.4569181601712,846.6125243771115,846.4907153654308,856.5626203278077,856.5626203278077,866.8641375286262,865.524016014634,849.9474977804504,865.524016014634
2013-12-17 23:10:00+01:00,907.166015625,1005.8289184570312,730.4628295898438,962.5897236364003,841.6017695466631,838.2293506470971,846.3524146823556,846.3524146823556,861.8532204543619,876.6202165398262,853.1829334042958,876.6202165398262
2013-12-17 23:20:00+01:00,756.850830078125,907.166015625,765.425537109375,913.302624081044,832.0545762093112,825.9431715860462,834.9364740037242,834.9364740037242,822.3308798297536,835.0281016950805,808.7041160021761,835.0281016950805
2013-12-17 23:30:00+01:00,723.375732421875,756.850830078125,663.6350708007812,805.2359173255647,781.9874623636258,776.9418854385054,788.8018874126383,788.8018874126383,773.1778391685586,759.4331398176745,732.3271135157257,759.4331398176745
2013-12-17 23:40:00+01:00,765.8621215820312,723.375732421875,667.4697265625,747.207681691124,731.7687474882582,730.2421295176255,738.4998223582571,738.4998223582571,746.856065141653,731.964075884381,697.5864389224636,731.964075884381
2013-12-17 23:50:00+01:00,716.9841918945312,765.8621215820312,690.7700805664062,749.3277554199469,705.0988724690159,706.3164685317821,709.7109116336558,709.7109116336558,739.6357610807187,718.433860785236,698.4408767738105,718.433860785236
2013-12-18 00:00:00+01:00,661.3385009765625,716.9841918945312,559.17333984375,722.4323046839793,666.2675767536874,669.5134789196873,674.2883693824348,674.2883693824348,686.0362849924303,658.4703554795951,646.475427464712,658.4703554795951
2013-12-18 00:10:00+01:00,632.772216796875,661.3385009765625,619.6597290039062,686.0135571189328,636.8128873382685,641.3567950178018,644.848286786067,644.848286786067,657.8790302156685,627.5412604793275,616.749042261247,627.5412604793275
2013-12-18 00:20:00+01:00,580.1304931640625,632.772216796875,583.05126953125,652.0918017647695,608.8672660159308,613.9744061773426,617.5727571632605,617.5727571632605,631.8732487533539,596.6182873248654,589.9756840065178,596.6182873248654
2013-12-18 00:30:00+01:00,556.29248046875,580.1304931640625,533.5086669921875,605.3122534197701,574.9173528539627,580.568556645162,584.7296451403249,584.7296451403249,597.4273305046845,560.5340706571577,566.2802036141998,560.5340706571577
2013-12-18 00:40:00+01:00,602.6931762695312,556.29248046875,569.0733642578125,577.1420150170223,550.4760269814693,556.2844970887267,559.0233437233447,559.0233437233447,577.4468313802626,546.4369874793399,543.778450378657,546.4369874793399
2013-12-18 00:50:00+01:00,549.7470092773438,602.6931762695312,581.92919921875,595.6873953755678,545.830809951334,550.8278644875558,552.7944060314264,552.7944060314264,573.1262082704261,543.7173749796391,545.1844287663608,543.7173749796391
2013-12-18 01:00:00+01:00,485.12847900390625,549.7470092773438,545.354248046875,566.08259738587,533.3991637396135,538.0657662196252,541.5520356484922,541.5520356484922,544.3033176089464,522.591487021057,523.1632615756182,522.591487021057
2013-12-18 01:10:00+01:00,531.804931640625,485.12847900390625,482.7961730957031,520.4916967022895,505.3114790264037,510.2304374457711,514.6799677037538,514.6799677037538,517.0051846955749,500.7257582797541,495.13749181523116,500.7257582797541
2013-12-18 01:20:00+01:00,523.7163696289062,531.804931640625,525.0744018554688,531.8834647794259,497.5435640062119,501.9214725724482,504.5083359197189,504.5083359197189,518.5532761032971,505.2559708399723,497.3535944224986,505.2559708399723
2013-12-18 01:30:00+01:00,457.691162109375,523.7163696289062,425.4803466796875,523.9963554167431,483.2329479267335,487.39837450095484,491.43683961667034,491.43683961667034,497.9854950156472,488.37506776604914,481.86267517857016,488.37506776604914
2013-12-18 01:40:00+01:00,520.63671875,457.691162109375,409.66485595703125,485.1875640945304,460.23243447362074,464.49637574533915,468.62150331661866,468.62150331661866,469.01209342946936,464.9778707866662,457.22988849228113,464.9778707866662
2013-12-18 01:50:00+01:00,493.6710205078125,520.63671875,425.3852233886719,512.0000546229693,457.9987177725903,461.3805932823295,464.4593351312421,464.4593351312421,476.52335398338766,477.4900805196923,466.80203714476573,477.4900805196923
2013-12-18 02:00:00+01:00,406.3177795410156,493.6710205078125,397.7220153808594,493.62058934004904,452.68736333153896,455.90833526001603,459.53759347536163,459.53759347536163,460.8725802141111,456.93118966462805,452.935846038973,456.93118966462805
2013-12-18 02:10:00+01:00,450.1985168457031,406.3177795410156,483.9145202636719,438.4390790937261,441.22562570222095,445.1263375659317,446.7011164142849,446.7011164142849,436.2747977276084,447.5453097598125,430.35929917485976,447.5453097598125
2013-12-18 02:20:00+01:00,436.3537902832031,450.1985168457031,429.6882629394531,446.4511090702868,434.8225531575834,439.19996297056605,440.25580036771953,440.25580036771953,439.0547714385472,444.7591273512261,427.4845932043488,444.7591273512261
2013-12-18 02:30:00+01:00,380.0415344238281,436.3537902832031,337.4970703125,429.5953476537976,418.12512137337933,423.14687177841256,425.80781017350455,425.80781017350455,422.50716957880184,417.58172448278646,407.9331486528938,417.58172448278646
2013-12-18 02:40:00+01:00,439.2201232910156,380.0415344238281,400.18402099609375,395.0104181494127,402.21947035652306,407.34681715739623,408.7026511339432,408.7026511339432,406.01522717548255,411.50541713686346,395.5325338951057,411.50541713686346
2013-12-18 02:50:00+01:00,414.0452880859375,439.2201232910156,391.16015625,418.4634262000507,401.2867222276039,405.9109265733596,406.92663050311216,406.92663050311216,415.4217913124739,417.63260416733624,405.768737567332,417.63260416733624
2013-12-18 03:00:00+01:00,377.9306335449219,414.0452880859375,326.25811767578125,401.799265895025,391.9869933563842,396.62936751205797,399.08954115156763,399.08954115156763,396.2915015145927,392.55154583696554,385.2639425205584,392.55154583696554
2013-12-18 03:10:00+01:00,423.2731018066406,377.9306335449219,381.71392822265625,381.34400310685635,385.55873184421034,389.8378464107135,390.9637371529742,390.9637371529742,389.3172447354105,400.159642737856,379.8704492722721,400.159642737856
2013-12-18 03:20:00+01:00,431.6105041503906,423.2731018066406,375.2427673339844,397.46861595939225,389.3836806597377,393.18526623617225,393.5930417918167,393.5930417918167,398.2139722907491,402.16876968640605,389.0934563553964,402.16876968640605
2013-12-18 03:30:00+01:00,381.5679931640625,431.6105041503906,319.0267028808594,402.46810082535916,390.0889889666978,393.83211075063144,395.02058330436716,395.02058330436716,394.09380217818693,394.14044307430015,383.85050423132776,394.14044307430015
2013-12-18 03:40:00+01:00,433.5382995605469,381.5679931640625,391.6683349609375,377.94892346651784,390.6170340068587,394.3356665351018,393.4825091396603,393.4825091396603,384.48061847338624,399.56520622635315,376.6088162550577,399.56520622635315
2013-12-18 03:50:00+01:00,402.7005615234375,433.5382995605469,376.2120666503906,400.9891454540876,399.1522938085666,402.8336628891357,401.06462746767437,401.06462746767437,395.47145963819133,408.2009012223694,388.34354080481063,408.2009012223694
2013-12-18 04:00:00+01:00,372.73590087890625,402.7005615234375,308.3628234863281,382.14598804363703,393.23857543213074,397.5459918792612,396.9345672911651,396.9345672911651,383.47357232777216,381.39766207472985,370.36424980950244,381.39766207472985
2013-12-18 04:10:00+01:00,415.7556457519531,372.73590087890625,372.93994140625,365.328279199004,389.705041798295,393.96693529785585,391.745952272806,391.745952272806,380.89208862394247,396.8051807979952,371.1030905633742,396.8051807979952
2013-12-18 04:20:00+01:00,406.3472900390625,415.7556457519531,383.06048583984375,381.54521451536857,395.9639743621913,399.94635712098983,397.14974724789107,397.14974724789107,388.6677826040307,397.18038028215295,379.9311520706997,397.18038028215295
2013-12-18 04:30:00+01:00,371.6052551269531,406.3472900390625,297.955322265625,378.53300428354305,390.53484123977984,394.6309419913633,394.3370509898752,394.3370509898752,381.24877826534964,381.9605988666767,369.44590994166845,381.9605988666767
2013-12-18 04:40:00+01:00,420.7161865234375,371.6052551269531,356.9537048339844,362.58049300859767,387.23467247032113,390.6805047021176,389.8518705846911,389.8518705846911,375.0372303097806,387.3762205980334,368.7830898611624,387.3762205980334
2013-12-18 04:50:00+01:00,392.8664855957031,420.7161865234375,364.5166320800781,386.1309033887847,395.4609717913638,397.8671309973716,397.12426441859805,397.12426441859805,386.06558264759553,396.94295014042416,380.135330551477,396.94295014042416
2013-12-18 05:00:00+01:00,370.86358642578125,392.8664855957031,312.1010437011719,373.76120233088017,392.3177658152741,394.36261102591186,395.5770798154175,395.5770798154175,375.40426900659816,376.7779348263802,367.0351621815697,376.7779348263802
2013-12-18 05:10:00+01:00,419.27398681640625,370.86358642578125,384.0633544921875,364.82906951694304,393.9479332498838,395.05862751875725,395.3481862351908,395.3481862351908,375.81194153609573,394.1449988928425,375.35655481191753,394.1449988928425
2013-12-18 05:20:00+01:00,399.49871826171875,419.27398681640625,381.5939025878906,389.11706211641047,404.9441807494345,405.01014848867055,405.7158157063001,405.7158157063001,387.93264067854545,399.0458723175913,386.51668154313205,399.0458723175913
2013-12-18 05:30:00+01:00,368.6548156738281,399.49871826171875,343.93572998046875,384.9737925660628,407.0530653796846,406.7236737063321,409.38873361366035,409.38873361366035,384.2813564992092,389.8857749457972,382.14396289226875,389.8857749457972
2013-12-18 05:40:00+01:00,424.99371337890625,368.6548156738281,395.71905517578125,372.9846097150847,407.96652826856655,406.9632688456736,409.6027062588289,409.6027062588289,383.98810132836644,398.3250131423423,386.10497729994785,398.3250131423423
2013-12-18 05:50:00+01:00,428.4240417480469,424.99371337890625,398.4581604003906,403.96369007481667,420.44309765886,418.1891206922959,421.7764686937854,421.7764686937854,401.52867417405025,409.820663818991,404.00203121974573,409.820663818991
2013-12-18 06:00:00+01:00,389.5139465332031,428.4240417480469,354.0349426269531,415.70409699931,427.961360115781,424.8862522089858,431.31783109308816,431.31783109308816,404.4381651383441,406.13988796824316,403.30473950360124,406.13988796824316
2013-12-18 06:10:00+01:00,434.3548889160156,389.5139465332031,395.1343688964844,405.3165284267623,431.521308961111,427.5756278648129,434.8055066079963,434.8055066079963,409.47315931557483,416.7577088874487,406.47188143853157,416.7577088874487
2013-12-18 06:20:00+01:00,427.3218078613281,434.3548889160156,396.4485168457031,433.41084723340884,444.10426291918174,438.59281547493663,447.06681231204465,447.06681231204465,422.8532629742573,428.92866957078655,419.60452079865473,428.92866957078655
2013-12-18 06:30:00+01:00,394.56573486328125,427.3218078613281,364.00823974609375,436.18637700602767,450.30793459758905,443.7287649802225,454.7197215187965,454.7197215187965,429.5120085256151,419.2254428862807,417.0294601791922,419.2254428862807
2013-12-18 06:40:00+01:00,496.3794250488281,394.56573486328125,452.62628173828125,425.9013471724375,458.66912101069494,450.83039822657844,461.5424461029134,461.5424461029134,437.23497611277304,444.21844929637206,431.52326639199293,444.21844929637206
2013-12-18 06:50:00+01:00,473.8197326660156,496.3794250488281,492.357177734375,491.9027929075348,492.88486266070595,482.48227921380305,494.1128102760917,494.1128102760917,485.0716681303288,497.0612622577186,481.71597338714054,497.0612622577186
2013-12-18 07:00:00+01:00,486.70123291015625,473.8197326660156,463.6129455566406,497.1847689320956,516.7764990883331,505.77760589215796,520.72547898121,520.72547898121,491.9859336666566,478.29654384202564,478.51766363178615,478.29654384202564
2013-12-18 07:10:00+01:00,599.9542236328125,486.70123291015625,555.0616455078125,526.8602564882218,550.0644676918215,538.4477579273487,553.9549157576488,553.9549157576488,533.0170067906538,554.1191153392808,526.309740458528,554.1191153392808
2013-12-18 07:20:00+01:00,525.7067260742188,599.9542236328125,565.3959350585938,608.2359767886397,606.3060643992861,593.3125193790152,610.7520506158769,610.7520506158769,593.9314567500126,614.6742667203144,582.7076250213223,614.6742667203144
2013-12-18 07:30:00+01:00,586.379150390625,525.7067260742188,533.3812866210938,588.4659845383691,633.7171131592056,622.6268745697723,643.3540861976815,643.3540861976815,590.3284292706948,588.0641684861763,565.8628357891474,588.0641684861763
2013-12-18 07:40:00+01:00,784.08837890625,586.379150390625,777.662109375,643.8961574232385,695.7958457838998,684.5502780470938,702.3836038304177,702.3836038304177,696.7621035739545,744.6729541567025,691.2574157877272,744.6729541567025
2013-12-18 07:50:00+01:00,714.1670532226562,784.08837890625,904.4889526367188,781.6570475453697,812.9989292046729,799.2384284275176,817.0209279218581,817.0209279218581,854.1793505043787,886.0844139252395,874.7456216315045,886.0844139252395
2013-12-18 08:00:00+01:00,779.4248657226562,714.1670532226562,812.2024536132812,794.2577947662577,892.4732563622923,880.5923324548098,904.9636301927869,904.9636301927869,909.1485067948831,876.8550377332555,885.9270084530905,876.8550377332555
2013-12-18 08:10:00+01:00,981.38134765625,779.4248657226562,1016.8386840820312,870.7729425719382,991.9908692719746,980.1273238098206,1004.0004782819957,1004.0004782819957,1052.3507094442064,1046.7551737278018,1086.0138632914316,1046.7551737278018
2013-12-18 08:20:00+01:00,1149.291015625,981.38134765625,1204.38720703125,1014.9833675709936,1143.7949988866944,1127.0384355376973,1150.0098978036388,1150.0098978036388,1280.4590446027903,1219.61858944524,1249.6429551300607,1219.61858944524
2013-12-18 08:30:00+01:00,1348.96044921875,1149.291015625,1464.502197265625,1190.3758706643325,1340.1821263384072,1318.6189765597167,1342.2363693384534,1342.2363693384534,1534.8414137498135,1442.9047870795903,1476.4986611675445,1442.9047870795903
2013-12-18 08:40:00+01:00,1568.0528564453125,1348.96044921875,1682.7236328125,1410.0568353741005,1565.054406239307,1545.4149687283589,1568.549333649525,1568.549333649525,1683.6848674639473,1658.5534625959563,1655.733788109271,1658.5534625959563
2013-12-18 08:50:00+01:00,1768.0125732421875,1568.0528564453125,2065.818359375,1638.9499217089597,1809.1187298786906,1805.6996963426864,1821.6300473184306,1821.6300473184306,1864.252793907417,1892.306708860713,1823.000701913073,1892.306708860713
2013-12-18 09:00:00+01:00,2023.637451171875,1768.0125732421875,2095.5390625,1862.743573227654,2012.8702320967038,2034.6094977029027,2041.1633463110907,2041.1633463110907,2029.3610444595006,2060.5213377372042,1977.3886484526965,2060.5213377372042
2013-12-18 09:10:00+01:00,2272.902587890625,2023.637451171875,2579.7138671875,2119.997016989092,2224.1497553466525,2268.174617009048,2255.0257048564567,2255.0257048564567,2228.0957250783295,2292.208947368757,2172.0938594919385,2292.208947368757
2013-12-18 09:20:00+01:00,2444.150390625,2272.902587890625,2469.052490234375,2375.3966502003123,2394.9939325130754,2443.062004116225,2415.9968616101683,2415.9968616101683,2320.2808907860376,2453.3726918670213,2277.0311354252244,2453.3726918670213
2013-12-18 09:30:00+01:00,2440.644775390625,2444.150390625,2808.08544921875,2582.6606000894913,2557.8161693821303,2597.739540733585,2556.4561301264257,2556.4561301264257,2518.6266661688196,2626.377453602769,2449.2618472585355,2626.377453602769
2013-12-18 09:40:00+01:00,2575.36376953125,2440.644775390625,2834.618896484375,2645.9671672350605,2654.477847967624,2680.216901808635,2636.9688396946967,2636.9688396946967,2588.3522934027897,2676.025516052587,2493.623966450987,2676.025516052587
2013-12-18 09:50:00+01:00,2680.140869140625,2575.36376953125,2883.215576171875,2750.803276185244,2729.981425829778,2741.6955079278455,2695.5772271990695,2695.5772271990695,2699.8484074422354,2783.8824915494415,2590.456046052357,2783.8824915494415
2013-12-18 10:00:00+01:00,2715.62158203125,2680.140869140625,3156.2392578125,2826.8236291542444,2806.2448575703374,2809.33163418355,2762.457473032382,2762.457473032382,2793.327552823278,2874.39655209691,2676.4588136111956,2874.39655209691
2013-12-18 10:10:00+01:00,2921.39697265625,2715.62158203125,3191.845458984375,2872.4086124167993,2857.6421213405024,2856.7680750553,2816.1548942858985,2816.1548942858985,2844.116116877199,2924.4303768421555,2763.7679731746134,2924.4303768421555
2013-12-18 10:20:00+01:00,2777.68310546875,2921.39697265625,3008.322021484375,3011.8263358607387,2912.319729083379,2908.3081048198655,2869.6646663276283,2869.6646663276283,2893.187656819376,2995.6914995418765,2858.4902447899344,2995.6914995418765
2013-12-18 10:30:00+01:00,2773.9453125,2777.68310546875,3253.70947265625,2934.893644764379,2941.7389137771584,2942.695407874958,2910.8591190079455,2910.8591190079455,2950.3149933103014,2975.39960744716,2878.479937460526,2975.39960744716
2013-12-18 10:40:00+01:00,2989.9443359375,2773.9453125,3167.403076171875,2916.0356325820967,2949.0254163517975,2956.284074225094,2929.4801956924343,2929.4801956924343,2963.8235029107664,3011.6853865710336,2919.4660428406983,3011.6853865710336
2013-12-18 10:50:00+01:00,2846.94091796875,2989.9443359375,3287.44091796875,3010.7838409337264,2997.7814036804334,3010.8927557469447,2979.409967136452,2979.409967136452,3021.8655938892807,3088.768624369047,3005.4797558891923,3088.768624369047
2013-12-18 11:00:00+01:00,2811.031982421875,2846.94091796875,3249.8017578125,2933.320264002588,3009.714581702941,3027.535214940723,3002.7930884782472,3002.7930884782472,3025.717432008803,3035.219324943742,2992.818081822377,3035.219324943742
2013-12-18 11:10:00+01:00,3279.4287109375,2811.031982421875,3271.0712890625,2898.6643745581982,3011.1900490078115,3034.5719419537113,3012.5106972427243,3012.5106972427243,3046.8045571302487,3043.544210242137,3019.962671978347,3043.544210242137
2013-12-18 11:20:00+01:00,3163.481689453125,3279.4287109375,3329.847900390625,3149.1611257288014,3097.0927787002006,3120.7267072011723,3086.1116440161263,3086.1116440161263,3133.903669263784,3206.970101787955,3162.5507350682515,3206.970101787955
2013-12-18 11:30:00+01:00,3015.900146484375,3163.481689453125,3005.517333984375,3138.4255371772083,3136.9527350371945,3153.5727486502387,3124.4455263643326,3124.4455263643326,3111.680256246717,3131.4492008223883,3142.9567783706775,3131.4492008223883
2013-12-18 11:40:00+01:00,3284.27392578125,3015.900146484375,3142.5615234375,3084.846908639913,3156.2979968807117,3172.216508847032,3144.6951499959177,3144.6951499959177,3135.678607199749,3185.919169759821,3158.629620825957,3185.919169759821
2013-12-18 11:50:00+01:00,3299.768798828125,3284.27392578125,3158.892822265625,3200.566264789531,3216.3940322947083,3229.8519174128687,3192.299730704653,3192.299730704653,3240.578267479302,3313.7288735732664,3269.6601801222682,3313.7288735732664
2013-12-18 12:00:00+01:00,2981.0390625,3299.768798828125,3256.498046875,3224.8044846093007,3277.528306494842,3287.16766223333,3246.8915225245,3246.8915225245,3279.2647382836417,3333.114024529265,3290.425732488507,3333.114024529265
2013-12-18 12:10:00+01:00,3214.531005859375,2981.0390625,3270.320068359375,3058.0987157436934,3270.235737297124,3278.4222031491217,3247.925496911722,3247.925496911722,3257.906549767045,3309.066069163583,3251.954273092024,3309.066069163583
2013-12-18 12:20:00+01:00,3171.614501953125,3214.531005859375,3288.272705078125,3151.3334785801326,3298.774368979746,3305.6876426948515,3267.380798824965,3267.380798824965,3325.7802607372278,3403.592131994913,3343.0393203048034,3403.592131994913
2013-12-18 12:30:00+01:00,3339.468994140625,3171.614501953125,3452.62890625,3113.6179502018326,3323.860491279202,3329.211511150209,3291.4703731419986,3291.4703731419986,3336.8484685653407,3393.8144880544496,3338.4691418729735,3393.8144880544496
2013-12-18 12:40:00+01:00,3410.10498046875,3339.468994140625,4244.994140625,3250.8510701941013,3407.584746692365,3416.4260831290917,3375.81049278529,3375.81049278529,3507.6936379266845,3602.160298756342,3466.088236736835,3602.160298756342
2013-12-18 12:50:00+01:00,3605.238525390625,3410.10498046875,4260.2275390625,3320.8630658555758,3479.695185134795,3481.3657045910595,3450.4668127675964,3450.4668127675964,3487.8997856404235,3606.4339770960432,3462.3554829081036,3606.4339770960432
2013-12-18 13:00:00+01:00,3426.00244140625,3605.238525390625,3750.690673828125,3488.1864281430803,3540.482935127997,3523.5341949500335,3497.216688924505,3497.216688924505,3488.1655844952957,3611.6297305989797,3525.055536113202,3611.6297305989797
2013-12-18 13:10:00+01:00,3416.02734375,3426.00244140625,3767.807861328125,3426.2394363930525,3562.2034350522285,3530.8761138042287,3511.3757179563636,3511.3757179563636,3483.356893905149,3612.6306851087957,3542.402927445643,3612.6306851087957
2013-12-18 13:20:00+01:00,3399.9404296875,3416.02734375,3813.631591796875,3426.0883857267067,3573.2847801543294,3532.592519147537,3513.745350629857,3513.745350629857,3546.7945717698817,3622.0815669057274,3567.455449179018,3622.0815669057274
2013-12-18 13:30:00+01:00,3227.800048828125,3399.9404296875,3723.69775390625,3393.349196080533,3569.7282490216085,3520.7537944318024,3503.061539885314,3503.061539885314,3503.778623464696,3551.4779740652853,3526.1001525750075,3551.4779740652853
2013-12-18 13:40:00+01:00,3338.31103515625,3227.800048828125,3712.06689453125,3284.4065188332675,3533.3662971347776,3480.628821550486,3469.1417990198534,3469.1417990198534,3466.8070956058077,3503.1510257152527,3499.6823859358888,3503.1510257152527
2013-12-18 13:50:00+01:00,3355.911865234375,3338.31103515625,3390.4853515625,3329.986997382473,3501.9316475392375,3443.5978719625573,3431.146313236599,3431.146313236599,3388.0872254216265,3443.229695819064,3463.936287665829,3443.229695819064
2013-12-18 14:00:00+01:00,3166.156982421875,3355.911865234375,3612.896240234375,3339.7428226256757,3495.0985354137897,3437.0726672150477,3422.7150959456903,3422.7150959456903,3448.405957253671,3452.2829320358965,3484.249451165179,3452.2829320358965
2013-12-18 14:10:00+01:00,3369.8701171875,3166.156982421875,3613.8251953125,3242.365655360678,3456.3494113639445,3399.622881721334,3395.806492043276,3395.806492043276,3423.318325047877,3385.9581430478156,3400.06078983629,3385.9581430478156
2013-12-18 14:20:00+01:00,3113.439453125,3369.8701171875,3753.6796875,3347.4952999120696,3463.3005196015265,3409.515373952812,3403.5154602863686,3403.5154602863686,3445.8081268657065,3412.1307189873323,3442.7391028904785,3412.1307189873323
2013-12-18 14:30:00+01:00,3275.35400390625,3113.439453125,3554.429931640625,3189.0990502049463,3415.7007326264275,3360.575542775626,3369.578583631231,3369.578583631231,3352.952601597951,3288.2034715623126,3324.3807299991836,3288.2034715623126
2013-12-18 14:40:00+01:00,3055.241455078125,3275.35400390625,3301.107666015625,3282.5863216285843,3388.783702318409,3331.0198362919846,3339.551347723112,3339.551347723112,3368.1816837272827,3285.2613221559236,3383.559783047168,3285.2613221559236
2013-12-18 14:50:00+01:00,2968.350830078125,3055.241455078125,3585.734619140625,3126.4184292432838,3347.2127383714787,3294.3225634487258,3308.3620795082275,3308.3620795082275,3325.246541780677,3244.3755170643717,3287.529077626791,3244.3755170643717
2013-12-18 15:00:00+01:00,2976.4423828125,2968.350830078125,3514.888671875,3053.477279865714,3288.666377902805,3240.586999721237,3260.927542823095,3260.927542823095,3320.8928901096624,3199.2971707302104,3246.7676356921074,3199.2971707302104
2013-12-18 15:10:00+01:00,2978.914794921875,2976.4423828125,3426.4248046875,3005.5019694134758,3235.6995779323383,3191.590646016565,3213.6969273777117,3213.6969273777117,3268.200418049832,3159.842568575164,3241.9781715249364,3159.842568575164
2013-12-18 15:20:00+01:00,2843.1064453125,2978.914794921875,3320.781005859375,2989.172565307276,3188.1156229459516,3146.204890054171,3169.6237405327342,3169.6237405327342,3237.996302626862,3151.1908503853797,3228.399483252542,3151.1908503853797
2013-12-18 15:30:00+01:00,2873.267578125,2843.1064453125,3710.072509765625,2895.5433372601997,3144.626342369792,3112.7956613215383,3138.62452350429,3138.62452350429,3224.753700796087,3127.5244971790958,3181.534572859016,3127.5244971790958
2013-12-18 15:40:00+01:00,3034.5830078125,2873.267578125,3245.29736328125,2883.58870671928,3087.7313846115444,3054.883282503607,3086.5986746984454,3086.5986746984454,3163.7372251992515,3080.033226426816,3153.5163234114975,3080.033226426816
2013-12-18 15:50:00+01:00,2952.283935546875,3034.5830078125,3554.64013671875,2960.821661001096,3086.804288581642,3059.1946210848146,3083.471239944147,3083.471239944147,3155.2319657378557,3137.7596008610203,3169.9667693185197,3137.7596008610203
2013-12-18 16:00:00+01:00,2992.324462890625,2952.283935546875,3284.4580078125,2931.896250611932,3060.379622833624,3028.8160172399616,3060.322225592467,3060.322225592467,3088.609154396853,3071.2722058089785,3100.9104519248344,3071.2722058089785
2013-12-18 16:10:00+01:00,3030.43505859375,2992.324462890625,3351.18603515625,2957.837996497633,3048.561726115472,3016.0892234098096,3046.900125805513,3046.900125805513,3103.602917086512,3098.622423367488,3136.1849510508637,3098.622423367488
2013-12-18 16:20:00+01:00,2983.157470703125,3030.43505859375,3570.2236328125,2964.451347106196,3053.5789533922703,3022.928938454476,3051.1923083058155,3051.1923083058155,3072.3121972814884,3124.2670404055007,3115.2946119551025,3124.2670404055007
2013-12-18 16:30:00+01:00,2836.9736328125,2983.157470703125,3497.138671875,2935.749418916436,3042.281447997595,3009.665271331781,3041.2670259261868,3041.2670259261868,3053.382463428942,3077.8249565413516,3071.499973900216,3077.8249565413516
2013-12-18 16:40:00+01:00,2978.466796875,2836.9736328125,3293.57958984375,2828.652989654862,2993.047453767818,2956.1330352779787,2993.7676216510667,2993.7676216510667,2993.2732942291577,3007.21018235002,3027.128631047229,3007.21018235002
2013-12-18 16:50:00+01:00,3022.286865234375,2978.466796875,3403.468017578125,2874.1775818140345,2975.6414367260813,2939.3636122905345,2968.6257988558905,2968.6257988558905,2989.2342920104816,3034.7508662464697,3040.938902951261,3034.7508662464697
2013-12-18 17:00:00+01:00,2991.586669921875,3022.286865234375,3537.183837890625,2891.997507729518,2972.081412023393,2936.9022210695566,2960.9707482475487,2960.9707482475487,2990.4685963731085,3028.947914486463,3019.4366818923418,3028.947914486463
2013-12-18 17:10:00+01:00,2801.42041015625,2991.586669921875,3291.186279296875,2892.5003076689122,2949.4622069624133,2908.940788673583,2935.692866561766,2935.692866561766,2949.539144757947,2975.301470134957,2990.9763236700646,2975.301470134957
2013-12-18 17:20:00+01:00,2843.47412109375,2801.42041015625,3294.86962890625,2764.6733772666394,2895.881482081712,2853.4987787762893,2883.875032121996,2883.875032121996,2871.6202485535346,2877.2254704671677,2910.6517303474143,2877.2254704671677
2013-12-18 17:30:00+01:00,2739.06201171875,2843.47412109375,3221.863525390625,2745.8869458797444,2848.2971122302965,2805.346610297234,2831.9407850790394,2831.9407850790394,2825.501079857206,2828.5367701450373,2846.5028396344114,2828.5367701450373
2013-12-18 17:40:00+01:00,2828.438720703125,2739.06201171875,3089.95166015625,2651.9879953891486,2782.8444119117194,2738.231979055489,2764.988488212505,2764.988488212505,2785.4589522167175,2752.9324710277847,2793.501291008625,2752.9324710277847
2013-12-18 17:50:00+01:00,2639.46533203125,2828.438720703125,2833.100341796875,2689.2518394313397,2728.639879882684,2679.1724114895487,2702.183429021868,2702.183429021868,2696.8342085364393,2686.118279658454,2733.292802942009,2686.118279658454
2013-12-18 18:00:00+01:00,2697.963623046875,2639.46533203125,2840.237060546875,2565.7748608016036,2656.375602358081,2605.752082525645,2629.02527429363,2629.02527429363,2598.4934680058454,2577.507904366303,2628.3313372680755,2577.507904366303
2013-12-18 18:10:00+01:00,2509.2978515625,2697.963623046875,2752.03759765625,2579.0674187426253,2600.7052594953398,2549.648904668767,2568.337698106788,2568.337698106788,2591.843106593567,2594.7260176146438,2641.047545850499,2594.7260176146438
2013-12-18 18:20:00+01:00,2373.92578125,2509.2978515625,2414.887451171875,2440.039467999613,2506.956333803471,2449.7257789330874,2474.130610438926,2474.130610438926,2428.9808613451114,2387.792911890804,2462.2045043008943,2387.792911890804
2013-12-18 18:30:00+01:00,2274.868896484375,2373.92578125,2488.27734375,2329.5781162121293,2412.945931827497,2357.7127319530646,2379.2168735462587,2379.2168735462587,2350.0068241267654,2316.0653718586004,2345.424798467533,2316.0653718586004
2013-12-18 18:40:00+01:00,2122.94482421875,2274.868896484375,2273.6748046875,2216.18517706564,2306.5453291598674,2251.018959625188,2272.605055944771,2272.605055944771,2241.127542741537,2213.467521723939,2269.8166062228765,2213.467521723939
2013-12-18 18:50:00+01:00,2104.655517578125,2122.94482421875,2159.594970703125,2083.4827748399453,2189.673203892929,2135.2258230667408,2156.7225696249175,2156.7225696249175,2143.6706715309842,2090.446984865996,2137.9962755021847,2090.446984865996
2013-12-18 19:00:00+01:00,1954.2174072265625,2104.655517578125,2318.689453125,2031.5330457262353,2105.3842678934384,2059.0191437824656,2072.8409431572345,2072.8409431572345,2057.5305768166972,2078.8599004975576,2054.4093820926237,2078.8599004975576
2013-12-18 19:10:00+01:00,1900.6038818359375,1954.2174072265625,1939.9189453125,1911.6252775348664,1992.4804382227878,1945.123627997829,1965.2771314651557,1965.2771314651557,1920.4856362226233,1918.9899008545672,1917.2832434385873,1918.9899008545672
2013-12-18 19:20:00+01:00,1830.8048095703125,1900.6038818359375,1945.490478515625,1849.8945494361894,1898.656816228291,1854.3448537021563,1872.295565578494,1872.295565578494,1854.8425179407484,1870.0261972610515,1838.7037482070655,1870.0261972610515
2013-12-18 19:30:00+01:00,1645.0162353515625,1830.8048095703125,1910.290771484375,1775.1922897667416,1815.6600557716988,1775.3934450183758,1792.0880205724318,1792.0880205724318,1788.3729627137213,1803.1449087748795,1774.9768869390198,1803.1449087748795
2013-12-18 19:40:00+01:00,1657.5728759765625,1645.0162353515625,1762.2176513671875,1638.1711938454405,1712.4570758705588,1674.6862414436093,1695.5428897718573,1695.5428897718573,1702.6949936701726,1672.984426142858,1677.0722322924746,1672.984426142858
2013-12-18 19:50:00+01:00,1499.5960693359375,1657.5728759765625,1644.4066162109375,1605.1279287028608,1629.0808204052223,1593.2121470545908,1612.782731072894,1612.782731072894,1619.5780855508508,1622.570895796892,1625.2082222013362,1622.570895796892
2013-12-18 20:00:00+01:00,1415.3048095703125,1499.5960693359375,1674.3565673828125,1480.7575701594433,1544.4389882882906,1513.6763913217974,1532.9156420313127,1532.9156420313127,1556.1463833667449,1532.4772895588353,1531.2402499700765,1532.4772895588353
2013-12-18 20:10:00+01:00,1484.5228271484375,1415.3048095703125,1552.703857421875,1402.6218479684064,1458.7347937244097,1431.615034785585,1451.9554761461318,1451.9554761461318,1477.17639155104,1457.948081206252,1463.6498858359798,1457.948081206252
2013-12-18 20:20:00+01:00,1344.59814453125,1484.5228271484375,1487.666015625,1408.3027070571206,1405.3897439166963,1381.261286362908,1398.8337741070338,1398.8337741070338,1434.4552905344076,1442.109034516238,1446.510525689315,1442.109034516238
2013-12-18 20:30:00+01:00,1296.4246826171875,1344.59814453125,1455.7689208984375,1319.6186009431658,1346.3363333427626,1325.3532833348581,1344.889020401237,1344.889020401237,1359.2735300326665,1358.5682922052313,1370.680265776019,1358.5682922052313
2013-12-18 20:40:00+01:00,1235.2767333984375,1296.4246826171875,1289.63720703125,1275.5835396472721,1284.2089619824224,1263.502335482794,1285.808071660542,1285.808071660542,1289.5630383237874,1296.375725479364,1321.2595377738953,1296.375725479364
2013-12-18 20:50:00+01:00,1203.80810546875,1235.2767333984375,1262.061767578125,1208.5465543396692,1227.3522309720638,1208.0520184319357,1229.8798958352916,1229.8798958352916,1239.4397856912324,1239.724215249669,1274.9894939742014,1239.724215249669
2013-12-18 21:00:00+01:00,1060.9434814453125,1203.80810546875,1341.0242919921875,1171.013537770698,1188.2880606182714,1172.489440231304,1190.7281814569178,1190.7281814569178,1227.78293458263,1217.6210442358347,1239.038600596119,1217.6210442358347
2013-12-18 21:10:00+01:00,1170.2113037109375,1060.9434814453125,1188.1856689453125,1065.7599368376952,1124.4001069327421,1109.9346011730277,1131.0871686860876,1131.0871686860876,1152.4218777005492,1113.489780079833,1159.8673590074945,1113.489780079833
2013-12-18 21:20:00+01:00,993.6035766601562,1170.2113037109375,1358.635498046875,1105.1001544254502,1108.6049364012315,1097.9897132321846,1111.6183634156405,1111.6183634156405,1173.72781769161,1168.2279418897654,1177.9029054500354,1168.2279418897654
2013-12-18 21:30:00+01:00,968.9386596679688,993.6035766601562,1139.773681640625,991.4895667809838,1054.5123190004292,1044.431605819984,1063.2497073903608,1063.2497073903608,1075.6888932840432,1030.9204313053247,1074.5938943610658,1030.9204313053247
2013-12-18 21:40:00+01:00,1047.5736083984375,968.9386596679688,1067.83154296875,962.5718152715804,1000.9463363229889,991.645668196334,1010.0407775294233,1010.0407775294233,1065.4953634670974,1026.8466507373062,1056.2886947702639,1026.8466507373062
2013-12-18 21:50:00+01:00,1083.426513671875,1047.5736083984375,1082.35302734375,981.8057280022434,977.4959060102669,969.31827175866,982.9580412205246,982.9580412205246,1036.189915700007,1013.0268666033531,1037.0426047247588,1013.0268666033531
2013-12-18 22:00:00+01:00,916.0882568359375,1083.426513671875,923.4490356445312,1013.6851522356561,960.7908366352343,950.5690225653454,964.8401958331277,964.8401958331277,1017.3333623514542,1005.220541490689,1025.3581935019922,1005.220541490689
2013-12-18 22:10:00+01:00,1061.1026611328125,916.0882568359375,953.3141479492188,927.4373842331881,927.5812310701589,916.7827299331104,932.2381650178122,932.2381650178122,964.6631010286578,934.3273579084765,950.4134780088297,934.3273579084765
2013-12-18 22:20:00+01:00,863.028564453125,1061.1026611328125,826.180419921875,996.0096602632583,917.5298820475324,903.3525353177879,917.0420008762244,917.0420008762244,968.7246620809733,964.7388415212259,957.0104212467452,964.7388415212259
2013-12-18 22:30:00+01:00,815.0374755859375,863.028564453125,816.2496337890625,872.3503518162925,878.9031209047109,864.2262997143723,878.7410072442111,878.7410072442111,885.301287404588,852.8882126636587,866.600509647763,852.8882126636587
2013-12-18 22:40:00+01:00,800.1888427734375,815.0374755859375,835.4679565429688,831.196972778425,839.9474952857034,826.4426860995018,837.2733623518377,837.2733623518377,873.0297888555386,853.5561936351725,843.8893274479129,853.5561936351725
2013-12-18 22:50:00+01:00,839.2511596679688,800.1888427734375,768.9847412109375,788.2240436589312,800.3192003839537,788.846950939162,796.4454378523483,796.4454378523483,798.6743085430383,779.5442195471685,784.9956909639765,779.5442195471685
2013-12-18 23:00:00+01:00,747.427978515625,839.2511596679688,798.6192016601562,804.6571055909811,782.5584063541077,772.5947976826676,776.0856715106991,776.0856715106991,795.1076735923127,793.888989676901,786.7319543014341,793.888989676901
2013-12-18 23:10:00+01:00,753.5594482421875,747.427978515625,701.033935546875,752.8685887166025,747.4127422854665,739.0919759531885,744.0752714125541,744.0752714125541,729.3216538571851,719.191601240829,720.2182882553437,719.191601240829
2013-12-18 23:20:00+01:00,731.6779174804688,753.5594482421875,829.9902954101562,749.2496703155105,735.5359255260489,728.2106193584824,730.1484698581626,730.1484698581626,734.4176858145595,741.4354553737398,726.7755636932304,741.4354553737398
2013-12-18 23:30:00+01:00,626.6589965820312,731.6779174804688,696.2265014648438,724.8807480256904,713.6812419712278,706.5904204691798,710.7656793211191,710.7656793211191,684.7583089928106,687.1577929682994,672.6250663153743,687.1577929682994
2013-12-18 23:40:00+01:00,700.3662719726562,626.6589965820312,726.5791625976562,655.4889299766055,678.860125874136,673.8381998842063,677.9610718302566,677.9610718302566,665.44107767303,658.3359595793906,651.4335082786525,658.3359595793906
2013-12-18 23:50:00+01:00,573.6437377929688,700.3662719726562,682.369140625,684.0127721241487,662.2178375427023,657.7639201363659,660.2265876288967,660.2265876288967,649.234078715463,655.6789048226617,636.0551853592921,655.6789048226617
2013-12-19 00:00:00+01:00,551.97705078125,573.6437377929688,611.5025634765625,600.2803338229908,619.9282973211695,617.9178657835296,621.3905411152458,621.3905411152458,600.3290795134711,592.3617114630237,586.4416170059548,592.3617114630237
2013-12-19 00:10:00+01:00,509.28118896484375,551.97705078125,611.8392333984375,577.0418902093913,583.051076074243,583.0746135472873,584.1783513031677,584.1783513031677,576.360829493171,584.7275939381901,563.9348606071861,584.7275939381901
2013-12-19 00:20:00+01:00,505.8966979980469,509.28118896484375,602.83740234375,528.4429182663748,547.3781213367233,549.3527982602875,548.526896025139,548.526896025139,548.3534882973793,547.070057251567,536.9422802204534,547.070057251567
2013-12-19 00:30:00+01:00,428.3467712402344,505.8966979980469,572.92578125,516.7455449175555,519.9047609705021,522.9089370561012,521.2101573554049,521.2101573554049,535.3654318233288,534.9653803787465,523.0794518515839,534.9653803787465
2013-12-19 00:40:00+01:00,451.1895751953125,428.3467712402344,589.8599243164062,458.6048605897537,487.74322478972925,491.82298652250734,489.89461405057625,489.89461405057625,500.29798305278314,488.68103269827037,496.51080387868643,488.68103269827037
2013-12-19 00:50:00+01:00,433.8096008300781,451.1895751953125,515.5682373046875,460.57305380618186,464.0909453051398,468.15393640657663,466.93848355774367,466.93848355774367,492.85037893249904,481.17598013282196,484.9054564191995,481.17598013282196
2013-12-19 01:00:00+01:00,382.5023193359375,433.8096008300781,454.6031799316406,441.6681874440639,440.98841089778796,444.81225369207203,445.1691952524938,445.1691952524938,468.49415272934425,447.4814677011656,463.9784760984023,447.4814677011656
2013-12-19 01:10:00+01:00,425.5199890136719,382.5023193359375,542.1632080078125,407.8778651913162,424.0394756601326,427.39060053129657,426.9228368515012,426.9228368515012,454.30480067494807,442.7070235194672,455.1444081966887,442.7070235194672
2013-12-19 01:20:00+01:00,422.12451171875,425.5199890136719,431.6419677734375,424.3063183760843,413.0871235862233,415.3251960656609,416.53022218573415,416.53022218573415,448.38620421920007,427.4175359109099,443.3761599778688,427.4175359109099
2013-12-19 01:30:00+01:00,365.89776611328125,422.12451171875,422.7875061035156,421.0593762615224,406.87496438394527,408.1403445834767,410.2423913255732,410.2423913255732,438.71710132732477,416.5016094881221,438.44477002206895,416.5016094881221
2013-12-19 01:40:00+01:00,390.98126220703125,365.89776611328125,467.12249755859375,389.26744197922477,397.8907701803336,398.44983651328374,399.9955036608697,399.9955036608697,422.6669646764735,407.7844827242344,422.6757298188824,407.7844827242344
2013-12-19 01:50:00+01:00,364.154052734375,390.98126220703125,413.82061767578125,394.4613095269009,391.95015453498166,391.74739113792464,393.51830132362323,393.51830132362323,417.7948018770022,402.22231621291877,419.69270267743883,402.22231621291877
2013-12-19 02:00:00+01:00,346.4092102050781,364.154052734375,414.02288818359375,371.32070101572504,383.17370836297397,382.76787145975175,384.2703343836098,384.2703343836098,403.64595360983424,383.96740159119463,404.1339767665823,383.96740159119463
2013-12-19 02:10:00+01:00,363.67041015625,346.4092102050781,451.2489013671875,357.3348971327193,376.3084518293945,375.7923919153413,376.1792080573929,376.1792080573929,395.42590039621683,385.29160068513386,398.7399577868578,385.29160068513386
2013-12-19 02:20:00+01:00,336.3878173828125,363.67041015625,392.5418701171875,359.5837327475679,369.6784771061716,369.05858233593176,370.1083385700858,370.1083385700858,391.7469256221624,374.7569428367864,391.91033438311524,374.7569428367864
2013-12-19 02:30:00+01:00,334.3681640625,336.3878173828125,402.9848327636719,340.3634528506016,360.92151932949315,360.2960439876627,361.3295909753274,361.3295909753274,381.711809984335,363.7829451615094,377.11265088342407,363.7829451615094
2013-12-19 02:40:00+01:00,341.2246398925781,334.3681640625,445.1553955078125,335.0774011276458,357.61086283990636,356.78242365672753,356.99938333524915,356.99938333524915,378.97873404992714,371.11249299675853,379.70337159558864,371.11249299675853
2013-12-19 02:50:00+01:00,362.49945068359375,341.2246398925781,375.60430908203125,332.9189752150359,351.26420850043365,350.2327471719686,351.7370580257771,351.7370580257771,375.13254324640303,360.10319401301365,367.7088733969941,360.10319401301365
2013-12-19 03:00:00+01:00,318.2502136230469,362.49945068359375,386.63604736328125,344.95663016674786,352.459652937361,350.98453512266804,352.60155278826926,352.60155278826926,379.96392903652645,363.04641972317705,371.6980767009472,363.04641972317705
2013-12-19 03:10:00+01:00,352.7724609375,318.2502136230469,409.80145263671875,319.71790513856826,348.28954899445114,346.5542945342435,347.83545371215905,347.83545371215905,366.9129799537084,355.48196432396827,358.8816655013692,355.48196432396827
2013-12-19 03:20:00+01:00,335.25732421875,352.7724609375,375.5361633300781,335.1230306745736,348.87898854067856,346.6395410871298,348.2073972284419,348.2073972284419,373.703121406346,360.4803108842022,362.2643874612005,360.4803108842022
2013-12-19 03:30:00+01:00,325.4012451171875,335.25732421875,375.9029541015625,321.6911410369195,347.00979697975384,344.499744870342,346.120034218126,346.120034218126,367.4228729465255,350.0288147348,352.6862246022512,350.0288147348
2013-12-19 03:40:00+01:00,332.8095703125,325.4012451171875,400.9671936035156,316.34230795165695,346.0927309827216,343.2319123313695,344.23332828948014,344.23332828948014,367.373173646335,357.02549986335873,352.02455673986395,357.02549986335873
2013-12-19 03:50:00+01:00,322.70391845703125,332.8095703125,361.8472595214844,315.31613390781706,343.4919880768816,340.29701971291564,342.0214722327241,342.0214722327241,363.0428108543817,348.02562565811826,346.58680261637164,348.02562565811826
2013-12-19 04:00:00+01:00,294.5767822265625,322.70391845703125,353.20391845703125,307.8059870776693,339.0942978412478,335.4693711431672,337.76930661124646,337.76930661124646,361.610724560792,344.9887155690965,341.39477126793315,344.9887155690965
2013-12-19 04:10:00+01:00,348.2298278808594,294.5767822265625,390.01220703125,288.98095015582015,333.38654735176675,329.2206058133869,331.1781042411101,331.1781042411101,351.7043723046219,341.6383213725191,334.04999662827146,341.6383213725191
2013-12-19 04:20:00+01:00,315.64874267578125,348.2298278808594,358.34814453125,314.73373852493023,336.98827010526696,332.00003484178825,334.9537779625859,334.9537779625859,362.6124745754663,352.05692974697035,345.84317426278926,352.05692974697035
2013-12-19 04:30:00+01:00,298.32684326171875,315.64874267578125,364.8841552734375,299.8843115995686,336.0405536169253,330.5087322137676,334.3184546190119,334.3184546190119,355.541162034702,337.1386783974743,334.7188499514216,337.1386783974743
2013-12-19 04:40:00+01:00,366.7232666015625,298.32684326171875,372.5950927734375,292.23422887964665,332.75415184043106,326.5304715277375,330.7747460211374,330.7747460211374,351.2700539981817,345.2695946918987,332.90681351155445,345.2695946918987
2013-12-19 04:50:00+01:00,309.5078125,366.7232666015625,348.9435729980469,326.15705631058734,341.64784692843057,334.4276256780423,339.72860999731273,339.72860999731273,367.069090161188,356.7321552944608,348.0259265262178,356.7321552944608
2013-12-19 05:00:00+01:00,294.1190490722656,309.5078125,354.0539245605469,301.7477402783343,340.29058402310034,332.6782067281093,338.81491270009604,338.81491270009604,355.22861243005553,340.4246921008854,334.2711256815793,340.4246921008854
2013-12-19 05:10:00+01:00,335.9127197265625,294.1190490722656,378.5880126953125,294.40795178750324,337.6868555813701,329.5462010470472,335.5130981466305,335.5130981466305,351.15456645738726,353.06498073194393,335.31629889349324,353.06498073194393
2013-12-19 05:20:00+01:00,328.009033203125,335.9127197265625,375.9111328125,311.37971193779083,343.6787893445378,334.92344375919146,341.47797735295967,341.47797735295967,361.8984500665743,354.89037413821956,344.6616153826906,354.89037413821956
2013-12-19 05:30:00+01:00,307.7118835449219,328.009033203125,348.8511047363281,313.8891052238565,345.6901642328534,336.6376260607559,345.0372218889915,345.0372218889915,364.2307623906114,348.24705947972024,343.8240006234021,348.24705947972024
2013-12-19 05:40:00+01:00,398.0494689941406,307.7118835449219,388.78759765625,309.22428284054473,347.36336740039815,337.9402218878226,346.63601994564397,346.63601994564397,362.1403456566781,357.45416783892006,347.13409098196314,357.45416783892006
2013-12-19 05:50:00+01:00,327.98382568359375,398.0494689941406,389.3110656738281,363.22843086792426,367.53829486566116,357.10741087380495,366.8298962208602,366.8298962208602,388.52467246838467,384.59801884828323,380.1046947507806,384.59801884828323
2013-12-19 06:00:00+01:00,329.0496520996094,327.98382568359375,365.4917297363281,335.92417944395885,370.12823311882295,359.9636901076206,371.6778972142851,371.6778972142851,375.46320529835725,357.0054783072729,358.3527699839286,357.0054783072729
2013-12-19 06:10:00+01:00,384.1741943359375,329.0496520996094,414.06402587890625,343.00124288405914,375.9389677189549,365.76508838466606,377.0205428473651,377.0205428473651,386.54338543548124,388.70422972172906,375.96031215611106,388.70422972172906
2013-12-19 06:20:00+01:00,277.4793701171875,384.1741943359375,364.88427734375,372.2616071361797,387.13162961151573,376.850766022563,390.02652000934614,390.02652000934614,400.93370321272704,384.553189786863,386.96163837492975,384.553189786863
2013-12-19 06:30:00+01:00,274.7256774902344,277.4793701171875,365.6471862792969,314.4619370528677,371.79017328320197,362.68167351667887,376.96539468582756,376.96539468582756,375.3051567847647,356.03829554541386,357.93273493706084,356.03829554541386
2013-12-19 06:40:00+01:00,325.95721435546875,274.7256774902344,427.1146545410156,306.28207372346185,362.05358658415275,353.128088938007,366.54336965728146,366.54336965728146,384.4183393363627,378.88891401200044,370.2070620051638,378.88891401200044
2013-12-19 06:50:00+01:00,334.89874267578125,325.95721435546875,401.7874755859375,328.2515392722835,364.08157972844634,354.6365996280804,370.3253767412433,370.3253767412433,397.4765996810424,382.9737359145084,381.1444623235187,382.9737359145084
2013-12-19 07:00:00+01:00,386.3130187988281,334.89874267578125,461.42535400390625,348.17924542741036,376.173538523682,365.9048576358829,383.7086865836243,383.7086865836243,420.80625232265425,404.78392118419015,398.2130044221976,404.78392118419015
2013-12-19 07:10:00+01:00,424.3793029785156,386.3130187988281,629.7557373046875,399.0894157699963,414.67811981703096,402.9488614490683,421.59574367289883,421.59574367289883,474.46691381221376,481.243657340949,461.29308779097926,481.243657340949
2013-12-19 07:20:00+01:00,477.2926330566406,424.3793029785156,476.47271728515625,441.86693287901585,447.9583761468614,436.1140384974897,460.82410865360754,460.82410865360754,488.29869208405995,471.82968923937443,464.55140292493866,471.82968923937443
2013-12-19 07:30:00+01:00,715.1279907226562,477.2926330566406,553.3328857421875,501.1875994130362,498.483976628231,487.04248728686235,513.1111754085688,513.1111754085688,555.6489111143173,543.8978327859434,529.9344165912939,543.8978327859434
2013-12-19 07:40:00+01:00,884.7259521484375,715.1279907226562,690.890380859375,680.6962487705047,613.6837362047519,600.3987542717605,626.190981723964,626.190981723964,663.9657780968802,732.2502724725557,716.0528074064503,732.2502724725557
2013-12-19 07:50:00+01:00,785.541015625,884.7259521484375,723.0950927734375,862.0719525973135,778.9888560706557,763.2051458966622,792.1677078074082,792.1677078074082,777.5534541108299,856.6846322095093,837.1603999635701,856.6846322095093
2013-12-19 08:00:00+01:00,678.9754638671875,785.541015625,790.5578002929688,891.0527424215952,930.3799641929609,916.154716618101,946.3729489780619,946.3729489780619,821.3065125089246,907.1009778411984,889.2382090042416,907.1009778411984
2013-12-19 08:10:00+01:00,819.5874633789062,678.9754638671875,965.3026123046875,826.4829423776689,1034.2251916033763,1026.2336475317977,1047.6056308694872,1047.6056308694872,918.6187821832417,942.9271964824096,957.460854228098,942.9271964824096
2013-12-19 08:20:00+01:00,879.0156860351562,819.5874633789062,1147.6617431640625,895.8518251784318,1151.1626628883841,1146.1249192552234,1151.6942664119829,1151.6942664119829,1100.9620073366582,1122.24641145415,1174.246626390925,1122.24641145415
2013-12-19 08:30:00+01:00,1063.2784423828125,879.0156860351562,1346.146484375,949.2842466736216,1250.8540930394988,1251.461248880999,1249.7324054832911,1249.7324054832911,1250.2908820203086,1233.3523834885843,1339.330221351319,1233.3523834885843
2013-12-19 08:40:00+01:00,1343.3223876953125,1063.2784423828125,1696.751708984375,1121.2014093930704,1377.067741115377,1389.3969188320095,1385.9567262268795,1385.9567262268795,1450.73036256034,1455.7217827369354,1520.299883400275,1455.7217827369354
2013-12-19 08:50:00+01:00,1527.7471923828125,1343.3223876953125,2050.480224609375,1363.1758963628342,1550.796815103226,1578.930396646675,1583.1483136990482,1583.1483136990482,1676.1092060642823,1702.4264403065552,1736.7845719609327,1702.4264403065552
2013-12-19 09:00:00+01:00,1859.0157470703125,1527.7471923828125,2252.875,1588.8954079794762,1730.806398023634,1775.869836172712,1797.6093732953204,1797.6093732953204,1890.4128198241715,1934.8452493284647,1929.7109877755995,1934.8452493284647
2013-12-19 09:10:00+01:00,1937.3192138671875,1859.0157470703125,2388.326171875,1909.3751400107803,1940.3058649007864,1993.2349696211504,2026.8018723334385,2026.8018723334385,2044.4145129109486,2193.017649390611,2098.1882839868017,2193.017649390611
2013-12-19 09:20:00+01:00,2040.3126220703125,1937.3192138671875,2244.71435546875,2063.826286110078,2097.2755656544396,2146.4775295092,2188.8977948722973,2188.8977948722973,2149.1793966192286,2278.1797068006435,2181.514100170487,2278.1797068006435
2013-12-19 09:30:00+01:00,2293.775390625,2040.3126220703125,2694.999755859375,2206.34916771403,2254.027056252584,2292.63424544763,2326.968331034384,2326.968331034384,2331.942378255794,2445.5606719635475,2328.363698976948,2445.5606719635475
2013-12-19 09:40:00+01:00,2391.5419921875,2293.775390625,2891.175048828125,2401.9763818946662,2419.3166015678944,2437.387779455217,2459.67266427564,2459.67266427564,2460.0855287766285,2588.582207863897,2448.1360494532473,2588.582207863897
2013-12-19 09:50:00+01:00,2310.9873046875,2391.5419921875,2669.509033203125,2522.343630877454,2533.0831074460293,2528.170162621141,2544.121007797631,2544.121007797631,2543.7447728799557,2659.3744110011908,2539.425899081249,2659.3744110011908
2013-12-19 10:00:00+01:00,2419.895751953125,2310.9873046875,3044.638427734375,2513.257107341101,2610.9347790263546,2594.2880493718158,2603.1358299727153,2603.1358299727153,2571.90549087687,2701.717428163592,2587.4518056820357,2701.717428163592
2013-12-19 10:10:00+01:00,2641.6396484375,2419.895751953125,2881.6552734375,2569.5659777693795,2656.5308030188344,2633.0891439976695,2634.815115065781,2634.815115065781,2651.9104539011373,2768.4467557112775,2664.1019502956024,2768.4467557112775
2013-12-19 10:20:00+01:00,2614.3935546875,2641.6396484375,2858.5322265625,2703.585016322117,2719.6538474109857,2692.866758320621,2684.408194670124,2684.408194670124,2722.8100582290126,2839.44508034855,2768.318141529365,2839.44508034855
2013-12-19 10:30:00+01:00,2709.89404296875,2614.3935546875,3054.149658203125,2724.9487120103854,2772.661201574629,2747.9878190124905,2738.716379402243,2738.716379402243,2739.641139961457,2871.080164352054,2797.6419823957617,2871.080164352054
2013-12-19 10:40:00+01:00,2891.08740234375,2709.89404296875,3245.267578125,2799.6772087940967,2836.4615868759497,2816.570190036055,2807.694151738896,2807.694151738896,2823.95523400217,2963.392571764415,2871.529247310877,2963.392571764415
2013-12-19 10:50:00+01:00,2683.944091796875,2891.08740234375,3211.103515625,2909.402690464259,2912.6691412400587,2894.9074346030297,2886.782976275599,2886.782976275599,2870.233566253482,3020.0961370005734,2930.408699240923,3020.0961370005734
2013-12-19 11:00:00+01:00,2721.842041015625,2683.944091796875,3167.59423828125,2800.345851658223,2930.718897596673,2917.2058812925825,2916.9188072020766,2916.9188072020766,2870.683445132735,2970.2789842700354,2944.043463082364,2970.2789842700354
2013-12-19 11:10:00+01:00,2922.367431640625,2721.842041015625,3685.8828125,2798.19996114448,2972.18969496983,2969.52061327091,2965.718234451342,2965.718234451342,2949.2562015864232,3070.5923125642166,3008.0880900435427,3070.5923125642166
2013-12-19 11:20:00+01:00,2925.501708984375,2922.367431640625,3145.23486328125,2883.726057921576,3002.8160689361325,2999.1992976307943,2992.254243500302,2992.254243500302,2976.789271122852,3054.4901474163303,3051.697184442819,3054.4901474163303
2013-12-19 11:30:00+01:00,2795.059814453125,2925.501708984375,3320.98583984375,2912.852109409866,3042.6733402151463,3040.8605651370062,3029.3674773219072,3029.3674773219072,3033.2187392648307,3092.593707177019,3100.623019182019,3092.593707177019
2013-12-19 11:40:00+01:00,2981.765380859375,2795.059814453125,3355.439697265625,2848.045517853889,3051.5662704286065,3051.5113408434872,3042.160447124275,3042.160447124275,3025.986181112226,3128.976418210652,3136.0372308161272,3128.976418210652
2013-12-19 11:50:00+01:00,2826.960693359375,2981.765380859375,3107.701904296875,2934.563664962916,3073.849486204132,3072.0645010325607,3056.1091086391434,3056.1091086391434,3089.7349420462856,3161.469984416214,3187.3658968780646,3161.469984416214
2013-12-19 12:00:00+01:00,2799.498779296875,2826.960693359375,3160.283203125,2838.9781751190485,3071.8078849334274,3070.327876727913,3054.981080242812,3054.981080242812,3068.8244341647037,3124.528711038658,3158.888039780947,3124.528711038658
2013-12-19 12:10:00+01:00,3123.9638671875,2799.498779296875,3265.990478515625,2817.854328510975,3069.1300921765737,3070.9408466326267,3054.308413617989,3054.308413617989,3123.211487562791,3176.374621457162,3191.25594119783,3176.374621457162
2013-12-19 12:20:00+01:00,3150.143798828125,3123.9638671875,3192.5341796875,2989.5976075278313,3118.618349104054,3119.452106750568,3094.9223204673785,3094.9223204673785,3178.364420234398,3286.8222287670233,3235.348740852479,3286.8222287670233
2013-12-19 12:30:00+01:00,3046.845703125,3150.143798828125,3716.705322265625,3058.652532966301,3199.577193914821,3200.970086929586,3179.777214010945,3179.777214010945,3271.8029078791888,3402.3201185799776,3284.9681371791476,3402.3201185799776
2013-12-19 12:40:00+01:00,3468.646484375,3046.845703125,3289.12890625,3051.949629888732,3222.4910272998072,3213.9820211833407,3206.8881795577627,3206.8881795577627,3213.667484135878,3349.6420251805207,3273.654158139011,3349.6420251805207
2013-12-19 12:50:00+01:00,3090.926513671875,3468.646484375,3166.224609375,3305.554175736842,3301.6165166796545,3283.9358244222844,3266.746941237292,3266.746941237292,3290.283871380924,3482.163169694586,3361.2406431099503,3482.163169694586
2013-12-19 13:00:00+01:00,3197.674560546875,3090.926513671875,3704.27587890625,3127.8502472288515,3339.67193443447,3318.8400037912575,3311.2753002928393,3311.2753002928393,3304.8158794756932,3473.862350969789,3367.429914183739,3473.862350969789
2013-12-19 13:10:00+01:00,3417.0126953125,3197.674560546875,3747.470458984375,3203.5630221927513,3377.545099013589,3352.6447047559454,3346.383409321438,3346.383409321438,3407.197650678073,3516.1252985149695,3421.961485626296,3516.1252985149695
2013-12-19 13:20:00+01:00,2906.858642578125,3417.0126953125,3643.825927734375,3308.823988174688,3433.3852147032767,3398.986824439525,3389.0751913414597,3389.0751913414597,3395.862858895828,3521.553447267883,3421.955215458107,3521.553447267883
2013-12-19 13:30:00+01:00,3040.736083984375,2906.858642578125,3588.60302734375,3039.7551439752215,3385.4136750014336,3342.9741012697004,3349.0376968266105,3349.0376968266105,3316.4898861714564,3356.6274998432887,3356.30407172933,3356.6274998432887
2013-12-19 13:40:00+01:00,3329.92626953125,3040.736083984375,3581.3935546875,3079.88909700992,3357.2491191942268,3314.256814927964,3312.5704120622186,3312.5704120622186,3323.5158600377017,3374.04477397073,3382.337543237169,3374.04477397073
2013-12-19 13:50:00+01:00,3320.115966796875,3329.92626953125,3650.2080078125,3214.4047750535524,3384.5402275233496,3339.062206275297,3326.2312465152,3326.2312465152,3378.7200854364073,3462.7928849026684,3441.799675206191,3462.7928849026684
2013-12-19 14:00:00+01:00,3093.679443359375,3320.115966796875,3730.517822265625,3290.3906598118747,3412.514697128875,3361.3033200230266,3352.6602434732627,3352.6602434732627,3354.227855622866,3435.6981574417387,3430.1863858207157,3435.6981574417387
2013-12-19 14:10:00+01:00,3205.843505859375,3093.679443359375,3513.474853515625,3193.566786751688,3384.282687450266,3325.428978721919,3330.7344160569305,3330.7344160569305,3273.4727966024725,3355.839243609861,3386.9250449737656,3355.839243609861
2013-12-19 14:20:00+01:00,2994.403076171875,3205.843505859375,3587.768798828125,3229.478600599742,3378.941874909426,3319.107590727914,3322.2555018289877,3322.2555018289877,3306.8928855481545,3370.0071743169424,3395.8965330462524,3370.0071743169424
2013-12-19 14:30:00+01:00,2840.915771484375,2994.403076171875,3530.858642578125,3077.658625818758,3332.995111525011,3271.5239706503116,3282.6391669107975,3282.6391669107975,3272.493476767377,3256.6907220850776,3341.308024212136,3256.6907220850776
2013-12-19 14:40:00+01:00,2868.2763671875,2840.915771484375,3593.471435546875,2956.9650163446017,3264.6201913062796,3207.6736129556416,3222.819627929294,3222.819627929294,3253.9016160668207,3206.6161574550197,3308.7368800828694,3206.6161574550197
2013-12-19 14:50:00+01:00,2783.326171875,2868.2763671875,3327.392822265625,2914.9530952650584,3194.9403136947417,3140.3571148156725,3153.915400688118,3153.915400688118,3160.85666677706,3124.5735037034024,3227.4948700132018,3124.5735037034024
2013-12-19 15:00:00+01:00,2646.189453125,2783.326171875,3343.564697265625,2837.716514874501,3124.7196737061245,3076.085408501271,3088.415071569182,3088.415071569182,3155.0534220144523,3081.147254317304,3185.8886073477674,3081.147254317304
2013-12-19 15:10:00+01:00,2663.9970703125,2646.189453125,3391.64599609375,2732.8349494567406,3043.78993577303,3003.9206328481696,3018.2460563691493,3018.2460563691493,3110.7506660551235,3059.41390910507,3143.729947057608,3059.41390910507
2013-12-19 15:20:00+01:00,2644.555908203125,2663.9970703125,3200.02734375,2702.157691220816,2969.9898905170144,2936.6473954806474,2950.058686349361,2950.058686349361,3089.171164517513,3004.8863258280403,3110.8710410533763,3004.8863258280403
2013-12-19 15:30:00+01:00,2672.2568359375,2644.555908203125,3090.50439453125,2664.761481088852,2903.689421492214,2876.281878533469,2888.5777213295396,2888.5777213295396,3023.7081147965246,2946.1392656439166,3055.0235590236616,2946.1392656439166
2013-12-19 15:40:00+01:00,2697.133056640625,2672.2568359375,3372.302734375,2674.7190930876413,2871.4469153372916,2855.8496597921035,2864.2297677772926,2864.2297677772926,3066.4857026626514,3028.655071200078,3065.0948163044636,3028.655071200078
2013-12-19 15:50:00+01:00,2690.958251953125,2697.133056640625,3388.802490234375,2684.098759471786,2851.3237847797923,2842.70716682842,2853.6854861239613,2853.6854861239613,3059.8399993247567,3015.054282941903,3034.4152691953122,3015.054282941903
2013-12-19 16:00:00+01:00,2776.708251953125,2690.958251953125,3331.889404296875,2679.720082061686,2831.834862753653,2825.990860344633,2841.809199022364,2841.809199022364,3026.025321321755,2984.6399428777404,2999.827819663888,2984.6399428777404
2013-12-19 16:10:00+01:00,2705.388427734375,2776.708251953125,3287.276123046875,2727.227490092171,2827.6124929205203,2822.300408541985,2839.0288611219457,2839.0288611219457,3002.7591036163076,3007.193326954108,2989.0748042026785,3007.193326954108
2013-12-19 16:20:00+01:00,2695.671875,2705.388427734375,3628.3857421875,2685.3996929658147,2826.775660702491,2825.791952935372,2844.890309652514,2844.890309652514,3034.5660543134245,3032.8594472888212,3001.7830930392165,3032.8594472888212
2013-12-19 16:30:00+01:00,2693.88525390625,2695.671875,3514.6806640625,2669.603405423728,2813.107926407861,2810.143615006221,2834.228391126285,2834.228391126285,2994.530246225994,2981.368647290767,2959.7597809745853,2981.368647290767
2013-12-19 16:40:00+01:00,2853.398681640625,2693.88525390625,3188.417724609375,2645.0638651277095,2781.718263322581,2770.4304381557035,2797.6655042972366,2797.6655042972366,2931.717314680629,2929.4410407825662,2943.3879183379913,2929.4410407825662
2013-12-19 16:50:00+01:00,2749.04736328125,2853.398681640625,3206.232177734375,2732.2747182242183,2780.175085468627,2764.8165227093277,2784.6264866252177,2784.6264866252177,2914.67852475348,2959.14060806448,2938.599511653347,2959.14060806448
2013-12-19 17:00:00+01:00,3048.157958984375,2749.04736328125,3375.47412109375,2684.310832091755,2769.7147157942118,2752.2470777006165,2772.378783971399,2772.378783971399,2930.7457493033917,2920.2931612134093,2908.0601478351186,2920.2931612134093
2013-12-19 17:10:00+01:00,3068.62353515625,3048.157958984375,3211.14208984375,2866.1226503531275,2795.3480394757757,2772.584691955323,2787.444604300487,2787.444604300487,2972.434787800603,3010.0591280152025,2951.7078987302425,3010.0591280152025
2013-12-19 17:20:00+01:00,3087.59130859375,3068.62353515625,3238.319580078125,2904.510045012785,2823.606416692869,2793.869579410292,2810.3723203461136,2810.3723203461136,2920.6466778273607,2993.111977875714,2929.9851514435177,2993.111977875714
2013-12-19 17:30:00+01:00,3060.106689453125,3087.59130859375,3205.115234375,2959.04241826421,2845.1138682604574,2807.5140839018527,2827.1977028133456,2827.1977028133456,2928.4765426813237,2988.5200462158355,2932.8874117587347,2988.5200462158355
2013-12-19 17:40:00+01:00,2897.218994140625,3060.106689453125,3120.2216796875,2940.183568467815,2849.145841353964,2802.736973886341,2825.438645035734,2825.438645035734,2894.338637541231,2936.4758359200505,2905.45082854137,2936.4758359200505
2013-12-19 17:50:00+01:00,2815.630615234375,2897.218994140625,2936.5263671875,2829.634958389179,2810.49137565458,2754.0828909763677,2780.6719984075576,2780.6719984075576,2805.5661553076966,2818.4203353596918,2798.4650649369637,2818.4203353596918
2013-12-19 18:00:00+01:00,2529.025146484375,2815.630615234375,2766.5771484375,2741.346005518829,2747.4301099117256,2683.758948626295,2707.001338716506,2707.001338716506,2739.1890548597753,2738.966435522737,2751.642826935929,2738.966435522737
2013-12-19 18:10:00+01:00,2245.47119140625,2529.025146484375,2604.014404296875,2518.372058879239,2632.6841489554486,2564.047564609061,2585.5140860720817,2585.5140860720817,2623.674320714632,2567.6871750101022,2591.391657861252,2567.6871750101022
2013-12-19 18:20:00+01:00,2233.338134765625,2245.47119140625,2433.671875,2274.6472645775484,2471.6070270492637,2402.4101065836585,2418.8563404941237,2418.8563404941237,2461.5614822806047,2360.665606766897,2376.1434667399267,2360.665606766897
2013-12-19 18:30:00+01:00,2286.004638671875,2233.338134765625,2555.41552734375,2178.8385937524486,2342.0938029935464,2283.291943894908,2282.296036912212,2282.296036912212,2398.374277940771,2319.626657130533,2289.413236803898,2319.626657130533
2013-12-19 18:40:00+01:00,2205.616943359375,2286.004638671875,2385.589111328125,2165.902765028268,2240.278253605757,2188.6204324449077,2177.5869718634303,2177.5869718634303,2293.187671120313,2266.0911266076628,2216.7791099452056,2266.0911266076628
2013-12-19 18:50:00+01:00,1936.197265625,2205.616943359375,2203.588623046875,2121.867251364202,2142.9860483638154,2095.291841047909,2083.4728380545935,2083.4728380545935,2159.6061082958395,2153.176595892789,2119.9657330029313,2153.176595892789
2013-12-19 19:00:00+01:00,1866.6300048828125,1936.197265625,2159.7373046875,1944.7728329151373,2022.756863173356,1980.1797161534976,1972.5803257709874,1972.5803257709874,2026.0131265572797,1992.5623873063387,1983.8238189924798,1992.5623873063387
2013-12-19 19:10:00+01:00,1681.9674072265625,1866.6300048828125,2062.676513671875,1844.5840204039782,1910.5443751440225,1873.9458338179295,1865.3408487308022,1865.3408487308022,1938.0807211653535,1905.6153906353243,1889.7826576459079,1905.6153906353243
2013-12-19 19:20:00+01:00,1652.021484375,1681.9674072265625,1893.613037109375,1677.6729848806294,1782.8674696971073,1749.2040788415075,1742.9673439141586,1742.9673439141586,1803.5384207365257,1756.3129284037163,1744.3878259989983,1756.3129284037163
2013-12-19 19:30:00+01:00,1538.90869140625,1652.021484375,1753.39404296875,1617.9791054949915,1672.4826036351458,1641.9864545984947,1633.2975488952113,1633.2975488952113,1701.1097100331274,1671.8973792376146,1641.5831266120965,1671.8973792376146
2013-12-19 19:40:00+01:00,1475.517333984375,1538.90869140625,1936.642822265625,1514.8554897870977,1584.9416407398635,1564.1705913356125,1551.7241906411523,1551.7241906411523,1627.8459713901987,1612.3723167654464,1576.8149405206123,1612.3723167654464
2013-12-19 19:50:00+01:00,1352.842041015625,1475.517333984375,2226.28271484375,1451.2928600877704,1526.473966828759,1520.3627496896945,1505.7459282856003,1505.7459282856003,1616.1812390217829,1598.1902104762605,1545.2196067177886,1598.1902104762605
2013-12-19 20:00:00+01:00,1158.3792724609375,1352.842041015625,1802.0859375,1346.3077462802946,1442.7780688078144,1437.3826221086538,1434.80273118513,1434.80273118513,1476.334052728989,1458.5360706502777,1455.1259051840582,1458.5360706502777
2013-12-19 20:10:00+01:00,1261.2252197265625,1158.3792724609375,1656.924560546875,1191.0504636453475,1333.707224448589,1326.232379220698,1331.9433069658253,1331.9433069658253,1363.0597948846794,1333.1163332806952,1349.745638370015,1333.1163332806952
2013-12-19 20:20:00+01:00,1102.8248291015625,1261.2252197265625,1722.091064453125,1206.550011572674,1273.0549102616912,1269.7393511466955,1269.7124455213766,1269.7124455213766,1343.4359825928648,1348.2636590152943,1341.9451890336761,1348.2636590152943
2013-12-19 20:30:00+01:00,1114.7930908203125,1102.8248291015625,1700.20556640625,1095.3285821778743,1205.282244881163,1204.1075352141204,1207.673715518476,1207.673715518476,1258.8030810660887,1251.570736911469,1258.5705334058127,1251.570736911469
2013-12-19 20:40:00+01:00,1173.9224853515625,1114.7930908203125,1690.7418212890625,1091.222315398124,1159.6575762399532,1161.61601130263,1165.5982349557758,1165.5982349557758,1220.6510704321472,1235.8637407012297,1235.9182849263125,1235.8637407012297
2013-12-19 20:50:00+01:00,1068.9014892578125,1173.9224853515625,1755.2752685546875,1105.7293106353652,1145.6057372928874,1152.7664456879459,1155.8160993767706,1155.8160993767706,1210.1767105034282,1227.2932336233696,1213.6378822385616,1227.2932336233696
2013-12-19 21:00:00+01:00,939.7295532226562,1068.9014892578125,1609.5396728515625,1051.811420570975,1117.213158771773,1124.4778708247484,1134.4522225078708,1134.4522225078708,1146.8057264501583,1169.978021357317,1168.1734220224114,1169.978021357317
2013-12-19 21:10:00+01:00,1005.547119140625,939.7295532226562,1541.2901611328125,959.5313616587781,1066.8133947744595,1072.3163003299135,1087.2552145670272,1087.2552145670272,1076.9417852539234,1097.214873353384,1105.122459241471,1097.214873353384
2013-12-19 21:20:00+01:00,993.1734008789062,1005.547119140625,1549.9976806640625,964.692872727853,1038.1305438591012,1044.6170834616953,1055.398639486293,1055.398639486293,1078.2831499835086,1101.0445195470684,1098.0386954832172,1101.0445195470684
2013-12-19 21:30:00+01:00,919.0537719726562,993.1734008789062,1445.8690185546875,948.5980149266773,1011.7700282064495,1017.934837245052,1027.7709846302823,1027.7709846302823,1037.4646802205348,1060.048008302384,1059.338093696939,1060.048008302384
2013-12-19 21:40:00+01:00,906.5617065429688,919.0537719726562,1480.212158203125,910.1286024764679,982.2114168815124,988.7959435282326,998.2052057856323,998.2052057856323,1015.0437435778473,1025.261691829328,1027.7336832797553,1025.261691829328
2013-12-19 21:50:00+01:00,883.3217163085938,906.5617065429688,1387.04931640625,888.1673654717339,952.687806567983,958.8183239241164,968.0142755187987,968.0142755187987,976.5055426393892,974.9464700920488,983.7064659947027,974.9464700920488
2013-12-19 22:00:00+01:00,956.2233276367188,883.3217163085938,1163.2698974609375,860.8986187218134,913.0002877969963,916.6870614656854,927.5179532702689,927.5179532702689,938.1994185622342,924.5090699275794,941.368787080609,924.5090699275794
2013-12-19 22:10:00+01:00,833.2598876953125,956.2233276367188,1282.6282958984375,900.527445607741,905.3194461343603,910.8472651961714,916.053873308434,916.053873308434,967.6249742711564,968.7105820789973,954.7173847897575,968.7105820789973
2013-12-19 22:20:00+01:00,928.9671020507812,833.2598876953125,1168.8206787109375,833.1493295878838,876.9098551365938,881.312948971714,889.4926477541196,889.4926477541196,891.3355351551234,870.2649941846452,893.780019516779,870.2649941846452
2013-12-19 22:30:00+01:00,825.7766723632812,928.9671020507812,1316.518798828125,884.3787232680266,883.2270360876926,889.0396155402779,892.4087248495563,892.4087248495563,933.5763419956345,941.3490625794053,909.519347667152,941.3490625794053
2013-12-19 22:40:00+01:00,843.0537109375,825.7766723632812,1245.07373046875,818.8833208611471,870.3425728986667,875.1050440385737,881.7847347303398,881.7847347303398,874.3368184273272,855.0451243025723,857.5815317475477,855.0451243025723
2013-12-19 22:50:00+01:00,873.6688232421875,843.0537109375,1059.85302734375,828.6530331501651,849.4052723447653,851.9880443261134,860.5971647173427,860.5971647173427,871.0886309664576,865.8789254061447,845.8503652672924,865.8789254061447
2013-12-19 23:00:00+01:00,799.6934204101562,873.6688232421875,1170.31884765625,837.0848754217817,846.3208581127122,849.2317990604516,854.3628512323231,854.3628512323231,853.9972854622652,865.1644978318323,833.377203327752,865.1644978318323
2013-12-19 23:10:00+01:00,756.8203125,799.6934204101562,1056.9801025390625,800.4409800084293,824.945992628279,826.6271772240551,833.7979200565419,833.7979200565419,823.3818281364792,814.5878933872808,794.0100566297066,814.5878933872808
2013-12-19 23:20:00+01:00,680.1864624023438,756.8203125,1088.749267578125,766.998535188721,799.9014779290987,801.9986782954927,808.0455477829859,808.0455477829859,793.3839025347469,801.2428727461104,771.5212067665868,801.2428727461104
2013-12-19 23:30:00+01:00,654.8073120117188,680.1864624023438,1055.6083984375,701.155489740268,759.7344065706864,763.3086300165709,768.7978666356656,768.7978666356656,762.1051674320834,740.4702192146212,731.550116074542,740.4702192146212
2013-12-19 23:40:00+01:00,658.9542236328125,654.8073120117188,876.2533569335938,667.5044096713854,708.0048784030683,713.0216282322028,718.0939048273751,718.0939048273751,719.5306009948348,700.1088817372591,681.9105878893345,700.1088817372591
2013-12-19 23:50:00+01:00,670.3718872070312,658.9542236328125,858.8316650390625,656.4835929174036,669.3761101509899,676.55202997779,678.3876003534893,678.3876003534893,695.4060367233396,685.8382275091021,659.6649564242907,685.8382275091021
2013-12-20 00:00:00+01:00,609.7656860351562,670.3718872070312,799.4635620117188,662.541320124202,644.8306802562154,652.3485968564124,653.0630207506845,653.0630207506845,672.4734714526136,668.6415406697163,635.8443443710797,668.6415406697163
2013-12-20 00:10:00+01:00,572.6030883789062,609.7656860351562,680.006103515625,627.6692824145737,612.3602365679934,618.4021255649088,621.4604596139249,621.4604596139249,630.8658900687825,618.0497762764512,608.7489577808456,618.0497762764512
2013-12-20 00:20:00+01:00,546.6251220703125,572.6030883789062,709.6008911132812,595.9145507319093,587.5774340620738,592.1643566429279,594.3823696454995,594.3823696454995,614.3340498583487,604.0771588938409,590.2261559087797,604.0771588938409
2013-12-20 00:30:00+01:00,445.53448486328125,546.6251220703125,808.2946166992188,564.6286822799331,575.666352125527,578.8799176415686,579.1608186348968,579.1608186348968,597.0693999867328,590.7626149610962,576.2803479931877,590.7626149610962
2013-12-20 00:40:00+01:00,416.4778137207031,445.53448486328125,763.73779296875,486.86475726069864,542.3011227393796,545.1740707517707,546.5421139748811,546.5421139748811,554.3016129756438,532.8842742650335,538.625016322903,532.8842742650335
2013-12-20 00:50:00+01:00,437.19073486328125,416.4778137207031,623.3289794921875,446.81839142675284,496.92410699891985,500.30527530260605,501.7944373320809,501.7944373320809,522.0797115594357,490.4571600646053,503.9155060552228,490.4571600646053
2013-12-20 01:00:00+01:00,388.095458984375,437.19073486328125,565.2172241210938,441.1893624574847,463.4213669927702,467.4489032055541,467.3818497204695,467.3818497204695,506.2222722373349,473.0386151803905,490.34437694919535,473.0386151803905
2013-12-20 01:10:00+01:00,445.2629699707031,388.095458984375,567.8499755859375,407.7526060647591,432.4174790681617,437.0267571288245,436.36277512390086,436.36277512390086,476.47331711446265,446.2809893178058,472.594512669088,446.2809893178058
2013-12-20 01:20:00+01:00,432.4437561035156,445.2629699707031,526.4193725585938,439.32964034207527,422.87635048830595,426.4724881146772,425.99841123255453,425.99841123255453,483.41226289519983,458.48091833249254,477.94199918734273,458.48091833249254
2013-12-20 01:30:00+01:00,399.5137634277344,432.4437561035156,511.0602722167969,432.86252783732004,419.2702503074024,421.2865088411919,422.38185408703913,422.38185408703913,470.43506692332164,438.1649885905063,461.5041952896753,438.1649885905063
2013-12-20 01:40:00+01:00,385.1998291015625,399.5137634277344,521.160888671875,417.42949594877587,415.31512506923656,415.78212361445003,417.62058283285575,417.62058283285575,457.94790207223883,437.26274297303036,453.7936579013613,437.26274297303036
2013-12-20 01:50:00+01:00,376.38800048828125,385.1998291015625,763.1188354492188,399.01951060166226,426.18617446122573,426.82357376559895,424.944720649832,424.944720649832,451.4768504376767,446.62728956151864,472.56376740203143,446.62728956151864
2013-12-20 02:00:00+01:00,302.2583923339844,376.38800048828125,511.2746276855469,384.2739951415744,415.8918069215584,416.51776012514443,417.2279930516514,417.2279930516514,440.14747883350924,412.0721037086123,430.13316266545667,412.0721037086123
2013-12-20 02:10:00+01:00,334.039794921875,302.2583923339844,536.5506591796875,328.92147616016285,388.1788267540083,390.4224448271734,389.77017526303933,389.77017526303933,404.5210262020925,387.97943443368274,403.9987582245792,387.97943443368274
2013-12-20 02:20:00+01:00,321.25628662109375,334.039794921875,493.5455017089844,334.5269907481655,369.08422275699866,372.09632792851676,370.0239735425069,370.0239735425069,407.37110616789124,386.67971043567746,396.94174951690775,386.67971043567746
2013-12-20 02:30:00+01:00,274.6669006347656,321.25628662109375,436.4245300292969,318.8819010740239,349.2014759039298,352.2643624020634,351.05747692942344,351.05747692942344,389.0123608179889,359.6028485310475,377.18171607573385,359.6028485310475
2013-12-20 02:40:00+01:00,295.477783203125,274.6669006347656,469.0952453613281,289.2172454099531,328.29864385162676,331.0177539484294,329.9145107398746,329.9145107398746,366.9651150627144,351.70547444819863,366.7124971330937,351.70547444819863
2013-12-20 02:50:00+01:00,303.4792175292969,295.477783203125,443.41571044921875,291.2317041916524,317.13271916103844,318.69066016530974,318.3772032528365,318.3772032528365,365.99787559216367,346.591521784237,361.72641664270697,346.591521784237
2013-12-20 03:00:00+01:00,269.95355224609375,303.4792175292969,439.2750244140625,290.9197994547645,313.0329803440348,313.25266537976563,313.9174275654972,313.9174275654972,363.2345226806974,343.32153817257733,356.4302312330443,343.32153817257733
2013-12-20 03:10:00+01:00,264.6365661621094,269.95355224609375,437.4501647949219,272.57608575334814,305.4338859196707,304.43520272244683,305.90764683752957,305.90764683752957,349.6440495725591,329.8940799253828,347.3277089463082,329.8940799253828
2013-12-20 03:20:00+01:00,304.628173828125,264.6365661621094,417.2503356933594,263.12793680951177,297.8135057353463,295.68839960362106,297.6033267570041,297.6033267570041,342.05422171309516,325.4893823849739,336.9939515466575,325.4893823849739
2013-12-20 03:30:00+01:00,258.4850158691406,304.628173828125,425.8912353515625,280.19347916498896,301.57129396611003,298.4532232096628,300.08951299351844,300.08951299351844,352.0278281427611,333.35747152292646,342.0591011357926,333.35747152292646
2013-12-20 03:40:00+01:00,254.4398651123047,258.4850158691406,416.7361145019531,256.30672402082996,296.3876493379293,292.908880323848,294.7809112966012,294.7809112966012,333.94062365819093,316.29807690370797,329.4391884285832,316.29807690370797
2013-12-20 03:50:00+01:00,292.40667724609375,254.4398651123047,390.5647277832031,250.94104884449348,289.21151439016046,285.4263128877354,287.4453707767605,287.4453707767605,328.20540810176954,316.39224948402904,322.95751966022664,316.39224948402904
2013-12-20 04:00:00+01:00,244.99835205078125,292.40667724609375,422.2425842285156,265.6632611336351,293.69308000282075,289.73289632242813,290.86418985171457,290.86418985171457,337.6246017469599,324.8037736705074,332.1623672962586,324.8037736705074
2013-12-20 04:10:00+01:00,281.6297607421875,244.99835205078125,412.79962158203125,241.74114446503546,288.14444678485626,284.51332402692674,285.8841333822437,285.8841333822437,321.2496926617828,309.64807055039927,319.71570287143373,309.64807055039927
2013-12-20 04:20:00+01:00,310.6495056152344,281.6297607421875,414.7038269042969,261.6827615269661,291.1371076484756,287.58181668207294,288.72702941781216,288.72702941781216,332.9736339452603,330.31732292573355,331.1991512672576,330.31732292573355
2013-12-20 04:30:00+01:00,270.8539123535156,310.6495056152344,401.36663818359375,277.71006058430976,299.7724175962005,296.2838117044513,297.74473872439967,297.74473872439967,342.01400608456856,332.426151184046,332.6084617672213,332.426151184046
2013-12-20 04:40:00+01:00,288.67059326171875,270.8539123535156,405.0963439941406,264.8257779730891,300.38287786629667,297.3181963127298,298.8658463276764,298.8658463276764,332.6429010133757,326.4813129977359,328.6859894689961,326.4813129977359
2013-12-20 04:50:00+01:00,311.66558837890625,288.67059326171875,397.5815124511719,274.22905484470334,303.37309055750075,300.6949928330261,301.9623249145544,301.9623249145544,338.4901374745981,336.2583447934068,334.9945415991177,336.2583447934068
2013-12-20 05:00:00+01:00,340.30853271484375,311.66558837890625,394.98699951171875,286.1665625271043,310.5665580980273,308.4028591456063,309.45104282009027,309.45104282009027,347.5737514756362,339.6801503441426,340.11815273588195,339.6801503441426
2013-12-20 05:10:00+01:00,257.4002380371094,340.30853271484375,405.1048278808594,311.7825769287847,324.25303603692385,322.6568976143836,323.2639065213885,323.2639065213885,360.92756408007,356.94164055294453,354.43516568093963,356.94164055294453
2013-12-20 05:20:00+01:00,263.8350524902344,257.4002380371094,408.2998046875,269.57314662877764,318.0124533995741,317.60849971778237,318.30449518142234,318.30449518142234,335.1737647601853,330.59111507797746,336.8608633788654,330.59111507797746
2013-12-20 05:30:00+01:00,236.5823974609375,263.8350524902344,397.3356018066406,266.4282263477637,310.5233872709042,311.15375093200504,311.8458600648888,311.8458600648888,337.43954994013507,334.0197440298141,338.0597421727369,334.0197440298141
2013-12-20 05:40:00+01:00,278.8231506347656,236.5823974609375,387.0892333984375,240.69836793294732,295.9529651644085,297.5385647989386,299.4040549204242,299.4040549204242,323.39880432839243,317.1290169751589,324.1886261532202,317.1290169751589
2013-12-20 05:50:00+01:00,284.6566162109375,278.8231506347656,396.8070373535156,266.1774183799225,294.5848407751255,296.43892473149754,299.6215587802325,299.6215587802325,340.2370070194451,339.71113435806876,338.85713358910806,339.71113435806876
2013-12-20 06:00:00+01:00,254.3376007080078,284.6566162109375,410.03179931640625,275.9730339363785,298.53709670439645,300.34852142738947,305.36663336126713,305.36663336126713,340.1936588265708,330.7054346611893,343.1149812457484,330.7054346611893
2013-12-20 06:10:00+01:00,276.81292724609375,254.3376007080078,399.150390625,267.61929868346454,296.5112380578654,298.1617366549129,305.0928562809321,305.0928562809321,336.80454882359373,327.73303663490606,342.5659036512043,327.73303663490606
2013-12-20 06:20:00+01:00,281.81439208984375,276.81292724609375,398.3318176269531,281.4259846967834,300.2097392124471,301.75868829833286,309.5380970650032,309.5380970650032,348.6288601152056,343.4425849209835,350.71164006555966,343.4425849209835
2013-12-20 06:30:00+01:00,239.26895141601562,281.81439208984375,416.5104675292969,287.4963412642826,307.05905566824237,308.9816653613965,316.83133778064484,316.83133778064484,356.4434418190194,347.65654311752957,357.60325057818454,347.65654311752957
2013-12-20 06:40:00+01:00,286.489501953125,239.26895141601562,431.273193359375,266.52874092034654,304.20911857472777,307.26874858321736,314.6603206297535,314.6603206297535,344.46590575509674,338.7092919120959,350.9338299389163,338.7092919120959
2013-12-20 06:50:00+01:00,352.12359619140625,286.489501953125,467.5906677246094,295.3784422296894,314.37269930885293,318.90809824951566,324.96832321989007,324.96832321989007,366.2223228501646,366.2515656840507,376.1681129206851,366.2515656840507
2013-12-20 07:00:00+01:00,332.0283508300781,352.12359619140625,536.4736938476562,343.64875082857895,343.872269332703,350.47065398197134,354.9989544307035,354.9989544307035,398.08414830403075,399.5349939437451,409.9574940298518,399.5349939437451
2013-12-20 07:10:00+01:00,333.047119140625,332.0283508300781,527.4265747070312,357.5905128833925,368.1229472544749,377.41345163322296,382.0343054011633,382.0343054011633,404.931495874589,412.4256841042891,422.1000126940946,412.4256841042891
2013-12-20 07:20:00+01:00,385.9553527832031,333.047119140625,565.5848388671875,370.722760031241,390.69757686715224,403.75843993922524,406.31654880457006,406.31654880457006,423.9381570011406,433.2395583266975,442.53467557913393,433.2395583266975
2013-12-20 07:30:00+01:00,387.94476318359375,385.9553527832031,583.7432250976562,408.38263284243897,422.0921256594651,439.5051326799611,439.04192158025336,439.04192158025336,454.68959654417506,459.21733088439964,468.2502238284194,459.21733088439964
2013-12-20 07:40:00+01:00,561.615234375,387.94476318359375,738.5305786132812,424.8626689023227,460.23889540142267,483.0422507562929,477.47216422195396,477.47216422195396,482.86534074670493,497.6484891828391,513.8080698205861,497.6484891828391
2013-12-20 07:50:00+01:00,627.857666015625,561.615234375,736.614013671875,557.2784000590957,535.5540207955296,562.5265188256864,552.4138535133709,552.4138535133709,570.9048149044609,604.2237434850708,611.8311892356659,604.2237434850708
2013-12-20 08:00:00+01:00,701.837890625,627.857666015625,772.8159790039062,644.5122255862066,630.9870595352902,659.8719160455627,646.507399121411,646.507399121411,633.9677529739395,665.4435731067199,658.7959251946681,665.4435731067199
2013-12-20 08:10:00+01:00,829.5209350585938,701.837890625,941.66748046875,753.6733608243047,757.0859451205263,784.2115475869589,762.7742825996406,762.7742825996406,754.0702040856675,808.7897107195479,790.1201207123386,808.7897107195479
2013-12-20 08:20:00+01:00,994.8754272460938,829.5209350585938,1180.9034423828125,875.2252977786974,928.5063206018932,947.3988294873826,912.572785734621,912.572785734621,905.2987275146631,983.334724714141,938.6064027094569,983.334724714141
2013-12-20 08:30:00+01:00,1025.44287109375,994.8754272460938,1349.8343505859375,1034.6327734043343,1140.2423201885179,1141.8045189950342,1093.2146327311493,1093.2146327311493,1088.910490034522,1190.021514688668,1150.202182945031,1190.021514688668
2013-12-20 08:40:00+01:00,1384.32861328125,1025.44287109375,1637.9189453125,1120.467146932805,1336.8890396528816,1324.7834475593172,1267.345032467479,1267.345032467479,1245.8350472887726,1322.2612467568601,1297.7454692543215,1322.2612467568601
2013-12-20 08:50:00+01:00,1571.4776611328125,1384.32861328125,1893.4051513671875,1406.7414466131877,1569.028279532792,1551.963630302874,1483.5562895868356,1483.5562895868356,1549.7611247001792,1658.0404134234764,1608.379169535961,1658.0404134234764
2013-12-20 09:00:00+01:00,1814.9302978515625,1571.4776611328125,2107.025390625,1615.0404901706397,1778.2422058609254,1766.6690650848886,1707.1467822970435,1707.1467822970435,1769.911953415968,1872.853368128041,1809.1668092087496,1872.853368128041
2013-12-20 09:10:00+01:00,2100.209228515625,1814.9302978515625,2433.9775390625,1895.8054979341873,1984.215454269327,1977.902684872677,1937.7832114083506,1937.7832114083506,1997.1915813919834,2140.6732793659316,2034.1732718831156,2140.6732793659316
2013-12-20 09:20:00+01:00,2204.1826171875,2100.209228515625,2575.40234375,2171.1577912258094,2191.134848344096,2173.9426124724646,2162.836567473203,2162.836567473203,2197.042698181658,2343.350707919854,2213.585162105336,2343.350707919854
2013-12-20 09:30:00+01:00,2249.341552734375,2204.1826171875,2659.64404296875,2339.510704892677,2362.5120435996932,2320.0242771651606,2342.4091654520093,2342.4091654520093,2381.2770030390693,2472.222024848895,2372.440975212833,2472.222024848895
2013-12-20 09:40:00+01:00,2339.18603515625,2249.341552734375,3142.160888671875,2431.6518131129064,2515.3179360514605,2444.3219537160303,2489.5814948176235,2489.5814948176235,2493.393075554827,2603.216364274744,2500.864172255468,2603.216364274744
2013-12-20 09:50:00+01:00,2431.093505859375,2339.18603515625,3253.283447265625,2504.179542787894,2630.2639917771044,2533.295825912261,2591.3221037524636,2591.3221037524636,2578.0789318764805,2690.918868672231,2600.3338340737605,2690.918868672231
2013-12-20 10:00:00+01:00,2359.009765625,2431.093505859375,3359.406494140625,2573.3455308663333,2717.6584657847516,2603.771753970273,2661.6618167006627,2661.6618167006627,2670.272661190625,2757.6978466730084,2675.684004685241,2757.6978466730084
2013-12-20 10:10:00+01:00,2436.466796875,2359.009765625,3022.314697265625,2536.3233862235243,2722.5990411823373,2605.2998970706944,2656.4451838212367,2656.4451838212367,2642.3864883624847,2735.109491739358,2688.7350091009507,2735.109491739358
2013-12-20 10:20:00+01:00,2569.657470703125,2436.466796875,3082.05615234375,2570.0274056671983,2726.326674066403,2618.446588181548,2646.90037346935,2646.90037346935,2695.6917117690955,2791.1559845135657,2759.8383359848553,2791.1559845135657
2013-12-20 10:30:00+01:00,2629.247314453125,2569.657470703125,3058.277099609375,2639.6265235019523,2743.9661421552933,2647.9845212407185,2656.8103016051964,2656.8103016051964,2727.792633236527,2829.095384808577,2788.9909138706557,2829.095384808577
2013-12-20 10:40:00+01:00,2746.3515625,2629.247314453125,2916.88232421875,2695.740978529715,2758.326915210755,2674.3653837596144,2673.276202323751,2673.276202323751,2760.9731888630863,2842.006476407161,2826.9627531876954,2842.006476407161
2013-12-20 10:50:00+01:00,2668.520751953125,2746.3515625,3021.53662109375,2785.0832049286028,2801.3521390291244,2730.1465168259815,2723.0061220968596,2723.0061220968596,2806.508639983722,2913.1014908270495,2881.2333665077367,2913.1014908270495
2013-12-20 11:00:00+01:00,2748.245849609375,2668.520751953125,3243.34521484375,2744.303852261075,2837.141644112756,2779.833471860909,2777.8891714122237,2777.8891714122237,2841.0352319541907,2913.5810123377178,2915.1774735129275,2913.5810123377178
2013-12-20 11:10:00+01:00,2844.2451171875,2748.245849609375,3167.599609375,2782.3862738014077,2871.3896557695466,2826.825936782776,2827.721610195698,2827.721610195698,2860.4971059295417,2925.3188112040857,2958.1478411873577,2925.3188112040857
2013-12-20 11:20:00+01:00,2771.447509765625,2844.2451171875,3047.77001953125,2828.3011265072228,2908.0996439928113,2874.075893760902,2874.7621772112275,2874.7621772112275,2877.782530271646,2983.4453467914377,3008.3792696161636,2983.4453467914377
2013-12-20 11:30:00+01:00,2981.77197265625,2771.447509765625,3121.0283203125,2795.936896736237,2929.7441892224874,2907.1550178103234,2909.316764605105,2909.316764605105,2915.9754033688555,2985.2428904097997,3049.476353936648,2985.2428904097997
2013-12-20 11:40:00+01:00,3096.7255859375,2981.77197265625,3108.187744140625,2919.518860666517,2981.599391719262,2968.46581038527,2965.2477141968197,2965.2477141968197,3006.476411793718,3065.3009805861648,3112.951346618937,3065.3009805861648
2013-12-20 11:50:00+01:00,2980.405029296875,3096.7255859375,3030.70849609375,3006.3308678555914,3042.8392947218626,3032.908810634998,3030.3756450985393,3030.3756450985393,3066.774269135947,3159.725407887186,3180.6537151086527,3159.725407887186
2013-12-20 12:00:00+01:00,2922.023681640625,2980.405029296875,3131.748291015625,2978.586087137542,3082.155040980336,3075.12833026666,3079.5230000093866,3079.5230000093866,3089.985727886182,3155.768677965658,3184.3176134879245,3155.768677965658
2013-12-20 12:10:00+01:00,3167.61962890625,2922.023681640625,3090.581298828125,2932.308416434071,3095.5732314952356,3092.230384150014,3099.2520642356085,3099.2520642356085,3105.2582768009893,3152.749923903269,3188.548633963174,3152.749923903269
2013-12-20 12:20:00+01:00,3094.63330078125,3167.61962890625,3161.238525390625,3055.1086771982623,3149.5982593461517,3151.0539714007778,3149.841340594687,3149.841340594687,3198.4286339980845,3302.7960680261485,3259.746074694556,3302.7960680261485
2013-12-20 12:30:00+01:00,3288.548095703125,3094.63330078125,3170.445556640625,3041.639459417488,3183.532063850732,3184.301825086769,3187.5782211993833,3187.5782211993833,3155.556431043027,3298.0874985558717,3226.225707486147,3298.0874985558717
2013-12-20 12:40:00+01:00,3428.227294921875,3288.548095703125,3392.617431640625,3191.5015870559732,3254.785913478726,3256.939608578923,3258.2977614518304,3258.2977614518304,3294.8225544476477,3436.8270596603384,3339.534789887706,3436.8270596603384
2013-12-20 12:50:00+01:00,3247.31103515625,3428.227294921875,3380.443359375,3303.908539019077,3334.994203812074,3330.582919903491,3336.613617154715,3336.613617154715,3320.0450305705895,3517.234748440542,3414.1117591888724,3517.234748440542
2013-12-20 13:00:00+01:00,3309.419921875,3247.31103515625,3383.320068359375,3249.6310950777424,3369.747834119932,3356.4068128542153,3373.7745775313174,3373.7745775313174,3340.125163414471,3486.9690853343322,3421.3076058312045,3486.9690853343322
2013-12-20 13:10:00+01:00,3445.058837890625,3309.419921875,3526.33251953125,3285.186637673647,3407.7933707443754,3390.9682880879864,3406.4779305667635,3406.4779305667635,3406.794809008909,3577.5222815026677,3488.5652607723446,3577.5222815026677
2013-12-20 13:20:00+01:00,3121.7587890625,3445.058837890625,3477.345947265625,3359.8563136116263,3451.8684364197366,3428.2669668389003,3439.2831835660354,3439.2831835660354,3409.8207740236935,3621.681041453032,3534.1128183321603,3621.681041453032
2013-12-20 13:30:00+01:00,3351.35205078125,3121.7587890625,3264.697509765625,3191.9082279370577,3416.33697086305,3383.2239148181447,3400.710243585742,3400.710243585742,3316.8852703321672,3458.3915288034354,3444.343252203476,3458.3915288034354
2013-12-20 13:40:00+01:00,3261.430419921875,3351.35205078125,3512.800537109375,3311.3997667267895,3431.975557576471,3402.551891835601,3403.5668191346617,3403.5668191346617,3403.6761426915054,3556.6401928040686,3507.0676071432817,3556.6401928040686
2013-12-20 13:50:00+01:00,3091.646240234375,3261.430419921875,3178.9375,3250.0192421891084,3407.7933707443754,3371.0581785309873,3372.4111974327243,3372.4111974327243,3322.0943651639222,3426.7257042527376,3445.590862780891,3426.7257042527376
2013-12-20 14:00:00+01:00,3273.6484375,3091.646240234375,3551.35693359375,3166.2627938997493,3377.394022567107,3345.8579252279637,3346.29828756149,3346.29828756149,3338.0078624117177,3412.122260185058,3455.2707062811464,3412.122260185058
2013-12-20 14:10:00+01:00,3073.197265625,3273.6484375,3323.30615234375,3244.8781005324004,3362.520498164009,3331.538322505427,3325.9179160505696,3325.9179160505696,3293.338072848291,3370.148839152959,3415.3329614335066,3370.148839152959
2013-12-20 14:20:00+01:00,3069.320068359375,3073.197265625,3122.662353515625,3123.9428181809226,3305.6552191055644,3272.0663508327884,3271.2147342823787,3271.2147342823787,3221.07835677591,3258.246838062445,3370.516832298626,3258.246838062445
2013-12-20 14:30:00+01:00,2959.33984375,3069.320068359375,3014.807373046875,3117.1689451096086,3249.085171743387,3218.8696095100267,3213.31453261882,3213.31453261882,3160.1848797656025,3215.6324592606875,3322.0055642968905,3215.6324592606875
2013-12-20 14:40:00+01:00,3132.445556640625,2959.33984375,3064.334228515625,3014.010048897185,3186.419885612809,3163.1800649428346,3155.8707248353194,3155.8707248353194,3119.282311422091,3147.813069705113,3259.6325891361466,3147.813069705113
2013-12-20 14:50:00+01:00,2841.379150390625,3132.445556640625,2799.588134765625,3104.667047477713,3146.9842847861664,3127.925006338029,3114.1215841337025,3114.1215841337025,3102.1162885000685,3117.28849625833,3231.491693634723,3117.28849625833
2013-12-20 15:00:00+01:00,2857.44580078125,2841.379150390625,3067.560546875,2925.4499594681424,3086.8967860232533,3076.6491200131186,3069.584335022269,3069.584335022269,3055.458588895203,3064.2927576899688,3144.4504321782974,3064.2927576899688
2013-12-20 15:10:00+01:00,2897.92822265625,2857.44580078125,2877.06298828125,2907.9928997483403,3022.8979841095465,3019.025327736818,3013.1020599673734,3013.1020599673734,3038.2333202630557,2999.878909030125,3096.477260577178,2999.878909030125
2013-12-20 15:20:00+01:00,2816.0341796875,2897.92822265625,2977.03662109375,2886.305333542215,2984.1294309651776,2989.8426791685233,2980.9717957778807,2980.9717957778807,3009.005498414457,3006.44919053492,3093.6245768522117,3006.44919053492
2013-12-20 15:30:00+01:00,2770.796875,2816.0341796875,2901.42431640625,2836.252301011128,2934.2417289480222,2944.111691272822,2939.9922751222343,2939.9922751222343,2989.5333142994973,2954.888691542516,3057.2395306180374,2954.888691542516
2013-12-20 15:40:00+01:00,3127.087646484375,2770.796875,3032.02099609375,2790.8316137553256,2891.5714421541047,2908.6780420056193,2906.2182166149496,2906.2182166149496,2937.9163609862967,2922.423722893276,3013.2017684636485,2922.423722893276
2013-12-20 15:50:00+01:00,2878.5341796875,3127.087646484375,2991.555419921875,2984.912081953427,2911.3517655076216,2933.674376425696,2925.520937734411,2925.520937734411,2999.4078204393327,3009.704849328871,3064.4608819187897,3009.704849328871
2013-12-20 16:00:00+01:00,3007.193359375,2878.5341796875,3018.216552734375,2873.4340292964143,2896.532694232568,2914.407092270988,2922.279453175385,2922.279453175385,2937.0282175390953,2959.70107999557,3023.184731221375,2959.70107999557
2013-12-20 16:10:00+01:00,2896.5751953125,3007.193359375,2935.41796875,2958.0363758410217,2895.6739116601975,2910.2260180678622,2921.843222345476,2921.843222345476,2965.4593112181415,2994.947948574563,3035.9712344729055,2994.947948574563
2013-12-20 16:20:00+01:00,2922.524169921875,2896.5751953125,3001.385009765625,2860.1337050929374,2880.039787327021,2889.863613440914,2908.6438678700265,2908.6438678700265,2925.256378686154,2968.91699999297,3017.156389900067,2968.91699999297
2013-12-20 16:30:00+01:00,2883.484619140625,2922.524169921875,2816.856201171875,2865.861966866713,2855.0546362108544,2857.3014640471306,2878.502277137659,2878.502277137659,2916.621701111582,2928.7615969559297,2982.0011481528545,2928.7615969559297
2013-12-20 16:40:00+01:00,2909.833251953125,2883.484619140625,2856.874267578125,2816.9985114250926,2827.925225751886,2825.66280768571,2846.424293142104,2846.424293142104,2862.0231512645137,2899.254946210586,2940.3091924142236,2899.254946210586
2013-12-20 16:50:00+01:00,2684.657470703125,2909.833251953125,2928.029052734375,2819.3976533975633,2809.8413284190415,2805.2713157572157,2824.4529667754205,2824.4529667754205,2872.0941825745676,2917.453988880741,2933.887832314657,2917.453988880741
2013-12-20 17:00:00+01:00,2849.299072265625,2684.657470703125,2820.556640625,2664.8673101094014,2747.7473060434554,2735.914773252362,2761.8914695838503,2761.8914695838503,2759.5456231905387,2779.6060523856745,2831.4957547998283,2779.6060523856745
2013-12-20 17:10:00+01:00,2931.25,2849.299072265625,2787.717529296875,2723.524185889987,2714.7303196379644,2702.056727086343,2719.988947789436,2719.988947789436,2785.6832471092357,2820.6790849671856,2841.301670908649,2820.6790849671856
2013-12-20 17:20:00+01:00,2573.30126953125,2931.25,2708.41943359375,2757.6338764516004,2697.3583902011037,2680.7528809897985,2696.8539761578595,2696.8539761578595,2733.522032952536,2813.7693445477935,2807.0120733692643,2813.7693445477935
2013-12-20 17:30:00+01:00,2515.54296875,2573.30126953125,2576.742919921875,2564.5785961344977,2618.309134692639,2592.3195037606984,2619.5476052832755,2619.5476052832755,2640.135847268754,2639.3641523784863,2674.958149336758,2639.3641523784863
2013-12-20 17:40:00+01:00,2507.943603515625,2515.54296875,2478.679443359375,2473.5700503925445,2529.6089598454664,2500.8792689448437,2523.7667224989154,2523.7667224989154,2535.9999158086675,2541.945263912762,2593.6776460626634,2541.945263912762
2013-12-20 17:50:00+01:00,2226.53466796875,2507.943603515625,2518.648681640625,2401.8267672411707,2455.4244796157636,2428.9808613451114,2442.781810906674,2442.781810906674,2505.3262394113954,2520.2553591531705,2546.9898441695404,2520.2553591531705
2013-12-20 18:00:00+01:00,2203.54638671875,2226.53466796875,2415.1484375,2210.2412287280554,2339.1550714520454,2310.907190386602,2325.4512123915247,2325.4512123915247,2369.4567746558473,2360.76281865092,2420.6454607770684,2360.76281865092
2013-12-20 18:10:00+01:00,2082.348876953125,2203.54638671875,2369.00048828125,2144.4031173199337,2233.7415952407114,2208.714405846832,2213.941700738109,2213.941700738109,2296.7541505358795,2297.2691943998407,2343.3135744843844,2297.2691943998407
2013-12-20 18:20:00+01:00,1719.5379638671875,2082.348876953125,2246.671875,2021.5740320361936,2121.3874998548526,2097.0133117124074,2097.4307856911955,2097.4307856911955,2163.2899936157596,2167.0243120286186,2209.2452010937286,2167.0243120286186
2013-12-20 18:30:00+01:00,1901.25,1719.5379638671875,2138.83544921875,1763.7845488885832,1957.0300933373264,1930.7244062982954,1931.1010881947093,1931.1010881947093,1990.5247563177836,1945.7611164881646,2015.4418059446728,1945.7611164881646
2013-12-20 18:40:00+01:00,1769.5540771484375,1901.25,2077.562255859375,1800.4891066130406,1854.2304038084653,1833.5070818170366,1817.2560230508682,1817.2560230508682,1947.6575122810032,1947.4626667572802,1984.2984540807377,1947.4626667572802
2013-12-20 18:50:00+01:00,1628.4906005859375,1769.5540771484375,2111.717041015625,1695.732188482303,1763.243238487025,1745.7978893672318,1728.278413454169,1728.278413454169,1819.1271607023584,1825.9266952600588,1859.246224484438,1825.9266952600588
2013-12-20 19:00:00+01:00,1499.52197265625,1628.4906005859375,1779.356689453125,1611.6266611585957,1654.1724048357928,1631.163640583351,1621.556185922502,1621.556185922502,1673.1401885369462,1673.339986071446,1726.4470622841643,1673.339986071446
2013-12-20 19:10:00+01:00,1488.844482421875,1499.52197265625,1646.7855224609375,1487.7592889503544,1542.483968621996,1515.0791832526777,1508.800991774693,1508.800991774693,1533.898816740613,1530.492184884651,1580.1606181500892,1530.492184884651
2013-12-20 19:20:00+01:00,1333.239501953125,1488.844482421875,1603.55712890625,1439.4347801409122,1456.99313298987,1429.2972191545582,1422.0494171202315,1422.0494171202315,1475.3738310847307,1481.172964692559,1516.6027253803416,1481.172964692559
2013-12-20 19:30:00+01:00,1216.8797607421875,1333.239501953125,1615.1175537109375,1320.783797488398,1373.108811525625,1346.2959378102096,1343.1181100469503,1343.1181100469503,1385.137355406602,1388.3529588164438,1397.369846753727,1388.3529588164438
2013-12-20 19:40:00+01:00,1138.0107421875,1216.8797607421875,1460.6844482421875,1219.256024111728,1282.7191747285428,1254.830535256661,1257.1166339007236,1257.1166339007236,1286.8627490020583,1283.056661369158,1285.747133263459,1283.056661369158
2013-12-20 19:50:00+01:00,1066.633056640625,1138.0107421875,1215.102294921875,1128.3517911311392,1186.2446858378398,1155.2882016176836,1161.4969433639528,1161.4969433639528,1155.6352149180498,1165.7037370197843,1167.0753457638364,1165.7037370197843
2013-12-20 20:00:00+01:00,1032.131591796875,1066.633056640625,1214.400146484375,1053.4338098072603,1104.7853580826065,1076.4696031204455,1081.087407829989,1081.087407829989,1114.4397467640924,1119.37211279176,1115.8083681783298,1119.37211279176
2013-12-20 20:10:00+01:00,1043.82568359375,1032.131591796875,1161.515869140625,1008.1848900240518,1040.8407326336292,1017.3272038695861,1021.1794239836054,1021.1794239836054,1053.92071039608,1067.3614362583753,1051.8681406504068,1067.3614362583753
2013-12-20 20:20:00+01:00,1009.77685546875,1043.82568359375,1136.703857421875,998.6715871760565,1002.5923883741652,986.4786044433838,989.9599550428949,989.9599550428949,1025.0245886738676,1038.288894437181,1018.0069052424886,1038.288894437181
2013-12-20 20:30:00+01:00,895.5723876953125,1009.77685546875,980.2428588867188,973.8087412641107,967.4415120635898,956.1904297670698,963.6848165613605,963.6848165613605,968.3214645743641,984.7138567671395,962.3564576870605,984.7138567671395
2013-12-20 20:40:00+01:00,914.8564453125,895.5723876953125,981.7706298828125,897.1032471378498,926.888218141873,920.8806725257621,930.374030496645,930.374030496645,925.5337657741292,930.7575592313208,911.0519284569316,930.7575592313208
2013-12-20 20:50:00+01:00,885.6958618164062,914.8564453125,864.0383911132812,885.0484527385174,893.1695182416112,890.7475421431941,898.8584656166252,898.8584656166252,895.7395854309484,914.185924063218,886.4139998844599,914.185924063218
2013-12-20 21:00:00+01:00,917.4472045898438,885.6958618164062,888.7547607421875,852.9575695351257,869.2174342947566,871.4966296388562,875.9816670720892,875.9816670720892,877.8320742330181,887.6245201738574,858.8554766045012,887.6245201738574
2013-12-20 21:10:00+01:00,873.7310791015625,917.4472045898438,951.2628784179688,870.0132793543131,868.180048824008,875.7858581502298,875.5342186592421,875.5342186592421,901.5130770816627,901.3444976508305,861.2714143470353,901.3444976508305
2013-12-20 21:20:00+01:00,781.0957641601562,873.7310791015625,958.4625244140625,843.5661256589365,868.0905645461643,877.8368001997308,877.7699583941505,877.7699583941505,870.9178102179687,868.0638872775551,839.4072215828925,868.0638872775551
2013-12-20 21:30:00+01:00,800.3651733398438,781.0957641601562,939.4887084960938,782.1443371866283,849.0236927127695,857.8407475835708,860.6829411040292,860.6829411040292,842.375014169735,826.386562233259,799.5353986814687,826.386562233259
2013-12-20 21:40:00+01:00,801.4754638671875,800.3651733398438,860.5304565429688,772.665619122551,827.0809504107278,834.3075121084067,836.8563617380172,836.8563617380172,826.5812512288159,817.78342071462,784.01983696698,817.78342071462
2013-12-20 21:50:00+01:00,840.071533203125,801.4754638671875,897.728271484375,762.9275187144948,812.2310447245059,819.499297282249,819.75111972222,819.75111972222,835.7861223952812,811.5241125377659,777.0745190580948,811.5241125377659
2013-12-20 22:00:00+01:00,769.9395751953125,840.071533203125,957.7814331054688,789.9219669993031,816.7400720339573,824.2855300349322,822.1985314038589,822.1985314038589,845.06144736613,826.9745472097044,791.4164325735945,826.9745472097044
2013-12-20 22:10:00+01:00,678.9202880859375,769.9395751953125,1022.838623046875,753.6476854719216,816.2809298236879,822.618825412773,823.1581470230251,823.1581470230251,823.8563028853018,790.8225669886264,772.3134668005423,790.8225669886264
2013-12-20 22:20:00+01:00,827.2145385742188,678.9202880859375,1007.3271484375,690.0799417404392,791.3184165331583,795.8064562131871,801.1806463327855,801.1806463327855,786.0116497293213,747.708712348215,746.8138002369161,747.708712348215
2013-12-20 22:30:00+01:00,803.5615844726562,827.2145385742188,872.0730590820312,756.769665659713,789.2681362057486,791.4748061173298,795.2494745454344,795.2494745454344,831.3595937375394,803.6566833857382,775.4639398763369,803.6566833857382
2013-12-20 22:40:00+01:00,721.7791748046875,803.5615844726562,900.0308227539062,755.122273893045,792.1469611929089,791.8230126457835,795.9408784756715,795.9408784756715,822.1011146914361,787.1462155965874,769.1434947560076,787.1462155965874
2013-12-20 22:50:00+01:00,781.7197875976562,721.7791748046875,856.5132446289062,724.9581814215003,777.4478420877459,773.2485511456206,780.4385874194031,780.4385874194031,789.0021610592947,753.8123339321106,753.5779783228724,753.8123339321106
2013-12-20 23:00:00+01:00,704.7131958007812,781.7197875976562,954.8539428710938,746.9770123289248,787.7566378365691,780.6031148112131,784.5367663838665,784.5367663838665,816.8407537558641,786.1596019907741,781.4511745811029,786.1596019907741
2013-12-20 23:10:00+01:00,847.9293823242188,704.7131958007812,832.8553466796875,698.3173631429037,773.1245148678287,761.1159842212556,768.6771454446816,768.6771454446816,779.5164335740083,732.2459368233507,747.9522103554859,732.2459368233507
2013-12-20 23:20:00+01:00,711.7117919921875,847.9293823242188,1034.738037109375,784.4663826311285,811.1000404063379,794.8437849584072,796.8812819729234,796.8812819729234,873.9245130956422,850.3891207520841,837.7411855966254,850.3891207520841
2013-12-20 23:30:00+01:00,733.2740478515625,711.7117919921875,898.3604736328125,714.2973970654182,808.9064528086285,786.5524316191165,796.2029833629617,796.2029833629617,787.3896481731113,743.3857106042495,760.6031625346959,743.3857106042495
2013-12-20 23:40:00+01:00,672.7557983398438,733.2740478515625,857.7000122070312,729.2992390608626,802.7471306748587,776.8774053959917,787.3339858580371,787.3339858580371,819.3381562224029,780.6983733694587,785.8494706270819,780.6983733694587
2013-12-20 23:50:00+01:00,650.9423217773438,672.7557983398438,788.8826293945312,676.450528374278,772.5541309441284,746.2757158076095,757.0411008877871,757.0411008877871,766.2860189026702,712.1158561713524,747.0838693804324,712.1158561713524
2013-12-21 00:00:00+01:00,660.82275390625,650.9423217773438,793.41845703125,657.2637135408122,739.7510292780805,715.6503532176823,722.9866065265697,722.9866065265697,766.9309862266713,705.8873539249121,746.738039625387,705.8873539249121
2013-12-21 00:10:00+01:00,704.29638671875,660.82275390625,802.6739501953125,652.6061132967137,718.8783194871716,696.5329935648255,700.5757442559673,700.5757442559673,735.672741624487,689.1728232541593,729.2165652887246,689.1728232541593
2013-12-21 00:20:00+01:00,598.0852661132812,704.29638671875,970.3756103515625,679.9518330973225,733.8083986450557,711.2522149459963,712.8311074629636,712.8311074629636,772.0341228126366,729.7380846308998,777.7546305393506,729.7380846308998
2013-12-21 00:30:00+01:00,612.6434936523438,598.0852661132812,1086.181640625,621.8244543170259,733.8801965127373,712.2374566222618,718.8496583415738,718.8496583415738,716.3097577754093,679.6708112499662,740.3097065399747,679.6708112499662
2013-12-21 00:40:00+01:00,574.4144287109375,612.6434936523438,1178.23388671875,620.8830389708592,739.2735322940689,719.9960721550195,729.389589801627,729.389589801627,738.8686482790278,707.3572872271712,772.2138769654509,707.3572872271712
2013-12-21 00:50:00+01:00,538.6331787109375,574.4144287109375,1167.1424560546875,583.4720050072282,726.0709104063884,711.6388378580234,723.9870938515537,723.9870938515537,698.7526441838027,654.9102753777902,721.0641492332569,654.9102753777902
2013-12-21 01:00:00+01:00,506.6298522949219,538.6331787109375,1200.168701171875,555.9380806454327,697.6075914222665,690.5912135732891,701.6178061469722,701.6178061469722,682.9441423190293,629.3854943966264,698.9965878876139,629.3854943966264
2013-12-21 01:10:00+01:00,487.7431945800781,506.6298522949219,1227.8321533203125,522.942873014999,659.0381543333539,660.2242542272488,666.8064867682546,666.8064867682546,642.7833561556986,589.3735211590356,653.2721774687687,589.3735211590356
2013-12-21 01:20:00+01:00,479.3909912109375,487.7431945800781,1264.943603515625,499.26097622006927,620.5209893366941,628.9248710124124,629.8623440749138,629.8623440749138,615.9513364695259,557.6059980397893,630.9529261394507,557.6059980397893
2013-12-21 01:30:00+01:00,435.40777587890625,479.3909912109375,1243.4852294921875,484.935443773098,586.5430932525071,599.90781727425,596.4221721666736,596.4221721666736,595.620755914755,541.1464352017894,600.9115760810997,541.1464352017894
2013-12-21 01:40:00+01:00,471.49017333984375,435.40777587890625,1213.6748046875,450.6390124139831,547.9031149216031,564.5321913180278,558.354226030838,558.354226030838,552.2014556223666,501.5169354176848,563.4652659969995,501.5169354176848
2013-12-21 01:50:00+01:00,396.9170227050781,471.49017333984375,1388.9012451171875,463.6737507327446,537.05109115126,556.5345971340894,545.2696838649616,545.2696838649616,563.6482504081586,515.8189647801541,573.4751483132477,515.8189647801541
2013-12-21 02:00:00+01:00,348.5561828613281,396.9170227050781,1402.879150390625,412.93729028788084,512.468695819542,534.6055920862196,522.4436633166582,522.4436633166582,499.05485700829,457.84752359954297,515.4513274125766,457.84752359954297
2013-12-21 02:10:00+01:00,479.2811279296875,348.5561828613281,1375.722900390625,371.4488672863449,475.46389961704,500.33649813455185,486.16453318939125,486.16453318939125,461.0579039238865,428.0345816911123,481.6133086533738,428.0345816911123
2013-12-21 02:20:00+01:00,344.19622802734375,479.2811279296875,1477.2783203125,431.41568787875264,483.61072963200223,511.68416802715797,490.79113393708633,490.79113393708633,511.3260136330672,474.25255245421044,522.079035200091,474.25255245421044
2013-12-21 02:30:00+01:00,423.1673889160156,344.19622802734375,1262.058837890625,359.24861535230224,453.41400087734996,483.1665566519993,463.66896925276916,463.66896925276916,429.37427877076004,398.2534203079654,440.1969416550256,398.2534203079654
2013-12-21 02:40:00+01:00,399.7209167480469,423.1673889160156,1308.4503173828125,404.84399774111836,449.8709895327445,482.1309113269991,456.85491115573285,456.85491115573285,460.5181187708373,433.83781276134954,476.98739006698946,433.83781276134954
2013-12-21 02:50:00+01:00,389.9676208496094,399.7209167480469,1143.7032470703125,381.5690399002693,439.52860507974833,473.08770463966965,445.56241368289193,445.56241368289193,426.622467199063,392.58629932583915,437.611607729005,392.58629932583915
2013-12-21 03:00:00+01:00,368.22296142578125,389.9676208496094,1071.741943359375,381.87671357423454,427.7565540181417,462.2321009250051,431.65825727827905,431.65825727827905,425.83209345022647,403.6939837806127,432.2995493236125,403.6939837806127
2013-12-21 03:10:00+01:00,400.0104675292969,368.22296142578125,950.458251953125,360.8230678211736,409.4164387197852,443.71896528877073,411.3716040418981,411.3716040418981,394.10555235525004,379.759883405417,406.8847433046461,379.759883405417
2013-12-21 03:20:00+01:00,342.7416076660156,400.0104675292969,819.4921875,373.0044121265246,398.37714544818215,431.66275614598004,397.795770653988,397.795770653988,397.69974120622106,384.87173870260636,399.81761095178234,384.87173870260636
2013-12-21 03:30:00+01:00,298.1574401855469,342.7416076660156,844.026611328125,337.6011437242627,381.17483167413826,413.6646958152874,379.16732694761413,379.16732694761413,360.52343168565596,354.91177307279617,377.8142997057992,354.91177307279617
2013-12-21 03:40:00+01:00,299.0245056152344,298.1574401855469,800.903076171875,302.7007256045373,355.38928836693543,386.51066872346024,353.58563518800463,353.58563518800463,339.0868221148442,337.59606952347184,365.8278514719902,337.59606952347184
2013-12-21 03:50:00+01:00,308.5446472167969,299.0245056152344,761.3477783203125,287.33472998892483,334.2412504716269,364.0258018967237,333.3992305374565,333.3992305374565,324.6956291860255,328.43897296494373,350.55943705590136,328.43897296494373
2013-12-21 04:00:00+01:00,347.90203857421875,308.5446472167969,748.6944580078125,285.84321472971294,321.9125470558317,350.90182534150716,322.92324246877627,322.92324246877627,320.5707347812429,330.04896483373074,349.5346851764137,330.04896483373074
2013-12-21 04:10:00+01:00,346.21343994140625,347.90203857421875,551.5218505859375,309.9071849743072,315.04504111925036,342.25977204083745,319.57083381356944,319.57083381356944,324.68882090027637,334.5954808813092,342.1310437092847,334.5954808813092
2013-12-21 04:20:00+01:00,249.62515258789062,346.21343994140625,509.45538330078125,316.7157000098319,312.15331162316767,338.05944989570986,318.61443677929736,318.61443677929736,319.379042652181,334.8841364438404,338.03310946319743,334.8841364438404
2013-12-21 04:30:00+01:00,243.95176696777344,249.62515258789062,415.66900634765625,261.20580630158986,286.7876439211573,309.83782113900475,295.2499492022314,295.2499492022314,280.87324695997694,294.8984438595104,308.7159042126213,294.8984438595104
2013-12-21 04:40:00+01:00,255.19741821289062,243.95176696777344,363.9160461425781,242.89242027806944,262.74576742642023,282.81772786944765,271.5446955539862,271.5446955539862,273.5529515244794,290.51254831332153,298.95200087090916,290.51254831332153
2013-12-21 04:50:00+01:00,206.65225219726562,255.19741821289062,362.7939453125,236.87631799635673,249.0408180138601,266.8660563282155,258.0150251485569,258.0150251485569,269.00224682928945,278.6614872591672,291.83992443713123,278.6614872591672
2013-12-21 05:00:00+01:00,213.54368591308594,206.65225219726562,357.9750061035156,208.43998893493006,231.84468727545988,247.5004508909933,241.60775238238327,241.60775238238327,247.20372896541326,258.1669816579837,275.7122333765909,258.1669816579837
2013-12-21 05:10:00+01:00,264.4783630371094,213.54368591308594,336.8126220703125,207.61707256928617,220.6817819813212,234.44552451166237,231.40377791702278,231.40377791702278,242.2750719233834,254.5887366297145,271.74205757615016,254.5887366297145
2013-12-21 05:20:00+01:00,190.69512939453125,264.4783630371094,338.2080078125,233.25714856985124,223.6602371075692,236.46198740717136,235.48720231908587,235.48720231908587,257.7109054593721,269.1499658502042,282.75238131487845,269.1499658502042
2013-12-21 05:30:00+01:00,212.31594848632812,190.69512939453125,327.93304443359375,198.82018463624212,215.1521721711922,227.1874053535344,227.92786203857415,227.92786203857415,233.98862486652442,248.58337435659945,263.45532828423774,248.58337435659945
2013-12-21 05:40:00+01:00,240.7087860107422,212.31594848632812,336.6008605957031,209.93469963301325,213.15892852162105,224.98806891545757,226.16823563879035,226.16823563879035,241.04687864036742,262.4587745637755,273.03837941567383,262.4587745637755
2013-12-21 05:50:00+01:00,186.16050720214844,240.7087860107422,324.7960510253906,222.394677661532,217.19100318410457,229.38555435498273,231.18316107271218,231.18316107271218,247.7828904563493,257.3830588258562,269.2422875965541,257.3830588258562
2013-12-21 06:00:00+01:00,223.51171875,186.16050720214844,311.8390197753906,198.21926896491703,210.86104559712547,223.39355321763924,225.49762403591075,225.49762403591075,235.50182953326697,243.81224879978018,253.46445594056814,243.81224879978018
2013-12-21 06:10:00+01:00,219.18960571289062,223.51171875,309.30615234375,219.96418542852192,212.33795396927542,225.41246395323606,227.40641589993,227.40641589993,246.94433449893648,260.00575293076616,267.68442459260086,260.00575293076616
2013-12-21 06:20:00+01:00,205.64353942871094,219.18960571289062,316.2872619628906,218.01471436582452,214.57757950515602,228.46066038957858,230.16233471777272,230.16233471777272,244.89738135138882,250.24055841365765,261.9334884846768,250.24055841365765
2013-12-21 06:30:00+01:00,195.7517547607422,205.64353942871094,326.162109375,217.4636775133005,215.3291164599161,229.94045766127977,231.1118696058822,231.1118696058822,247.40308338642373,254.40395224264665,266.5577138665495,254.40395224264665
2013-12-21 06:40:00+01:00,246.6940155029297,195.7517547607422,346.546142578125,210.34325005385577,215.1762331200729,230.5320713931261,230.86279663349094,230.86279663349094,243.57163044829943,253.54818072209937,267.1565787970047,253.54818072209937
2013-12-21 06:50:00+01:00,202.8500213623047,246.6940155029297,350.0570373535156,242.6682408606053,224.86104188263332,241.27376124035186,241.25483536049992,241.25483536049992,264.6546927437344,272.65660704012214,284.0765512286818,272.65660704012214
2013-12-21 07:00:00+01:00,217.66114807128906,202.8500213623047,344.2030029296875,223.94686781284986,225.73717110906057,242.84515011650316,243.0352712924221,243.0352712924221,252.6739004498516,257.2250787658196,269.9047193528442,257.2250787658196
2013-12-21 07:10:00+01:00,227.7935028076172,217.66114807128906,326.7037048339844,237.75471452103656,227.56063397459351,245.08814800808588,245.6814571268311,245.6814571268311,266.28108801746805,270.89035300615234,281.445379117709,270.89035300615234
2013-12-21 07:20:00+01:00,215.32537841796875,227.7935028076172,347.78857421875,243.02869424065287,232.44309089184597,250.745956612989,251.0901808193051,251.0901808193051,266.5802887862169,265.1653957759043,280.565193885699,265.1653957759043
2013-12-21 07:30:00+01:00,221.06283569335938,215.32537841796875,394.3212890625,241.49959655595538,237.32432839081406,256.467529846268,256.00164998035837,256.00164998035837,271.02852323504135,276.67599762580875,290.07453302676464,276.67599762580875
2013-12-21 07:40:00+01:00,259.1468505859375,221.06283569335938,439.4477844238281,247.31029168076415,244.80982721011543,264.828818670902,263.4780974149545,263.4780974149545,274.1336153481432,284.0892994019403,296.24447757443903,284.0892994019403
2013-12-21 07:50:00+01:00,272.07501220703125,259.1468505859375,391.5675048828125,275.07684108233116,255.92426066912498,276.3680784055025,276.0508579509636,276.0508579509636,292.6697778154821,297.3794059623711,306.9345360798662,297.3794059623711
2013-12-21 08:00:00+01:00,285.7214050292969,272.07501220703125,382.19964599609375,295.2653663608787,267.8357677658965,288.9750448372241,289.4360652440221,289.4360652440221,303.9793239894087,308.44673642167186,315.455599125543,308.44673642167186
2013-12-21 08:10:00+01:00,278.9580078125,285.7214050292969,400.9739990234375,317.0659648333973,282.3899919994615,304.42180803358184,304.40054887357536,304.40054887357536,317.976190371525,327.6848309468388,333.64513435503403,327.6848309468388
2013-12-21 08:20:00+01:00,278.1963806152344,278.9580078125,399.33660888671875,318.716570856452,293.34614952791355,315.836714084828,315.1479031850372,315.1479031850372,321.51275963597436,326.70683948994105,337.4945478759018,326.70683948994105
2013-12-21 08:30:00+01:00,231.95675659179688,278.1963806152344,401.4483947753906,320.13745141680573,300.954066613264,323.6951473127766,322.02122930893853,322.02122930893853,329.12938564847354,339.3007147614314,348.1585217697825,339.3007147614314
2013-12-21 08:40:00+01:00,309.9158630371094,231.95675659179688,439.4247741699219,283.85416022836944,296.6278867434747,319.52834946212334,316.76264527428185,316.76264527428185,316.76788401020696,322.95322608622365,334.1270122874305,322.95322608622365
2013-12-21 08:50:00+01:00,275.5202941894531,309.9158630371094,491.41009521484375,330.96484676881073,310.1820248788391,333.6813034440653,328.67320086254057,328.67320086254057,346.38622233292193,365.6376388597667,377.0017044058615,365.6376388597667
2013-12-21 09:00:00+01:00,274.7701110839844,275.5202941894531,445.8284606933594,313.16863076934334,312.88321550739556,335.58722223162704,332.21029615590345,332.21029615590345,338.78203310859715,344.40084271141427,358.01055951546283,344.40084271141427
2013-12-21 09:10:00+01:00,374.7631530761719,274.7701110839844,484.9332275390625,319.68010372125195,315.52844293776275,338.13504843595,334.8243880011191,334.8243880011191,354.21688932136675,368.0592347426501,374.83335310448376,368.0592347426501
2013-12-21 09:20:00+01:00,319.2448425292969,374.7631530761719,515.396484375,381.28833240270006,339.1633094869655,362.07909375182425,357.00300944534234,357.00300944534234,379.5472948990121,417.3120707192572,418.5964701470019,417.3120707192572
2013-12-21 09:30:00+01:00,368.6952819824219,319.2448425292969,474.1028137207031,361.1921995126473,349.2394018308019,371.2129875696877,367.0522745004205,367.0522745004205,384.1355206149867,402.63145944847895,407.3379071488966,402.63145944847895
2013-12-21 09:40:00+01:00,379.07684326171875,368.6952819824219,768.2841796875,402.20463097282595,382.84098888618666,407.1107346266946,394.2962435578223,394.2962435578223,401.20083826650085,476.5337221754977,479.5533047482627,476.5337221754977
2013-12-21 09:50:00+01:00,361.6336669921875,379.07684326171875,748.2159423828125,406.4691117246961,414.0828105877298,438.3274015426472,419.82604176330534,419.82604176330534,419.5861434031927,476.94763025422145,491.54687484432486,476.94763025422145
2013-12-21 10:00:00+01:00,431.41107177734375,361.6336669921875,639.2022094726562,402.3449454689611,424.7783774356465,448.69408388469736,428.7145345274884,428.7145345274884,438.0824207424586,476.40741536895064,473.7976431801948,476.40741536895064
2013-12-21 10:10:00+01:00,454.8042907714844,431.41107177734375,588.9450073242188,445.33028530122994,436.79195975135355,461.8313106970913,440.26176750107425,440.26176750107425,474.3920684340868,509.1840120929671,504.19675493083184,509.1840120929671
2013-12-21 10:20:00+01:00,413.9554138183594,454.8042907714844,620.4313354492188,467.8481122642271,451.0326364342286,477.77461419350317,454.84115001902774,454.84115001902774,485.85943241191103,524.8388738236945,519.4494174792673,524.8388738236945
2013-12-21 10:30:00+01:00,484.3036804199219,413.9554138183594,597.7904663085938,453.32246703977887,452.42198948445065,478.9862754037531,458.3518876846904,458.3518876846904,485.56264906198203,517.906148244725,516.4813047482659,517.906148244725
2013-12-21 10:40:00+01:00,528.7534790039062,484.3036804199219,693.827392578125,493.2819587698483,471.470738884098,498.8616723269579,476.018518034796,476.018518034796,521.5381996825054,572.0977028637243,572.0824809772816,572.0977028637243
2013-12-21 10:50:00+01:00,653.6566772460938,528.7534790039062,707.014892578125,524.4551056095045,499.49076629194127,526.080070816503,501.9516037867049,501.9516037867049,550.1250373469826,590.489512630147,589.1677484980651,590.489512630147
2013-12-21 11:00:00+01:00,439.908203125,653.6566772460938,679.841552734375,621.4731427504424,545.9881263581165,571.4015379433329,544.3048453183442,544.3048453183442,602.353757507059,659.3859563785654,641.0004673416711,659.3859563785654
2013-12-21 11:10:00+01:00,483.705810546875,439.908203125,705.3544311523438,503.4805805288855,547.485999445683,570.0769675935812,545.4119132114828,545.4119132114828,536.129793196548,577.9775435978167,579.8209350315981,577.9775435978167
2013-12-21 11:20:00+01:00,482.5962219238281,483.705810546875,659.68505859375,512.8172223248562,543.6769650850687,564.2278894568057,539.4843435478517,539.4843435478517,569.1677103413385,594.7745767411986,601.873453434738,594.7745767411986
2013-12-21 11:30:00+01:00,496.2711486816406,482.5962219238281,673.2971801757812,485.9964493986168,536.0313819473802,555.0532938284398,531.7387510368402,531.7387510368402,557.954855742015,583.4801859960536,591.5097637486285,583.4801859960536
2013-12-21 11:40:00+01:00,505.2123107910156,496.2711486816406,741.5695190429688,499.79542633548624,535.8480627719116,553.7598592057935,531.753733718655,531.753733718655,570.447129162274,604.7371345317637,609.0550917432236,604.7371345317637
2013-12-21 11:50:00+01:00,596.369873046875,505.2123107910156,678.3230590820312,505.9141517941084,535.2322600365683,550.0942469403717,533.0697464907923,533.0697464907923,564.8400103935664,588.8377811497746,596.733694408986,588.8377811497746
2013-12-21 12:00:00+01:00,616.4279174804688,596.369873046875,828.52978515625,565.5914746055926,562.673757510985,577.701003675087,559.3109571700726,559.3109571700726,608.0482364297071,658.3623179164265,639.1700717532054,658.3623179164265
2013-12-21 12:10:00+01:00,672.2705688476562,616.4279174804688,741.0225219726562,595.4608957550125,589.9909194749109,602.7934222292498,587.0120232781097,587.0120232781097,625.5170486649821,663.1559419371446,650.2396688194489,663.1559419371446
2013-12-21 12:20:00+01:00,606.247802734375,672.2705688476562,742.0093994140625,649.5807740971692,624.2114876227402,636.5310521855379,619.8194328136387,619.8194328136387,664.2063750858489,716.5533853523482,699.9725714013932,716.5533853523482
2013-12-21 12:30:00+01:00,611.718017578125,606.247802734375,828.8429565429688,620.0773803367218,647.3157264294324,659.98917505245,640.2956777483511,640.2956777483511,638.4763697922352,697.6876153920364,671.1379555413289,697.6876153920364
2013-12-21 12:40:00+01:00,520.1665649414062,611.718017578125,772.1358642578125,620.9795264393416,658.3047359047799,669.8699273111334,647.9432835935947,647.9432835935947,661.85699099756,696.2740551102547,681.6430648712029,696.2740551102547
2013-12-21 12:50:00+01:00,497.53125,520.1665649414062,763.3706665039062,551.47691293374,642.1977281067323,651.1085675732934,629.5826799115068,629.5826799115068,624.9657767255434,652.7693027767175,646.3628153873175,652.7693027767175
2013-12-21 13:00:00+01:00,499.46502685546875,497.53125,809.3866577148438,522.0789899514521,620.4878397536144,626.5715646506842,604.8810717286558,604.8810717286558,608.3902637695555,638.8809723379975,633.8178120932724,638.8809723379975
2013-12-21 13:10:00+01:00,581.154541015625,499.46502685546875,837.4253540039062,506.7811566393051,602.669527324144,605.2986177152951,585.681324855057,585.681324855057,608.9252786197897,625.2009838616029,624.2912904694641,625.2009838616029
2013-12-21 13:20:00+01:00,552.1505737304688,581.154541015625,890.1840209960938,556.2288321297934,607.833101002654,608.4570636470286,590.9290307542338,590.9290307542338,635.1987522055614,672.2139070778314,641.796292321357,672.2139070778314
2013-12-21 13:30:00+01:00,646.721923828125,552.1505737304688,772.1639404296875,554.3400398764664,605.461834987848,602.1140044452624,592.8426120511992,592.8426120511992,621.2207573751617,649.0377349278143,639.4779351053949,649.0377349278143
2013-12-21 13:40:00+01:00,643.5366821289062,646.721923828125,903.1141967773438,624.4890387843438,629.1922580913161,626.7818047333368,618.1263576187977,618.1263576187977,660.484791080415,714.9379085853175,673.5638810612194,714.9379085853175
2013-12-21 13:50:00+01:00,555.046142578125,643.5366821289062,814.9735717773438,636.2821536238706,648.3929552027465,645.3920462894879,640.532946802464,640.532946802464,659.3815979378496,693.8869972402755,665.9326968543688,693.8869972402755
2013-12-21 14:00:00+01:00,589.1825561523438,555.046142578125,781.7759399414062,593.8237876829087,646.2543900559128,642.1450920722006,639.7852733087818,639.7852733087818,635.7292245934334,662.4476149257569,651.6789947437248,662.4476149257569
2013-12-21 14:10:00+01:00,602.5065307617188,589.1825561523438,791.7343139648438,601.5472339750056,646.8820717493464,642.7000661486451,638.019638602326,638.019638602326,644.4730167369029,670.2948449345731,661.7015711925212,670.2948449345731
2013-12-21 14:20:00+01:00,520.0025634765625,602.5065307617188,836.30322265625,603.0351577962824,651.2992109876325,647.3656592499783,640.0541964894896,640.0541964894896,647.8827134818229,675.2883255770594,662.3376749490267,675.2883255770594
2013-12-21 14:30:00+01:00,454.64691162109375,520.0025634765625,848.489501953125,556.3113930235974,639.9715013024008,634.2768793828675,627.7329743209445,627.7329743209445,621.7083395212992,634.5498425150048,636.9324820306427,634.5498425150048
2013-12-21 14:40:00+01:00,489.8504638671875,454.64691162109375,817.2457275390625,498.91247125237453,612.5037540835532,603.0883969921741,599.1580974954135,599.1580974954135,607.302042923938,599.7716644748913,616.5169099472705,599.7716644748913
2013-12-21 14:50:00+01:00,527.1475219726562,489.8504638671875,885.0919799804688,499.06274665249583,598.2787141559971,587.030889007359,583.2960632680806,583.2960632680806,616.8426386200947,607.4935336888998,622.454721398424,607.4935336888998
2013-12-21 15:00:00+01:00,500.5272521972656,527.1475219726562,869.8704223632812,518.4838806653227,594.7872075152288,581.9903738814496,581.2951170427785,581.2951170427785,608.709521328017,614.8433258775154,624.1800105758886,614.8433258775154
2013-12-21 15:10:00+01:00,549.468017578125,500.5272521972656,800.0209350585938,513.428888141774,586.7264501288073,572.0928244057889,577.3096141687466,577.3096141687466,595.8286016810557,601.0336019423355,618.2513396331916,601.0336019423355
2013-12-21 15:20:00+01:00,474.72381591796875,549.468017578125,910.2664184570312,545.5930825025198,595.5441139822277,582.5881188590249,588.5741751615404,588.5741751615404,602.054219151406,631.4140614509829,631.5789412801888,631.4140614509829
2013-12-21 15:30:00+01:00,481.0931701660156,474.72381591796875,800.9656372070312,499.4538948398476,586.3695877381866,572.3326899151187,583.2323516774277,583.2323516774277,579.4002496303076,585.1265774329794,599.9085295193177,585.1265774329794
2013-12-21 15:40:00+01:00,564.008056640625,481.0931701660156,773.0960083007812,496.8206119389473,576.4746735962224,562.1942876307704,574.3545408710673,574.3545408710673,570.2722212442196,591.9020590098808,598.5806573759021,591.9020590098808
2013-12-21 15:50:00+01:00,470.2981262207031,564.008056640625,799.527587890625,537.2209827671174,583.8657942407276,571.2663868246533,581.7256054215056,581.7256054215056,581.8682668106396,614.8857638283482,617.0506850029577,614.8857638283482
2013-12-21 16:00:00+01:00,507.5578918457031,470.2981262207031,829.6226196289062,490.84771276625236,578.2024436811531,566.114240126418,577.5707396730487,577.5707396730487,563.2827361049608,573.8926076584405,586.9512008671442,573.8926076584405
2013-12-21 16:10:00+01:00,481.74786376953125,507.5578918457031,803.0582885742188,510.12738543470635,577.2944096323135,565.5009543859392,576.534256653382,576.534256653382,566.8898965402104,597.7370381855677,602.7512320045586,597.7370381855677
2013-12-21 16:20:00+01:00,476.9444885253906,481.74786376953125,761.5524291992188,483.70748385852454,569.6674749510425,557.2024704189506,569.5664387595847,569.5664387595847,562.9620303441227,578.5850695736339,585.1753207145956,578.5850695736339
2013-12-21 16:30:00+01:00,472.4902038574219,476.9444885253906,757.81982421875,480.0543277083902,561.3826849255083,548.5559408054587,561.5721471855111,561.5721471855111,559.8577995077947,572.5759314443063,585.1845424457258,572.5759314443063
2013-12-21 16:40:00+01:00,574.7180786132812,472.4902038574219,905.6818237304688,470.42134312924856,560.9112761745432,549.547165448784,560.9592015849356,560.9592015849356,545.0183710925135,578.7958519204369,577.8006114319012,578.7958519204369
2013-12-21 16:50:00+01:00,477.47222900390625,574.7180786132812,983.6519775390625,529.8385451760562,582.443678152064,573.4938273397894,582.4689515160278,582.4689515160278,574.180962549037,618.3884935945985,606.7439268971507,618.3884935945985
2013-12-21 17:00:00+01:00,509.3219909667969,477.47222900390625,914.2533569335938,484.2009970063303,582.9092105158212,573.0545436247387,585.8904509187262,585.8904509187262,544.414322713936,575.2631591049724,574.9512213048198,575.2631591049724
2013-12-21 17:10:00+01:00,582.4520263671875,509.3219909667969,951.1093139648438,502.1330548028611,586.5137975457783,576.7156416657438,589.5233839267562,589.5233839267562,556.54568125268,603.5445564751459,591.2888068777762,603.5445564751459
2013-12-21 17:20:00+01:00,560.9600219726562,582.4520263671875,912.4818115234375,535.7391153130133,598.5503415384534,588.7815997154839,601.1911288981036,601.1911288981036,566.149103403219,610.8747692986249,597.1738884063504,610.8747692986249
2013-12-21 17:30:00+01:00,488.48516845703125,560.9600219726562,926.3303833007812,539.3768492062386,606.2116269890072,596.2702207502284,609.3642074424113,609.3642074424113,566.0192859960509,609.4829310686139,597.3338869236691,609.4829310686139
2013-12-21 17:40:00+01:00,541.7732543945312,488.48516845703125,1030.083740234375,499.3008215258768,601.8749800275987,591.5380635430682,605.2625564140268,605.2625564140268,545.9210278368048,597.7367801232003,585.4268543497288,597.7367801232003
2013-12-21 17:50:00+01:00,444.5749206542969,541.7732543945312,918.7449340820312,516.3559468711004,598.8243057059791,586.8470254289759,601.5563956909399,601.5563956909399,559.9213192498162,601.330718718506,589.9659093151355,601.330718718506
2013-12-21 18:00:00+01:00,530.271240234375,444.5749206542969,859.3561401367188,451.8660635975866,572.7355481270188,558.1660885046606,577.1490520134965,577.1490520134965,534.8130528275647,549.8485198059486,554.5887171808437,549.8485198059486
2013-12-21 18:10:00+01:00,533.8649291992188,530.271240234375,846.7666625976562,496.0010501645568,563.6255870531334,548.929277683225,567.7169231942144,567.7169231942144,553.1991959018336,580.4178965999683,583.6359232816023,580.4178965999683
2013-12-21 18:20:00+01:00,513.35546875,533.8649291992188,792.7748413085938,497.20405465856646,557.0631852824456,542.7089345322047,563.3595659978649,563.3595659978649,538.5080680800043,557.7861196610143,557.2469214806148,557.7861196610143
2013-12-21 18:30:00+01:00,471.749755859375,513.35546875,805.498046875,498.6565279102911,551.3611899963074,538.4869369604198,560.2785175072681,560.2785175072681,547.8649967385766,563.6569813661689,572.1839472702117,563.6569813661689
2013-12-21 18:40:00+01:00,558.7283325195312,471.749755859375,741.6720581054688,468.9762431530725,536.5497699401227,524.5356852805534,548.1616431919715,548.1616431919715,537.094082460961,540.9613407704967,544.6970499582422,540.9613407704967
2013-12-21 18:50:00+01:00,478.33831787109375,558.7283325195312,746.2893676757812,511.59143842692583,539.413238756372,530.1073896297761,551.4589875109195,551.4589875109195,565.966163835926,577.5529099555779,580.0877965782896,577.5529099555779
2013-12-21 19:00:00+01:00,481.8416748046875,478.33831787109375,732.947021484375,470.269468593562,530.3026885570532,522.7142962005033,544.4561391238979,544.4561391238979,537.6173557444824,530.5091412407065,542.1497243617914,530.5091412407065
2013-12-21 19:10:00+01:00,559.31787109375,481.8416748046875,673.9713134765625,472.03072754355077,518.6447889176324,512.26540677095,533.4099606645782,533.4099606645782,538.352932032233,534.8295076602896,546.147227241513,534.8295076602896
2013-12-21 19:20:00+01:00,554.1040649414062,559.31787109375,674.019775390625,507.33162597454395,522.4614022135481,518.609290446091,536.4724779147164,536.4724779147164,548.3380387791533,556.8957403283448,556.6599896910138,556.8957403283448
2013-12-21 19:30:00+01:00,547.5673217773438,554.1040649414062,690.6426391601562,518.2480204099355,529.9548980524278,528.5258408913414,543.9473018116898,543.9473018116898,557.7374413646322,571.7965822548091,565.1255784725012,571.7965822548091
2013-12-21 19:40:00+01:00,554.0689086914062,547.5673217773438,702.5971069335938,525.6940616052698,537.8669749918392,538.3169879888055,551.2800722688793,551.2800722688793,552.0091605543929,572.6721999147719,563.9685245592226,572.6721999147719
2013-12-21 19:50:00+01:00,477.0685729980469,554.0689086914062,701.657470703125,527.6314864051373,545.4004616721706,547.2011774656065,557.3929311292704,557.3929311292704,557.8341398224388,575.5139180989995,567.9042283200647,575.5139180989995
2013-12-21 20:00:00+01:00,460.9779968261719,477.0685729980469,608.9525146484375,479.05142210961145,528.3763132412269,529.3484553555634,540.4914417920986,540.4914417920986,526.0761520198724,521.4342429054805,522.9210745200091,521.4342429054805
2013-12-21 20:10:00+01:00,512.9554443359375,460.9779968261719,558.53076171875,456.964243438973,501.77436496172334,502.5735170809401,513.2875894948285,513.2875894948285,516.0591781151147,515.3644943112265,511.1972099538434,515.3644943112265
2013-12-21 20:20:00+01:00,443.47479248046875,512.9554443359375,570.3790283203125,474.82284262595147,489.18022821054427,491.72709171322356,499.5293811550041,499.5293811550041,512.4105773589145,521.3731958852704,508.5668653349072,521.3731958852704
2013-12-21 20:30:00+01:00,471.7085266113281,443.47479248046875,585.7779541015625,437.95644314278013,470.55128272035006,474.5677508543262,482.6541503249137,482.6541503249137,480.5194201890119,488.2876730353008,482.2462611874167,488.2876730353008
2013-12-21 20:40:00+01:00,444.98468017578125,471.7085266113281,753.8805541992188,451.523453582974,472.2641502498366,479.472015493889,484.54743564158974,484.54743564158974,494.74327251108946,514.9028631919576,511.96358120876096,514.9028631919576
2013-12-21 20:50:00+01:00,426.4487609863281,444.98468017578125,829.4192504882812,429.29053479517813,475.91647406913177,484.92171375213167,489.87102332251357,489.87102332251357,488.50641330118003,493.00682559072266,504.4313212778117,493.00682559072266
2013-12-21 21:00:00+01:00,461.8108825683594,426.4487609863281,811.4067993164062,417.26001240915895,472.92862931816023,482.6523523573161,488.9645657170139,488.9645657170139,478.25636528414003,485.12936327103745,494.2280592611728,485.12936327103745
2013-12-21 21:10:00+01:00,464.0794677734375,461.8108825683594,859.1671142578125,431.6736793771063,476.88336231838923,488.27710236288914,493.2985356886629,493.2985356886629,487.7390380624459,495.1282700138519,500.56486744831835,495.1282700138519
2013-12-21 21:20:00+01:00,454.7439270019531,464.0794677734375,905.8043823242188,436.0572159911781,482.04273190471986,495.15729922025776,498.6358012875182,498.6358012875182,487.7518353415884,478.22631103302945,492.6014544488738,478.22631103302945
2013-12-21 21:30:00+01:00,432.8028259277344,454.7439270019531,973.2386474609375,436.1791751584337,485.79241876386527,500.64742802591155,502.16582588081553,502.16582588081553,488.7191829274101,480.5185900285034,498.5948597990034,480.5185900285034
2013-12-21 21:40:00+01:00,455.8320007324219,432.8028259277344,1064.585205078125,421.2705408369015,484.66051039525263,501.3409052762672,500.9429197267913,500.9429197267913,489.6767602990766,465.5097770720733,491.6009860619629,465.5097770720733
2013-12-21 21:50:00+01:00,469.57806396484375,455.8320007324219,1066.6947021484375,430.4302052086768,484.95200462997417,503.08801566166204,500.59548489229013,500.59548489229013,497.04454510994674,467.2945456814582,490.25189293466934,467.2945456814582
2013-12-21 22:00:00+01:00,430.8071594238281,469.57806396484375,1077.8642578125,439.49092393672163,486.69715923877584,506.1216903623108,501.8820500137816,501.8820500137816,502.1112588880461,474.2037264145619,497.3335382472399,474.2037264145619
2013-12-21 22:10:00+01:00,462.6189880371094,430.8071594238281,1038.153076171875,421.7228266386505,476.08241262747043,496.1165379029877,492.3340231576595,492.3340231576595,484.8998018221984,451.78089531421995,477.6662888865253,451.78089531421995
2013-12-21 22:20:00+01:00,474.3350830078125,462.6189880371094,990.6328735351562,437.344419666986,469.89186200247445,490.4339129760894,485.4822828113881,485.4822828113881,490.76776507207455,456.4057130227647,480.05734600639533,456.4057130227647
2013-12-21 22:30:00+01:00,472.1513977050781,474.3350830078125,972.8508911132812,444.5342150188965,468.07434799380906,488.7949909227953,482.54000567047467,482.54000567047467,493.3462341666614,462.1181100832806,481.2813320709684,462.1181100832806
2013-12-21 22:40:00+01:00,466.9173278808594,472.1513977050781,1017.9183349609375,451.05356769085626,470.93335816841136,491.7263484154977,483.7358344128385,483.7358344128385,490.7087649541736,462.560954931756,481.35954901080305,462.560954931756
2013-12-21 22:50:00+01:00,535.2953491210938,466.9173278808594,1012.8220825195312,450.1573242736717,474.0720977688909,494.47377318273897,485.16126484056736,485.16126484056736,481.69802888775445,450.0435637319673,474.86482685750275,450.0435637319673
2013-12-21 23:00:00+01:00,518.0398559570312,535.2953491210938,1121.0596923828125,491.4131992416947,498.148919974626,518.6004162071191,504.9280648649603,504.9280648649603,516.402939902585,491.7983473150568,510.8269590858876,491.7983473150568
2013-12-21 23:10:00+01:00,441.8685302734375,518.0398559570312,969.0971069335938,493.37000134446185,512.2221318098829,531.0750853885322,517.0320052280384,517.0320052280384,506.16196443716433,476.6095994945727,493.1210451090357,476.6095994945727
2013-12-21 23:20:00+01:00,385.2778015136719,441.8685302734375,898.6709594726562,453.8091746398662,499.02295969095724,517.5767539799949,504.10038451975464,504.10038451975464,475.39002660970755,444.75307538500243,464.9912018467047,444.75307538500243
2013-12-21 23:30:00+01:00,364.3630065917969,385.2778015136719,858.8146362304688,402.9724221064482,463.9689316238024,483.7451317364496,470.0410102635713,470.0410102635713,441.4161041708405,409.7969373460825,429.7231761087059,409.7969373460825
2013-12-21 23:40:00+01:00,409.0307922363281,364.3630065917969,943.5048828125,370.9934082149959,430.0496664241744,451.8312965563953,436.72028576054714,436.72028576054714,426.3034532963705,397.5797261766145,421.0769760362513,397.5797261766145
2013-12-21 23:50:00+01:00,324.7920837402344,409.0307922363281,856.8148803710938,388.3825769435022,411.63175946728444,433.45908481623746,418.70761769154626,418.70761769154626,428.75532936614667,403.1175841296612,423.4475670946887,403.1175841296612
2013-12-22 00:00:00+01:00,464.26361083984375,324.7920837402344,957.7267456054688,339.7040620554278,385.2709557277716,407.59487941532166,395.8705883444124,395.8705883444124,385.97702709644443,359.10653332815576,391.3094579275614,359.10653332815576
2013-12-22 00:10:00+01:00,556.5269775390625,464.26361083984375,1134.36083984375,419.41015916466864,404.38454276135576,427.5807769917754,414.27235937443913,414.27235937443913,450.7411412617899,424.77181681466993,459.2206286123464,424.77181681466993
2013-12-22 00:20:00+01:00,559.4771728515625,556.5269775390625,1129.50732421875,485.3691741666883,450.82825604763013,474.5312923114518,461.476786229074,461.476786229074,488.56744387751235,465.1128308594679,489.9820048311893,465.1128308594679
2013-12-22 00:30:00+01:00,679.3174438476562,559.4771728515625,1247.9140625,533.8323042260294,507.90664915947235,534.0601645841567,520.5741637068769,520.5741637068769,530.0700494635544,511.22781410845744,523.3964066631619,511.22781410845744
2013-12-22 00:40:00+01:00,820.984375,679.3174438476562,1277.8326416015625,624.5786168136626,589.441051720528,620.2994731992253,601.6698990419632,601.6698990419632,609.9899367489618,607.2096624832001,577.7162656704356,607.2096624832001
2013-12-22 00:50:00+01:00,884.4168701171875,820.984375,1365.8702392578125,732.0822629469004,703.3102160731974,741.3976165671017,712.3881627458804,712.3881627458804,713.6127650691171,734.0815134080552,679.772033772931,734.0815134080552
2013-12-22 01:00:00+01:00,1037.0501708984375,884.4168701171875,1628.26611328125,820.0843206472716,839.6133302385877,888.971627996232,846.0558521389052,846.0558521389052,808.6757827411794,879.5038831672787,815.6884222484942,879.5038831672787
2013-12-22 01:10:00+01:00,994.9923095703125,1037.0501708984375,1455.8026123046875,949.3086932301889,985.184062972053,1044.911949521071,987.3791893741451,987.3791893741451,926.3229108471422,1046.6234858140485,999.182365919493,1046.6234858140485
2013-12-22 01:20:00+01:00,1163.5909423828125,994.9923095703125,1502.3126220703125,961.6971182659927,1094.385964616083,1165.9303299978726,1093.658132741521,1093.658132741521,960.0204003688882,1038.5765710856597,1051.2468901165216,1038.5765710856597
2013-12-22 01:30:00+01:00,957.094482421875,1163.5909423828125,1743.5911865234375,1081.858072300309,1222.4663337596226,1309.2213147339992,1210.0517558183308,1210.0517558183308,1155.8308393567747,1243.5268032545364,1266.9433270559766,1243.5268032545364
2013-12-22 01:40:00+01:00,955.5931396484375,957.094482421875,1844.57568359375,972.282726374157,1248.8291666784617,1353.7219924877313,1240.4971261241656,1240.4971261241656,1074.156279075966,1128.189973460486,1190.7365603742633,1128.189973460486
2013-12-22 01:50:00+01:00,995.6390380859375,955.5931396484375,1706.7008056640625,959.299186055612,1207.3738797104415,1335.07394751063,1202.4365681582253,1202.4365681582253,1106.9131248124172,1115.630866844042,1217.3793267653655,1115.630866844042
2013-12-22 02:00:00+01:00,985.5196533203125,995.6390380859375,1746.52587890625,951.0331285295563,1151.9361520386803,1301.8201450371616,1150.2449173386083,1150.2449173386083,1058.8508248899166,1080.2417327227568,1197.7850115004055,1080.2417327227568
2013-12-22 02:10:00+01:00,1118.0166015625,985.5196533203125,1646.86279296875,947.4787166333163,1084.3012240565656,1244.7172193124493,1089.8131182268837,1089.8131182268837,1081.235497387114,1057.8162182949995,1160.9840759872577,1057.8162182949995
2013-12-22 02:20:00+01:00,1052.2269287109375,1118.0166015625,1613.22021484375,1027.6837716420425,1063.5670629399085,1225.2121741471274,1072.2462025289392,1072.2462025289392,1116.6709017502483,1130.598142629035,1248.4631800933737,1130.598142629035
2013-12-22 02:30:00+01:00,1061.6436767578125,1052.2269287109375,1639.2960205078125,1003.6880397914024,1049.336825575351,1201.481220071557,1065.0068445382524,1065.0068445382524,1062.1746480518343,1091.2580016288184,1216.1593267515366,1091.2580016288184
2013-12-22 02:40:00+01:00,835.6273803710938,1061.6436767578125,1669.6033935546875,1013.2396163167799,1053.3916634403456,1191.337909502092,1072.321316784463,1072.321316784463,1063.806518534298,1092.567630372939,1232.5145704887536,1092.567630372939
2013-12-22 02:50:00+01:00,1041.64990234375,835.6273803710938,1530.8673095703125,856.2125813117577,990.4185823612672,1107.609855953401,1014.7621138791739,1014.7621138791739,886.3348095063716,906.2528640137804,1039.5688596207908,906.2528640137804
2013-12-22 03:00:00+01:00,999.2084350585938,1041.64990234375,1597.0030517578125,941.3832988501966,991.7690880828839,1093.0729646498503,1006.2179588377528,1006.2179588377528,989.3807763319063,1047.6485539063276,1161.5058683389784,1047.6485539063276
2013-12-22 03:10:00+01:00,820.4097290039062,999.2084350585938,1529.9921875,911.6581153273606,991.8655830234641,1073.4237848357386,999.5011133727912,999.5011133727912,905.5631703724341,973.656091583762,1069.1729137227037,973.656091583762
2013-12-22 03:20:00+01:00,755.2863159179688,820.4097290039062,1255.3953857421875,820.771628657802,927.4260552451688,988.7419517645072,930.6936132149249,930.6936132149249,790.1544647086895,830.4060165712847,923.9212895919711,830.4060165712847
2013-12-22 03:30:00+01:00,766.4912719726562,755.2863159179688,1241.6431884765625,742.2869572188436,847.8128221922866,895.1037869482284,841.7169933842976,841.7169933842976,680.9986262366208,729.983299609775,829.7144625986471,729.983299609775
2013-12-22 03:40:00+01:00,650.0858764648438,766.4912719726562,1205.567626953125,711.9120992896178,784.6478269043823,818.6437637864335,767.870674025786,767.870674025786,665.9558014921014,710.8571436995492,767.9054502539727,710.8571436995492
2013-12-22 03:50:00+01:00,542.87255859375,650.0858764648438,1061.0589599609375,630.7213863746282,702.1167544535175,722.8103510229016,679.6666306433503,679.6666306433503,560.2340064748528,594.1581931734829,640.4370575586372,594.1581931734829
2013-12-22 04:00:00+01:00,566.5800170898438,542.87255859375,935.5220336914062,544.7673962472691,607.1825965903803,616.600771655169,580.565110044442,580.565110044442,473.67518005435244,497.91786059381263,536.1380407681554,497.91786059381263
2013-12-22 04:10:00+01:00,569.7811889648438,566.5800170898438,910.727294921875,526.909279496001,549.5783998999935,547.6306088927429,514.7777452999168,514.7777452999168,457.1772571641335,479.26085715361285,504.90001758392896,479.26085715361285
2013-12-22 04:20:00+01:00,532.1655883789062,569.7811889648438,852.8280639648438,516.9937613319333,520.3010417523473,507.0692235483327,476.9847633452018,476.9847633452018,434.8397412628109,465.38940135579384,475.888185210772,465.38940135579384
2013-12-22 04:30:00+01:00,370.3822021484375,532.1655883789062,814.0933837890625,498.56736276607035,504.33732920826924,482.6687688312987,452.8808713039091,452.8808713039091,414.9008329872778,441.6776123937875,452.1668785609779,441.6776123937875
2013-12-22 04:40:00+01:00,393.5229187011719,370.3822021484375,714.8816528320312,390.77033969515236,453.2014227474067,432.145712217798,404.06027313644455,404.06027313644455,329.0519536746813,355.7438378194351,363.9630718536819,355.7438378194351
2013-12-22 04:50:00+01:00,431.6819152832031,393.5229187011719,592.0689697265625,377.7994272901079,412.81682036663574,393.50123374296834,366.79870502708377,366.79870502708377,326.65543021636927,337.6617483204173,349.5647900370839,337.6617483204173
2013-12-22 05:00:00+01:00,362.13433837890625,431.6819152832031,570.1552734375,383.9926821779548,395.611566280584,377.6559985667767,351.481544033558,351.481544033558,326.4798309455893,332.66939792609924,343.28321433461923,332.66939792609924
2013-12-22 05:10:00+01:00,220.0657196044922,362.13433837890625,394.2449645996094,353.84267827860697,361.7573926653947,347.89202824631747,327.5716231991886,327.5716231991886,295.6103095850097,299.1546229452003,304.2681896008384,299.1546229452003
2013-12-22 05:20:00+01:00,183.95947265625,220.0657196044922,274.626953125,254.2205274983007,292.9132824188913,287.23770148377895,276.05405224164673,276.05405224164673,234.05254297330342,230.89775170323043,242.44824798527333,230.89775170323043
2013-12-22 05:30:00+01:00,186.99693298339844,183.95947265625,243.25465393066406,203.15807335917924,235.3313538186922,235.38595787988422,230.9655530728411,230.9655530728411,213.18387537801684,205.8991909192678,215.67328344926335,205.8991909192678
2013-12-22 05:40:00+01:00,184.61204528808594,186.99693298339844,240.17556762695312,185.29260255893834,201.88661486754768,204.47380915233822,204.85380123262036,204.85380123262036,200.9254795911092,194.79615295202322,202.66293722237072,194.79615295202322
2013-12-22 05:50:00+01:00,196.37655639648438,184.61204528808594,213.4385986328125,180.92774977303336,182.29479088990746,185.78223669011206,189.9192262526001,189.9192262526001,192.6495964071999,189.359746303239,194.21354657450226,189.359746303239
2013-12-22 06:00:00+01:00,167.44131469726562,196.37655639648438,206.1868438720703,190.46077574330815,174.4294362128319,178.33945790697123,184.35232944275108,184.35232944275108,187.84963826086886,187.23854907284678,193.24534626865145,187.23854907284678
2013-12-22 06:10:00+01:00,171.16751098632812,167.44131469726562,213.62037658691406,175.493223138703,168.06369139687848,172.99809212600678,178.78408132535867,178.78408132535867,177.4227628279705,179.9365527965235,187.47633751750465,179.9365527965235
2013-12-22 06:20:00+01:00,191.29348754882812,171.16751098632812,220.3898468017578,176.95680841685137,166.13314818818196,172.20822291932208,176.91773145060884,176.91773145060884,178.24251461646807,184.00059301732577,192.2223928297754,184.00059301732577
2013-12-22 06:30:00+01:00,161.44586181640625,191.29348754882812,263.17498779296875,188.45070527802312,171.85507475457902,179.6490337563157,182.08596906457737,182.08596906457737,184.0209271574865,189.21218010524893,202.04112591450493,189.21218010524893
2013-12-22 06:40:00+01:00,170.60726928710938,161.44586181640625,252.20762634277344,175.19463016915375,172.39169062370357,182.01590851069892,182.5215486306525,182.5215486306525,177.8277659479831,179.43453522550112,190.72843181761206,179.43453522550112
2013-12-22 06:50:00+01:00,174.69639587402344,170.60726928710938,241.4323272705078,181.6683723103291,173.80130091355178,184.92940496937052,183.82704640243094,183.82704640243094,181.44417979784606,182.63180739269566,194.93895128054535,182.63180739269566
2013-12-22 07:00:00+01:00,181.15367126464844,174.69639587402344,302.59893798828125,183.6172554701015,179.29918962394137,192.41526379610193,188.28789544144325,188.28789544144325,183.9780287251326,184.12640150152325,199.17148044478205,184.12640150152325
2013-12-22 07:10:00+01:00,198.82334899902344,181.15367126464844,264.2826843261719,192.7871264900309,183.70862615284216,197.59500635633862,192.55451120675488,192.55451120675488,192.5825437608136,187.7982638192516,201.95100751169852,187.7982638192516
2013-12-22 07:20:00+01:00,179.38575744628906,198.82334899902344,218.83358764648438,209.22450197448467,187.88230136103945,201.87126860101185,197.06631720536518,197.06631720536518,198.442268464788,191.3230169344945,201.33442209605795,191.3230169344945
2013-12-22 07:30:00+01:00,180.79420471191406,179.38575744628906,234.37657165527344,202.39581015090928,189.72181579175464,203.97581219326696,198.24989267912423,198.24989267912423,195.81389938932017,188.28591701020173,198.1677449295503,188.28591701020173
2013-12-22 07:40:00+01:00,190.41839599609375,180.79420471191406,214.0987091064453,204.71351345442213,190.47112802379465,203.9690537676762,198.4176419097865,198.4176419097865,198.35439181893844,190.4646704561552,201.6023291545955,190.4646704561552
2013-12-22 07:50:00+01:00,172.8142852783203,190.41839599609375,223.0541229248047,210.28188675537407,193.9676783933999,206.64255569653548,200.89565152112908,200.89565152112908,202.87413807574154,193.27961249345213,207.59918573452373,193.27961249345213
2013-12-22 08:00:00+01:00,196.8536834716797,172.8142852783203,224.95204162597656,201.06654970428326,194.69868526539926,206.1750842518949,200.71379785897403,200.71379785897403,200.1152083762451,189.4485010340564,203.7896835962501,189.4485010340564
2013-12-22 08:10:00+01:00,315.6802673339844,196.8536834716797,240.87890625,217.97747290847272,201.16970886627527,211.37970660670075,206.00194704946347,206.00194704946347,208.90391195708716,201.62534030657076,214.628782505058,201.62534030657076
2013-12-22 08:20:00+01:00,185.09996032714844,315.6802673339844,253.77218627929688,299.0475486274052,227.78411960916026,236.6857760888201,230.49457723343284,230.49457723343284,244.07710734941963,241.41391095419985,251.76625996552153,241.41391095419985
2013-12-22 08:30:00+01:00,205.3013916015625,185.09996032714844,260.2268371582031,236.08747306384984,233.20865236369679,241.13862372445305,234.93653782498583,234.93653782498583,218.36337556441413,211.95727178820403,225.2828820089007,211.95727178820403
2013-12-22 08:40:00+01:00,277.9974670410156,205.3013916015625,272.8506164550781,247.89592811425752,239.495033671847,246.4925130584715,239.91782929644987,239.91782929644987,236.7042169496458,237.10455660601016,248.26185692349125,237.10455660601016
2013-12-22 08:50:00+01:00,269.707763671875,277.9974670410156,264.0874938964844,281.7284123707777,255.78291577068615,261.78929071616216,255.11157449807348,255.11157449807348,257.82636917159147,246.2970603777332,259.4032997053434,246.2970603777332
2013-12-22 09:00:00+01:00,229.3106231689453,269.707763671875,310.00616455078125,295.94014574109895,273.0650448660778,278.99216563365593,270.9357084717904,270.9357084717904,271.62176666455804,267.6938339964985,276.8596197968924,267.6938339964985
2013-12-22 09:10:00+01:00,251.14208984375,229.3106231689453,267.5632019042969,277.492074664469,274.9820971764387,280.21447614218613,273.9086021158553,273.9086021158553,263.34493007784306,255.90095153398102,267.425057519866,255.90095153398102
2013-12-22 09:20:00+01:00,241.25100708007812,251.14208984375,275.02362060546875,283.28723867301994,277.5245467153862,282.8749222729503,277.4500673728565,277.4500673728565,278.35154690406017,264.39404655273404,278.7287852795527,264.39404655273404
2013-12-22 09:30:00+01:00,260.74566650390625,241.25100708007812,284.0787048339844,271.8881039973163,276.6035399391216,282.21602035032623,278.2688117358192,278.2688117358192,280.3443790230755,266.7761621626587,281.47045808332433,266.7761621626587
2013-12-22 09:40:00+01:00,289.55267333984375,260.74566650390625,301.4908142089844,286.1681487142343,279.86295443530935,285.66251403917903,282.986377411521,282.986377411521,291.36277039288666,292.2262146471621,299.1228319437886,292.2262146471621
2013-12-22 09:50:00+01:00,317.6177062988281,289.55267333984375,383.1866455078125,306.24319349388725,294.13565010862834,300.6683370513666,296.92869719950284,296.92869719950284,297.8962982572664,303.18633582357137,317.43445494866853,303.18633582357137
2013-12-22 10:00:00+01:00,268.8562316894531,317.6177062988281,374.5168151855469,332.7377851130498,312.3937901336609,318.67722589494394,314.8089937097524,314.8089937097524,318.6170541811925,323.86554282702605,338.8972720987661,323.86554282702605
2013-12-22 10:10:00+01:00,294.92974853515625,268.8562316894531,403.271240234375,306.4602220186065,320.0266337894486,326.66111449904673,322.30607157679844,322.30607157679844,315.00302035748905,321.2152836949265,337.2050702076512,321.2152836949265
2013-12-22 10:20:00+01:00,320.8619689941406,294.92974853515625,325.873046875,317.85965438966116,321.8547233786258,327.91894795987844,325.6415016107662,325.6415016107662,334.18273600967854,333.47310524112476,338.8872736507608,333.47310524112476
2013-12-22 10:30:00+01:00,332.9195861816406,320.8619689941406,373.0205993652344,329.40160814167785,329.1863775088764,336.41271838036715,333.74362585945903,333.74362585945903,343.34049762108833,341.4907091137841,350.4852728605841,341.4907091137841
2013-12-22 10:40:00+01:00,343.0650939941406,332.9195861816406,421.317626953125,344.67160640732294,340.9559034530972,349.28567324928304,345.77206010541886,345.77206010541886,357.848895129328,363.00680257953474,376.4363164412357,363.00680257953474
2013-12-22 10:50:00+01:00,319.654296875,343.0650939941406,408.50286865234375,355.6813385591902,351.8364640314766,360.41425683185025,357.2587427974757,357.2587427974757,361.7782663288718,363.47216406394705,375.70210734711793,363.47216406394705
2013-12-22 11:00:00+01:00,393.04241943359375,319.654296875,397.1748352050781,341.1175765040594,354.5877439038506,363.1030875768355,361.06073019044265,361.06073019044265,361.99457878669847,358.8419587485034,374.0289100882703,358.8419587485034
2013-12-22 11:10:00+01:00,390.8764343261719,393.04241943359375,385.791748046875,384.03743915168917,366.70770289516634,375.3645642096318,373.8272556939788,373.8272556939788,387.4003889360521,391.77900518119344,393.197477865617,391.77900518119344
2013-12-22 11:20:00+01:00,340.58953857421875,390.8764343261719,384.03326416015625,390.06764300197756,377.5812988426185,386.5110653996612,385.79099509578634,385.79099509578634,391.2874557336679,391.77784129914335,394.2498611018794,391.77784129914335
2013-12-22 11:30:00+01:00,336.16986083984375,340.58953857421875,437.61187744140625,366.58527600823396,381.53019847578554,390.9628502148006,389.7909343629161,389.7909343629161,383.78156864576664,383.8132256504832,390.7965847691864,383.8132256504832
2013-12-22 11:40:00+01:00,408.2396545410156,336.16986083984375,468.2718200683594,352.77374312098743,383.47038237634257,392.61971985190786,391.00246874386187,391.00246874386187,386.52492844406606,382.85823637276394,388.5903437965381,382.85823637276394
2013-12-22 11:50:00+01:00,390.3638916015625,408.2396545410156,460.2287902832031,388.71851040209435,395.324932609737,403.86053106140304,402.45928790706796,402.45928790706796,411.493793985731,412.0241918115805,411.1207604154298,412.0241918115805
2013-12-22 12:00:00+01:00,392.3363037109375,390.3638916015625,461.26983642578125,388.97808851127644,403.23952799306625,411.1002004062498,410.9548220147837,410.9548220147837,410.2491047284074,412.14597413523455,408.2915655517553,412.14597413523455
2013-12-22 12:10:00+01:00,410.1356506347656,392.3363037109375,452.1032409667969,398.5850472379282,408.7713931828431,415.8374108141826,416.96147201077247,416.96147201077247,415.7060090475765,421.92361532257934,406.96340072327587,421.92361532257934
2013-12-22 12:20:00+01:00,415.60223388671875,410.1356506347656,521.8203125,407.1007547812083,420.26580233927723,427.5746811710723,427.664510939643,427.664510939643,420.5362473138098,428.02025072748575,419.7572587263097,428.02025072748575
2013-12-22 12:30:00+01:00,443.7890625,415.60223388671875,455.2435302734375,414.0081745785834,426.05339706187374,431.97464398884296,433.82736422153624,433.82736422153624,433.89425327330304,439.5690261067825,426.5488646835207,439.5690261067825
2013-12-22 12:40:00+01:00,465.21929931640625,443.7890625,515.8655395507812,436.1307503422985,438.8571100639225,445.00689619847145,445.83643554758066,445.83643554758066,448.47816820561366,462.0544391468945,443.05696831477525,462.0544391468945
2013-12-22 12:50:00+01:00,453.2820129394531,465.21929931640625,524.9861450195312,456.2446687427747,454.11259816626006,460.06423370875433,460.3798406943165,460.3798406943165,456.1986323184093,467.40012002356553,452.31258631603725,467.40012002356553
2013-12-22 13:00:00+01:00,546.5487060546875,453.2820129394531,568.1585693359375,457.87168701958103,467.50544051141657,473.3727384496641,472.51567611198004,472.51567611198004,458.07355444292034,468.76852816454164,456.18308965084736,468.76852816454164
2013-12-22 13:10:00+01:00,502.91729736328125,546.5487060546875,545.4894409179688,519.0136466939744,490.7080231926328,496.1229122633407,494.2450287381994,494.2450287381994,491.36513227590336,516.3808627293033,500.5944309509792,516.3808627293033
2013-12-22 13:20:00+01:00,499.91900634765625,502.91729736328125,521.9415893554688,507.48623496637276,501.9477288981152,506.3980173166512,505.39220178881584,505.39220178881584,484.08225400683847,500.5343599567125,489.8482799720117,500.5343599567125
2013-12-22 13:30:00+01:00,481.3728942871094,499.91900634765625,584.4989624023438,514.4254014976874,512.3054497292823,516.5220948477873,514.1097873230813,514.1097873230813,493.9564400278345,526.3643464530663,505.34304094003534,526.3643464530663
2013-12-22 13:40:00+01:00,523.1231689453125,481.3728942871094,544.505126953125,495.99452493419477,512.0077188165161,514.2138965947953,512.9417441245101,512.9417441245101,487.9872228309596,506.771000737355,490.88583954907665,506.771000737355
2013-12-22 13:50:00+01:00,493.44873046875,523.1231689453125,576.5380249023438,520.4411620053077,518.1533172565748,519.0897332287939,517.7659079283769,517.7659079283769,501.40302174262985,528.8386105381667,510.48759089967996,528.8386105381667
2013-12-22 14:00:00+01:00,613.0567626953125,493.44873046875,608.855224609375,506.61536316775323,520.1665841449968,519.7108434595351,519.415350058951,519.415350058951,490.7133215139016,518.3577071589391,507.2789983581015,518.3577071589391
2013-12-22 14:10:00+01:00,622.0890502929688,613.0567626953125,574.118896484375,585.39123936399,537.6508734667989,535.9245996678403,536.7015193567825,536.7015193567825,526.3709666067339,560.6962525141258,548.845288105692,560.6962525141258
2013-12-22 14:20:00+01:00,585.4620971679688,622.0890502929688,597.5659790039062,609.2519616088009,558.5202698853284,556.8134191283211,558.7144370078911,558.7144370078911,525.3285644852702,558.9859014636058,550.7619261675026,558.9859014636058
2013-12-22 14:30:00+01:00,575.9383544921875,585.4620971679688,545.3737182617188,608.7337510271831,567.1589285348421,564.8698564157011,568.8769255472758,568.8769255472758,538.7624912555762,563.1479214323086,554.2665505874478,563.1479214323086
2013-12-22 14:40:00+01:00,565.0086059570312,575.9383544921875,583.58544921875,597.5123755582102,573.113789263101,571.2791821062377,574.2184445859909,574.2184445859909,540.0687644609998,563.152693352151,558.3582039967524,563.152693352151
2013-12-22 14:50:00+01:00,508.6246643066406,565.0086059570312,579.2562866210938,582.6958513115918,573.333442724522,571.1458785592299,573.3540820928313,573.3540820928313,548.9270259434293,560.0231411109833,551.7352414230168,560.0231411109833
2013-12-22 15:00:00+01:00,573.5636596679688,508.6246643066406,614.3338012695312,540.8910790653472,563.5651457478561,560.6099816698211,562.1750809108183,562.1750809108183,527.5354442191693,542.7716546468293,524.6206623939681,542.7716546468293
2013-12-22 15:10:00+01:00,540.9849853515625,573.5636596679688,660.3101196289062,571.1749458373413,567.0083149001408,563.4970771787754,563.534030276322,563.534030276322,545.1691272231469,566.031230766855,544.607357324156,566.031230766855
2013-12-22 15:20:00+01:00,499.3559875488281,540.9849853515625,630.1402587890625,551.5730969169078,563.2303263035292,558.093791109923,560.2883152465656,560.2883152465656,531.1028637545062,545.003221284912,538.6269060750624,545.003221284912
2013-12-22 15:30:00+01:00,538.5697631835938,499.3559875488281,688.508056640625,527.3206228465966,555.4078117778215,549.4120145599638,552.6142529879049,552.6142529879049,528.5875526100334,541.1041423581692,531.8869890535311,541.1041423581692
2013-12-22 15:40:00+01:00,542.6969604492188,538.5697631835938,669.7483520507812,539.2921629678106,553.1533952179286,545.972625485479,550.3521140332045,550.3521140332045,532.0352683184128,545.100187317638,537.4788379505751,545.100187317638
2013-12-22 15:50:00+01:00,526.4453735351562,542.6969604492188,756.3937377929688,540.6182152955804,557.7270861083629,550.6781916969824,555.2633101936173,555.2633101936173,541.8902824340032,550.8234941206413,547.6122535276431,550.8234941206413
2013-12-22 16:00:00+01:00,529.1865844726562,526.4453735351562,651.99609375,535.5001473720637,552.9541137636261,544.4348925782176,552.0639547086356,552.0639547086356,525.3043484255808,535.0006101237958,545.6584297076267,535.0006101237958
2013-12-22 16:10:00+01:00,572.5314331054688,529.1865844726562,682.154052734375,533.1145503697231,550.1832082967193,541.6483595408665,549.6331608685813,549.6331608685813,524.9712780353078,536.6481892844578,544.6391346404815,536.6481892844578
2013-12-22 16:20:00+01:00,532.549072265625,572.5314331054688,642.4847412109375,556.5295022982413,552.5750023775599,543.968911056515,552.3609923547076,552.3609923547076,534.1544952396404,546.6228603444306,546.6985137086638,546.6228603444306
2013-12-22 16:30:00+01:00,580.4257202148438,532.549072265625,780.3023071289062,536.9936939301444,557.4146824346603,550.3987823639371,557.2283947622024,557.2283947622024,531.829112759061,541.0400084022386,539.1381088656766,541.0400084022386
2013-12-22 16:40:00+01:00,647.194091796875,580.4257202148438,733.3014526367188,565.2738913307674,566.5823383857704,559.6829307472285,566.0983827806191,566.0983827806191,542.3365126695801,557.762818574432,544.301407978217,557.762818574432
2013-12-22 16:50:00+01:00,558.8858642578125,647.194091796875,663.2268676757812,606.2739427405095,580.8175962589547,573.7648111593951,580.3836597003949,580.3836597003949,546.1301300778418,565.3702173458058,558.3506398585422,565.3702173458058
2013-12-22 17:00:00+01:00,547.6403198242188,558.8858642578125,705.7347412109375,568.0447943400848,581.6526319316351,575.1143856088524,581.8763845039906,581.8763845039906,536.2210733768294,550.9785295201247,529.7130040929553,550.9785295201247
2013-12-22 17:10:00+01:00,564.8172607421875,547.6403198242188,798.0474243164062,553.8840092244949,582.2161100257252,576.4486487747195,580.9667137744939,580.9667137744939,531.7867430293087,547.0751065709894,518.3748039103748,547.0751065709894
2013-12-22 17:20:00+01:00,590.0938720703125,564.8172607421875,650.0516357421875,548.0959562595265,573.55084313698,566.1839077075658,571.8318257150019,571.8318257150019,526.5472694221688,534.9568331831083,511.0934067766027,534.9568331831083
2013-12-22 17:30:00+01:00,563.3900146484375,590.0938720703125,698.8134765625,563.3417459582706,572.1850589906737,565.0344188784098,569.7554600256922,569.7554600256922,532.0090206877532,543.3427080246076,515.0066879432945,543.3427080246076
2013-12-22 17:40:00+01:00,624.6272583007812,563.3900146484375,645.91259765625,552.2862880921246,563.8319940532708,556.384007127546,562.6315465719973,562.6315465719973,521.3216675079825,533.142750512196,497.3555007408679,533.142750512196
2013-12-22 17:50:00+01:00,532.3870239257812,624.6272583007812,818.2466430664062,588.1515755322258,578.0233214756962,572.5829462894851,576.3502068476953,576.3502068476953,542.0086074511617,562.8628648709389,523.7952306347782,562.8628648709389
2013-12-22 18:00:00+01:00,516.3780517578125,532.3870239257812,638.7757568359375,535.3276477908223,564.8953746410607,558.3983468722739,566.6460692234875,566.6460692234875,517.8778287781282,519.7837048764608,484.1585204462547,519.7837048764608
2013-12-22 18:10:00+01:00,556.7154541015625,516.3780517578125,683.179443359375,517.8263730990369,549.8719657205502,544.2151290256438,552.2801153135666,552.2801153135666,512.273702707416,523.4066624559434,488.45738863040805,523.4066624559434
2013-12-22 18:20:00+01:00,513.0400390625,556.7154541015625,632.7706909179688,526.2048062016498,539.913441915741,534.8696076056134,542.5967828739813,542.5967828739813,518.2002252627833,522.369160874375,484.04647720813267,522.369160874375
2013-12-22 18:30:00+01:00,496.2418518066406,513.0400390625,644.2330322265625,502.90253311076987,526.1283198379637,522.2887202965643,530.2631020965605,530.2631020965605,501.5064579628246,498.5220024765828,469.88935038278026,498.5220024765828
2013-12-22 18:40:00+01:00,521.3202514648438,496.2418518066406,650.6837768554688,490.59918574628387,512.5049644084745,509.92851477626874,517.8531169032998,517.8531169032998,495.4307542724492,494.5065549273683,461.3600418283389,494.5065549273683
2013-12-22 18:50:00+01:00,449.22076416015625,521.3202514648438,616.4276123046875,496.58994845745104,504.4014499447983,502.8355867471504,510.72678746262176,510.72678746262176,495.0313311877222,488.1107695625393,465.5995890428335,488.1107695625393
2013-12-22 19:00:00+01:00,456.6103820800781,449.22076416015625,640.2410888671875,452.5077268084422,487.54180223335715,487.30439296685796,495.80935315673804,495.80935315673804,479.1886979492624,451.6978894281517,429.86535841754653,451.6978894281517
2013-12-22 19:10:00+01:00,406.39129638671875,456.6103820800781,659.4586181640625,448.7467890545418,475.46877697334395,476.51262584292374,484.3724074654217,484.3724074654217,470.2379085437638,462.0510462705821,442.58655695198206,462.0510462705821
2013-12-22 19:20:00+01:00,376.7384948730469,406.39129638671875,565.1807250976562,407.5611427448844,450.23927467934317,451.71818214465344,461.02220727586854,461.02220727586854,443.1834735542434,420.32166161100037,403.9396743007991,420.32166161100037
2013-12-22 19:30:00+01:00,331.3847961425781,376.7384948730469,529.3002319335938,381.1182810044417,420.49734540550173,423.1164575074527,432.5528424720737,432.5528424720737,426.0144921295818,405.6930493718542,391.2888295136895,405.6930493718542
2013-12-22 19:40:00+01:00,360.7095947265625,331.3847961425781,547.76171875,339.7337943020002,389.03692516463525,393.412698220978,402.5016771637364,402.5016771637364,398.9603590120895,373.77533962267864,363.9732967051741,373.77533962267864
2013-12-22 19:50:00+01:00,288.1463317871094,360.7095947265625,470.5585021972656,346.4432079624252,366.7784341509541,372.1781282343661,381.61359301206693,381.61359301206693,390.9416698827543,379.0432259773286,363.5479490107442,379.0432259773286
2013-12-22 20:00:00+01:00,307.36151123046875,288.1463317871094,434.2098693847656,298.05751358869173,336.6450843315881,343.13904659211227,353.9601144717036,353.9601144717036,353.7145710767052,336.6427558781279,325.57343858751597,336.6427558781279
2013-12-22 20:10:00+01:00,340.169189453125,307.36151123046875,452.1059875488281,302.5763513392267,319.6600001776081,327.2576643938027,338.1092502296701,338.1092502296701,352.4288805666353,345.61762483240074,332.27374518216925,345.61762483240074
2013-12-22 20:20:00+01:00,283.1995544433594,340.169189453125,438.89739990234375,315.09923562589535,315.5156872392257,323.4002724369564,334.986649141308,334.986649141308,346.05350036773444,339.1953462039817,325.72693479284277,339.1953462039817
2013-12-22 20:30:00+01:00,283.0353698730469,283.1995544433594,382.8554382324219,287.9466307834488,303.1242626407253,310.52298446087434,323.6716020376597,323.6716020376597,325.2961598266614,323.8721588732444,308.1017875752842,323.8721588732444
2013-12-22 20:40:00+01:00,243.07598876953125,283.0353698730469,413.78155517578125,283.075236328192,295.7432315260814,302.9353680793749,315.56705422756363,315.56705422756363,316.0723680236557,312.40976330863026,303.8115748131963,312.40976330863026
2013-12-22 20:50:00+01:00,211.08590698242188,243.07598876953125,382.2546691894531,249.0757737999485,281.1371263874568,287.9040526030251,300.32923417935706,300.32923417935706,297.2352747002855,287.1866770069221,281.0082552847576,287.1866770069221
2013-12-22 21:00:00+01:00,229.33755493164062,211.08590698242188,385.3298645019531,221.25498707360973,262.2085926695225,269.0208382184583,280.70163307401987,280.70163307401987,280.3762728954373,270.59783391626365,265.22276210223856,270.59783391626365
2013-12-22 21:10:00+01:00,252.6313018798828,229.33755493164062,400.9537353515625,222.06332896846158,251.4906974410925,258.17924145040706,269.32773733236377,269.32773733236377,275.84987085462626,268.7669829380482,260.7889445399762,268.7669829380482
2013-12-22 21:20:00+01:00,232.55633544921875,252.6313018798828,363.78350830078125,234.44110540313164,247.17013995510933,253.06368289095224,264.90889016407027,264.90889016407027,272.3801856196182,265.15828321293674,254.36019840114923,265.15828321293674
2013-12-22 21:30:00+01:00,243.38851928710938,232.55633544921875,383.6260681152344,229.1095581955116,243.5246207091727,248.6975894892847,261.1212256730326,261.1212256730326,264.27916884737016,259.8448763935763,248.86960252803578,259.8448763935763
2013-12-22 21:40:00+01:00,239.4494171142578,243.38851928710938,384.93121337890625,236.13533561448713,243.75166325074176,247.80881423256224,260.5530867688817,260.5530867688817,265.15274816439694,265.08602117270084,250.99184123085763,265.08602117270084
2013-12-22 21:50:00+01:00,226.1397247314453,239.4494171142578,399.53265380859375,232.52524451013855,244.87282065921283,247.90840594934093,260.528624996566,260.528624996566,261.0982923032309,258.01349012510707,246.07756028320446,258.01349012510707
2013-12-22 22:00:00+01:00,218.93284606933594,226.1397247314453,403.2884521484375,225.22141049057615,243.30223754106234,245.66673190108995,257.74288215962906,257.74288215962906,255.0523863204544,254.9378015810679,239.7566223688697,254.9378015810679
2013-12-22 22:10:00+01:00,234.47743225097656,218.93284606933594,367.34881591796875,217.95160418194357,237.57705194302807,239.7120577847606,251.04476765793783,251.04476765793783,247.40423433282183,245.46215819866282,230.11937173114262,245.46215819866282
2013-12-22 22:20:00+01:00,231.87493896484375,234.47743225097656,330.27398681640625,224.6897602672846,232.9588419690541,235.01383588109888,245.45079206769833,245.45079206769833,245.6576951942073,243.0094767808363,225.53557816958093,243.0094767808363
2013-12-22 22:30:00+01:00,213.883544921875,231.87493896484375,340.2081298828125,224.9798473614551,229.8428564525163,232.04154874719387,241.37530751087994,241.37530751087994,239.7664546655357,238.4437518817715,223.99639543359996,238.4437518817715
2013-12-22 22:40:00+01:00,209.93727111816406,213.883544921875,359.2253723144531,215.8950676494892,225.5198099566479,227.996152203279,236.28041333440115,236.28041333440115,231.65443479012333,232.26197583056512,216.87482553805438,232.26197583056512
2013-12-22 22:50:00+01:00,209.09283447265625,209.93727111816406,403.9897766113281,210.3580750738862,223.17720682455675,225.81932492756837,233.11597651353554,233.11597651353554,227.19647844573845,228.9233607800677,216.00618923708714,228.9233607800677
2013-12-22 23:00:00+01:00,213.30540466308594,209.09283447265625,329.934326171875,206.94095152335544,217.15259008796696,219.7238932530181,227.0355768181133,227.0355768181133,219.45097856243282,222.77870208273265,207.00613906703322,222.77870208273265
2013-12-22 23:10:00+01:00,238.21701049804688,213.30540466308594,344.0484313964844,209.41999128324096,213.57377888197496,216.23263164042447,223.0458381774677,223.0458381774677,217.6164909016422,222.41133219068777,206.7958522709638,222.41133219068777
2013-12-22 23:20:00+01:00,188.37274169921875,238.21701049804688,329.43475341796875,226.20050580584194,215.1186124362012,217.28137349993833,223.97237091568869,223.97237091568869,223.76093980510308,226.2039273933723,206.95342978594064,226.2039273933723
2013-12-22 23:30:00+01:00,219.61611938476562,188.37274169921875,298.96539306640625,199.56085283408746,206.42651226285622,209.07639781109282,215.35291735349526,215.35291735349526,202.84006853339923,203.0558065702084,191.66810049330707,203.0558065702084
2013-12-22 23:40:00+01:00,247.0048370361328,219.61611938476562,283.5064697265625,215.78380130025366,203.71182513475154,206.27820075203456,211.90200024844768,211.90200024844768,212.61271963030208,215.88128966856573,196.98113744561707,215.88128966856573
2013-12-22 23:50:00+01:00,202.41368103027344,247.0048370361328,252.53775024414062,231.1291773314567,205.55191966606048,207.67631909678005,213.06738161753321,213.06738161753321,217.10090529209236,212.14749344043562,200.0574858331754,212.14749344043562
