timestamp,actual,persistence,seasonal_naive,sarimax,lstm_seed42,lstm_seed1,lstm_seed2,lstm,tcn_seed42,tcn_seed1,tcn_seed2,tcn
2013-12-16 00:00:00+01:00,441.67254638671875,499.6375427246094,404.4588623046875,457.93631315256846,446.52971223102986,450.31773695930553,441.96255172410235,450.31773695930553,455.10992421280713,458.0731028696133,449.8805789668227,458.0731028696133
2013-12-16 00:10:00+01:00,419.49041748046875,441.67254638671875,366.48870849609375,433.24059739767705,428.0088416337385,431.1477083093646,422.2208047757341,431.1477083093646,421.41819238147866,427.34800350385916,420.98927094435584,427.34800350385916
2013-12-16 00:20:00+01:00,459.4759216308594,419.49041748046875,351.1474609375,411.0790864291493,409.78150060326766,412.3335010448769,402.87649172163077,412.3335010448769,408.27083605443636,410.36438144509947,404.0737314275008,410.36438144509947
2013-12-16 00:30:00+01:00,376.8822937011719,459.4759216308594,353.12786865234375,413.4791412033127,398.9605551238048,402.87853469282885,395.2622922263344,402.87853469282885,407.20145017502597,405.78156434318913,401.02382301438814,405.78156434318913
2013-12-16 00:40:00+01:00,393.06085205078125,376.8822937011719,310.0467834472656,377.30402273389103,380.7238745144625,383.6166826584496,374.98403764766596,383.6166826584496,379.205189367115,378.1300191783056,367.8697939173402,378.1300191783056
2013-12-16 00:50:00+01:00,399.1571044921875,393.06085205078125,276.0484924316406,376.56847190668725,365.78689198527167,368.76471445467587,360.3643094593525,368.76471445467587,373.01444727175914,367.84062628465637,363.0463755677873,367.84062628465637
2013-12-16 01:00:00+01:00,285.9407653808594,399.1571044921875,321.2721252441406,366.1377949628352,356.8574256038133,361.41266736746576,354.66380609715503,361.41266736746576,368.0290380642161,358.3305399980601,356.7752379348475,358.3305399980601
2013-12-16 01:10:00+01:00,386.73553466796875,285.9407653808594,331.4255676269531,313.75469025760077,338.3970277821168,340.6950587591961,331.95829715144936,340.6950587591961,326.99100422008104,322.4535681313442,319.4742782594801,322.4535681313442
2013-12-16 01:20:00+01:00,393.2965393066406,386.73553466796875,303.5733337402344,340.58405599227507,332.2569184830979,335.5217875625459,329.9094490316235,335.5217875625459,344.52754036814514,340.22982899540335,339.27818915635675,340.22982899540335
2013-12-16 01:30:00+01:00,306.33349609375,393.2965393066406,303.7626647949219,340.3745638640851,328.8555678544014,334.0145393984966,331.5045508903001,334.0145393984966,334.5360278914041,333.44217302471736,327.07322498904455,333.44217302471736
2013-12-16 01:40:00+01:00,378.2484130859375,306.33349609375,289.2428283691406,322.89818521114984,318.0090015711585,322.0626298988355,319.03589296064484,322.0626298988355,311.6530603819617,315.5795786623885,307.15616952495265,315.5795786623885
2013-12-16 01:50:00+01:00,379.7450256347656,378.2484130859375,286.38397216796875,341.27981038878096,316.1956643714887,321.4408407663595,321.0368310288321,321.4408407663595,322.3115543257771,323.23984339502255,321.56602183931125,323.23984339502255
2013-12-16 02:00:00+01:00,313.563232421875,379.7450256347656,350.3764343261719,338.63331178669324,318.4547522922064,325.5502465702139,327.92305140667855,325.5502465702139,326.5505870719042,323.1495817256227,321.66820027276367,323.1495817256227
2013-12-16 02:10:00+01:00,363.4713134765625,313.563232421875,304.39862060546875,323.20585416059276,312.9217488681206,318.63720633655674,320.09625279215004,318.63720633655674,306.43152445213053,306.5593238807717,301.7921949740149,306.5593238807717
2013-12-16 02:20:00+01:00,355.7602844238281,363.4713134765625,316.61517333984375,334.32152699403673,313.7379071007042,319.95477698203746,322.74246177831947,319.95477698203746,313.149295541157,312.80601265290693,314.70929739283844,312.80601265290693
2013-12-16 02:30:00+01:00,261.8946533203125,355.7602844238281,351.3813171386719,327.4104260938139,315.58144150224217,322.374741766471,325.9977240172605,322.374741766471,309.65975224489785,306.0646424925694,307.43662207714306,306.0646424925694
2013-12-16 02:40:00+01:00,322.91937255859375,261.8946533203125,356.0527038574219,289.2599905969155,307.05235351297944,310.79704940146127,310.8670974695621,310.79704940146127,286.063460055942,286.2991492975482,287.6003334236254,286.2991492975482
2013-12-16 02:50:00+01:00,333.5801696777344,322.91937255859375,244.24331665039062,299.3009810322678,301.17176630724344,303.86484761840785,302.9925306984595,303.86484761840785,288.6516402462293,295.5649184921451,288.068670681372,295.5649184921451
2013-12-16 03:00:00+01:00,266.3287048339844,333.5801696777344,270.99560546875,297.5188066341291,298.7515641775693,302.59903673898884,301.64035044536126,302.59903673898884,287.21756947505474,286.37027945425905,285.716208301752,286.37027945425905
2013-12-16 03:10:00+01:00,306.6385498046875,266.3287048339844,260.4127502441406,281.0676256695442,289.9252444059826,292.72802906918724,289.10799672993335,292.72802906918724,272.48946515782495,275.7618951954241,271.88983333856913,275.7618951954241
2013-12-16 03:20:00+01:00,328.3710021972656,306.6385498046875,248.1754608154297,289.71624025677096,286.57932244039216,289.7931594812165,286.18297035033765,289.7931594812165,278.27913519204526,274.7798623696918,282.2435514203652,274.7798623696918
2013-12-16 03:30:00+01:00,275.85809326171875,328.3710021972656,283.28765869140625,294.4101481891124,288.12758337977135,293.0261269757192,290.63452469149377,293.0261269757192,282.51116476212025,280.6745120833857,284.1070931938662,280.6745120833857
2013-12-16 03:40:00+01:00,306.56317138671875,275.85809326171875,286.77545166015625,283.348252499258,285.2117329466124,289.7258639806854,286.4160279987581,289.7258639806854,271.1338123134783,272.09987335802117,276.65405412814573,272.09987335802117
2013-12-16 03:50:00+01:00,331.5537109375,306.56317138671875,270.962646484375,292.7674803196132,285.7488572333025,290.5365455893969,287.8736341879294,290.5365455893969,273.9765165980049,273.2877019814847,282.70849682240487,273.2877019814847
2013-12-16 04:00:00+01:00,273.42022705078125,331.5537109375,270.96856689453125,300.40493943581686,289.3853332370935,295.48854355112326,294.12717648672793,295.48854355112326,278.5298151245502,277.0249132059927,283.03187340114243,277.0249132059927
2013-12-16 04:10:00+01:00,283.7524719238281,273.42022705078125,243.26821899414062,285.0690922453255,286.11923719231663,291.463771467459,288.44772425711477,291.463771467459,270.659790094426,270.13200827333264,270.145443632434,270.13200827333264
2013-12-16 04:20:00+01:00,342.6617126464844,283.7524719238281,263.4046936035156,284.41500449118075,285.7576787067357,290.9963541045261,287.3777766625274,290.9963541045261,272.9497111620142,270.03560111442187,275.77040943233976,270.03560111442187
2013-12-16 04:30:00+01:00,282.18365478515625,342.6617126464844,233.78781127929688,302.96440635572117,290.51568977304447,297.4578369764854,295.23763966204655,297.4578369764854,285.2103738174717,275.5956629341754,281.4246156715205,275.5956629341754
2013-12-16 04:40:00+01:00,295.69342041015625,282.18365478515625,244.4639129638672,290.208533280235,290.1712581060149,297.30779650497345,293.67557903582303,297.30779650497345,273.48246784488674,267.25742510767486,270.45730290109304,267.25742510767486
2013-12-16 04:50:00+01:00,306.71826171875,295.69342041015625,216.33865356445312,298.690894259544,290.5968342096199,297.8950196732449,293.5412744899814,297.8950196732449,280.51326277231647,270.67779501752966,278.3346974509362,270.67779501752966
2013-12-16 05:00:00+01:00,245.5802001953125,306.71826171875,251.96478271484375,295.7921499313266,294.7045364310493,303.2912134662564,298.8674413046356,303.2912134662564,281.4963762315201,266.22547345572667,279.01311820887076,266.22547345572667
2013-12-16 05:10:00+01:00,309.10986328125,245.5802001953125,261.28631591796875,271.2429991274,292.10801757342216,299.5263210840944,292.55254581976095,299.5263210840944,268.14039507209174,262.609044316818,263.2333689024607,262.609044316818
2013-12-16 05:20:00+01:00,342.4906005859375,309.10986328125,237.39718627929688,294.3678519398021,296.2335097039079,304.5041145331357,298.2754653216308,304.5041145331357,283.29271831139374,272.37364967099313,283.4673940459391,272.37364967099313
2013-12-16 05:30:00+01:00,240.645751953125,342.4906005859375,240.56204223632812,312.24012931254094,304.5752724494657,315.40723170979084,310.7178136189077,315.40723170979084,291.69250313482394,281.21800863363933,288.13241869355784,281.21800863363933
2013-12-16 05:40:00+01:00,299.0203857421875,240.645751953125,223.6974334716797,284.10758294796517,300.27434149841156,309.59173882612833,301.5648784044899,309.59173882612833,272.6862917566694,267.78499423686077,266.61279045662485,267.78499423686077
2013-12-16 05:50:00+01:00,351.99676513671875,299.0203857421875,337.3056640625,302.6527867913765,309.69079773632836,320.51156189725583,313.02540334053714,320.51156189725583,299.123712218673,291.13483610496155,299.4949573691544,291.13483610496155
2013-12-16 06:00:00+01:00,318.0458068847656,351.99676513671875,243.73377990722656,320.8453906705436,320.0498495440999,333.0038510317588,327.4656488879643,333.0038510317588,308.0502604346812,294.1676390636535,302.0039794287611,294.1676390636535
2013-12-16 06:10:00+01:00,378.6978454589844,318.0458068847656,239.5529022216797,335.122852496893,327.1403578814375,341.5837071338287,335.5335646249181,341.5837071338287,313.6965160536668,305.4216673175461,307.73007799810136,305.4216673175461
2013-12-16 06:20:00+01:00,356.13885498046875,378.6978454589844,254.14468383789062,374.8615930311246,342.93386753713395,361.0108526602751,356.16911040973247,361.0108526602751,336.17473296678156,327.85643735903545,331.9716338014984,327.85643735903545
2013-12-16 06:30:00+01:00,384.4663391113281,356.13885498046875,301.38934326171875,372.78413182868246,359.9661909945381,381.2597821544335,375.91423296647287,381.2597821544335,350.29745825134074,334.6674710623759,341.24666036566146,334.6674710623759
2013-12-16 06:40:00+01:00,370.8913269042969,384.4663391113281,277.0202941894531,401.7016410797775,379.1726921399251,403.5635119794506,397.72713731297586,403.5635119794506,371.8747850066219,372.58850784023684,365.95671495111424,372.58850784023684
2013-12-16 06:50:00+01:00,362.32769775390625,370.8913269042969,391.2243347167969,399.73031667791173,404.2113319940036,432.28099035040464,424.82067573420056,432.28099035040464,391.3874508310873,384.9776292413231,390.9718652538994,384.9776292413231
2013-12-16 07:00:00+01:00,336.9212951660156,362.32769775390625,354.6274108886719,402.9495350350999,424.7207477261034,454.0856038025458,443.40198357077196,454.0856038025458,397.5003190922385,397.27490445877925,379.7415983230977,397.27490445877925
2013-12-16 07:10:00+01:00,390.6144714355469,336.9212951660156,403.2388610839844,387.3007153179259,442.22176888926134,472.0481916987492,455.60897238111954,472.0481916987492,407.1893141331733,401.3936506937753,398.9286400525111,401.3936506937753
2013-12-16 07:20:00+01:00,425.8382263183594,390.6144714355469,383.7511291503906,412.44475028896807,463.50556096903045,495.6175663337677,474.92870460201163,495.6175663337677,439.05325210565127,444.49312270043725,416.89299120320896,444.49312270043725
2013-12-16 07:30:00+01:00,418.4413757324219,425.8382263183594,480.57073974609375,441.8843477136796,494.37717300088786,531.112961317932,507.75595721743576,531.112961317932,484.70698881728475,475.77579359578107,473.0952744362401,475.77579359578107
2013-12-16 07:40:00+01:00,511.0614929199219,418.4413757324219,590.55712890625,465.91637329972315,529.1628274725525,568.7808002618995,543.3827218164212,568.7808002618995,520.3118667936758,516.6212449731516,501.2132051928972,516.6212449731516
2013-12-16 07:50:00+01:00,629.22998046875,511.0614929199219,676.4192504882812,527.8597867808618,580.8189419997808,624.3370601219442,601.8503343081582,624.3370601219442,585.0103925436672,585.9299161977278,592.8038925567224,585.9299161977278
2013-12-16 08:00:00+01:00,653.419921875,629.22998046875,1209.013916015625,614.7871437398474,673.8250177699298,722.5182860228987,713.4351095427489,722.5182860228987,727.4426078799899,769.9724619000633,756.9190838615538,769.9724619000633
2013-12-16 08:10:00+01:00,761.489501953125,653.419921875,705.0551147460938,691.3753626882805,745.0243269705454,787.2105119403693,792.7490444683915,787.2105119403693,744.2152145153632,769.7471174903086,741.2720097459058,769.7471174903086
2013-12-16 08:20:00+01:00,882.3408203125,761.489501953125,755.3338012695312,794.4551192491346,826.6623993252077,862.8283943801481,880.1282486248197,862.8283943801481,856.0937454775758,884.6949008642664,842.054023556968,884.6949008642664
2013-12-16 08:30:00+01:00,1032.5479736328125,882.3408203125,891.8099365234375,897.475198429656,922.6300752143352,950.5679040770523,980.2987735304041,950.5679040770523,991.8387988002714,981.904385430029,922.603410752841,981.904385430029
2013-12-16 08:40:00+01:00,1124.1258544921875,1032.5479736328125,1065.53369140625,1043.6963018078718,1035.7528218158488,1051.9760337289708,1096.510239106423,1051.9760337289708,1182.7573022309987,1118.189203834924,1081.9372834403753,1118.189203834924
2013-12-16 08:50:00+01:00,1236.549072265625,1124.1258544921875,1266.684814453125,1170.467843060815,1155.8398732485057,1156.2754926952357,1214.2381485258109,1156.2754926952357,1262.4709676156515,1224.368936747747,1214.5851357960883,1224.368936747747
2013-12-16 09:00:00+01:00,1481.2484130859375,1236.549072265625,1295.272705078125,1300.4086034212903,1268.2075694760044,1252.9857888271429,1319.0000617369365,1252.9857888271429,1365.654885963663,1303.9679041982786,1286.8867540884712,1303.9679041982786
2013-12-16 09:10:00+01:00,1428.59423828125,1481.2484130859375,1258.544677734375,1485.3775469739078,1377.7017198739204,1353.0837846342852,1424.277964090846,1353.0837846342852,1487.213065050272,1411.819889712088,1404.000477639408,1411.819889712088
2013-12-16 09:20:00+01:00,1552.4649658203125,1428.59423828125,1451.9677734375,1552.6928749530032,1471.1040420389577,1438.9445872680772,1507.2270783047031,1438.9445872680772,1573.104145478882,1483.1088108260312,1486.5097888852638,1483.1088108260312
2013-12-16 09:30:00+01:00,1488.8284912109375,1552.4649658203125,1478.8218994140625,1673.736734632671,1554.5072881256417,1520.7384630436418,1581.273934474289,1520.7384630436418,1652.692818911672,1559.9580328171792,1548.9410875556882,1559.9580328171792
2013-12-16 09:40:00+01:00,1661.2596435546875,1488.8284912109375,1736.717529296875,1654.5056608094912,1627.4273138663684,1592.5480086166485,1640.0447736125482,1592.5480086166485,1662.6964584728803,1613.6080726972555,1573.3560386521713,1613.6080726972555
2013-12-16 09:50:00+01:00,1617.414794921875,1661.2596435546875,1698.84423828125,1762.5938574560819,1696.6648668134894,1665.4587324040617,1701.122516293882,1665.4587324040617,1773.1831565378316,1693.2889762177044,1683.215612883842,1693.2889762177044
2013-12-16 10:00:00+01:00,1664.4840087890625,1617.414794921875,1788.0443115234375,1760.7865946177524,1753.8285381170558,1725.189639056407,1748.5300600218143,1725.189639056407,1798.7452086806204,1719.9044377071373,1709.2664428104508,1719.9044377071373
2013-12-16 10:10:00+01:00,1834.0755615234375,1664.4840087890625,1784.36962890625,1815.441286913777,1803.5627343840397,1778.8285730858172,1789.4068000222326,1778.8285730858172,1865.3142594552664,1786.0450704260852,1754.8734814693958,1786.0450704260852
2013-12-16 10:20:00+01:00,1817.044189453125,1834.0755615234375,1746.3629150390625,1899.9511537260603,1857.310662428359,1839.58824625235,1841.3191824671696,1839.58824625235,1940.7967464404912,1844.7623124342908,1840.4137334287275,1844.7623124342908
2013-12-16 10:30:00+01:00,1880.4312744140625,1817.044189453125,2100.3779296875,1936.813964713343,1921.7487896948246,1908.7528971262168,1904.295451761669,1908.7528971262168,1990.8500324110141,1950.1041289673603,1909.1306711776517,1950.1041289673603
2013-12-16 10:40:00+01:00,1992.1697998046875,1880.4312744140625,1845.9613037109375,2001.545806127382,1968.648686388226,1959.8199403111348,1953.2032792025773,1959.8199403111348,2080.5465909111726,1958.6702261986627,1944.1271780297723,1958.6702261986627
2013-12-16 10:50:00+01:00,2007.494873046875,1992.1697998046875,2070.1484375,2062.038556523505,2031.456177666991,2029.0389674044402,2020.0185992039446,2029.0389674044402,2133.132297156107,2066.793389805158,2024.667732352277,2066.793389805158
2013-12-16 11:00:00+01:00,1981.70751953125,2007.494873046875,2394.079345703125,2102.6629497996596,2102.93361570302,2104.2102368587975,2096.5302822431945,2104.2102368587975,2168.772908976541,2155.246537556958,2091.911522508853,2155.246537556958
2013-12-16 11:10:00+01:00,2184.56884765625,1981.70751953125,2192.322998046875,2109.8499578626897,2152.69933344716,2154.1278440765223,2148.4475495799584,2154.1278440765223,2241.781511576858,2135.121207213308,2099.591046352757,2135.121207213308
2013-12-16 11:20:00+01:00,1968.17138671875,2184.56884765625,2509.541015625,2202.427062909344,2226.727032930388,2233.250805992391,2228.169665884657,2233.250805992391,2321.740554481406,2295.992986415111,2211.151792413765,2295.992986415111
2013-12-16 11:30:00+01:00,2176.266845703125,1968.17138671875,2282.351806640625,2118.8905423769615,2262.806685317058,2264.438254456299,2259.682308656861,2264.438254456299,2326.815328597249,2238.449407746474,2177.4738834787568,2238.449407746474
2013-12-16 11:40:00+01:00,2058.122802734375,2176.266845703125,2295.7783203125,2216.5987980911996,2310.085540229651,2314.8489037718186,2305.0798523548983,2314.8489037718186,2392.450831221265,2306.150191218508,2235.731410083046,2306.150191218508
2013-12-16 11:50:00+01:00,2211.933349609375,2058.122802734375,2636.3857421875,2142.590533166121,2357.450913533724,2359.3171095050384,2345.1853098659417,2359.3171095050384,2394.2524892281963,2347.6924766134266,2241.456469867681,2347.6924766134266
2013-12-16 12:00:00+01:00,2043.037841796875,2211.933349609375,2547.46240234375,2236.1490370971655,2404.4799990211222,2406.5623494041574,2390.135805433822,2406.5623494041574,2476.268108145896,2390.662873219506,2301.781715791137,2390.662873219506
2013-12-16 12:10:00+01:00,2347.748291015625,2043.037841796875,2386.3857421875,2147.7372963912167,2424.3560475417457,2419.7215221499114,2398.20907310597,2419.7215221499114,2436.186763144262,2325.5036263346587,2268.790717067316,2325.5036263346587
2013-12-16 12:20:00+01:00,2503.830078125,2347.748291015625,2545.289306640625,2293.1119408173445,2471.6954512992716,2471.657417470345,2445.007825062711,2471.657417470345,2534.1248580591846,2470.1735339456163,2385.6634961414466,2470.1735339456163
2013-12-16 12:30:00+01:00,2471.329345703125,2503.830078125,2672.169921875,2391.565913889363,2530.5213566031466,2535.431637609553,2513.520819286013,2535.431637609553,2567.085509285876,2506.942330010522,2423.4208246791873,2506.942330010522
2013-12-16 12:40:00+01:00,2487.816162109375,2471.329345703125,2449.638671875,2481.292704615604,2569.0263166497057,2576.1823931282756,2560.6836744279917,2576.1823931282756,2620.115519084402,2502.821423484463,2442.436630695717,2502.821423484463
2013-12-16 12:50:00+01:00,2553.489501953125,2487.816162109375,2405.586669921875,2514.3131824087395,2601.023420682915,2612.3045873960764,2597.822444886155,2612.3045873960764,2636.4279172351835,2522.9253050061434,2482.0839359195243,2522.9253050061434
2013-12-16 13:00:00+01:00,2654.5224609375,2553.489501953125,2750.24951171875,2539.9490826700644,2648.063026931088,2665.526392499696,2650.5724763683675,2665.526392499696,2678.9899736008597,2625.824020620121,2543.1433308735895,2625.824020620121
2013-12-16 13:10:00+01:00,2750.8955078125,2654.5224609375,2690.35205078125,2606.051133511704,2690.514417997444,2713.868853862355,2701.388661307126,2713.868853862355,2725.7023177953306,2648.851556626029,2587.0753132743716,2648.851556626029
2013-12-16 13:20:00+01:00,2822.154052734375,2750.8955078125,2598.71435546875,2689.9672975377703,2728.6752859075527,2758.8804073501547,2748.4142130689634,2758.8804073501547,2813.29363166264,2698.3882849913393,2679.326692520494,2698.3882849913393
2013-12-16 13:30:00+01:00,2701.687744140625,2822.154052734375,2912.205810546875,2769.555209036161,2778.9327434545976,2817.4683964762635,2807.8274595725684,2817.4683964762635,2841.1418104501086,2758.7069029892964,2717.440346854316,2758.7069029892964
2013-12-16 13:40:00+01:00,2846.589111328125,2701.687744140625,3005.723876953125,2746.8323487570833,2815.1626285473108,2855.540454049511,2845.0978520887074,2855.540454049511,2871.494334394722,2778.368312210034,2733.568462503231,2778.368312210034
2013-12-16 13:50:00+01:00,2761.5703125,2846.589111328125,2801.35302734375,2809.6229955377967,2843.9951036872476,2889.3920643369597,2874.4612135483967,2889.3920643369597,2924.291918005531,2776.133808087976,2786.1251269980353,2776.133808087976
2013-12-16 14:00:00+01:00,2679.148193359375,2761.5703125,2954.759033203125,2772.3327012582827,2869.0732590003568,2915.5194416930553,2893.3725388344956,2915.5194416930553,2932.6767544008976,2794.4674244833245,2792.6075480806016,2794.4674244833245
2013-12-16 14:10:00+01:00,2846.775634765625,2679.148193359375,2898.165283203125,2745.7269051623052,2878.8447383999865,2923.268669067067,2890.882868906392,2923.268669067067,2907.521109014021,2761.061110128728,2745.2553101568597,2761.061110128728
2013-12-16 14:20:00+01:00,2534.20556640625,2846.775634765625,2765.6484375,2793.6061098099153,2889.7826733291577,2937.385923113896,2894.5117632041442,2937.385923113896,2954.573014360043,2774.319363551402,2800.89028314005,2774.319363551402
2013-12-16 14:30:00+01:00,2814.81884765625,2534.20556640625,2740.53515625,2653.021085360707,2875.6327870609052,2915.0786944286488,2860.60373709966,2915.0786944286488,2872.028739813708,2702.681737788744,2708.1695361680195,2702.681737788744
2013-12-16 14:40:00+01:00,2797.125,2814.81884765625,2712.637939453125,2764.3881537670068,2876.638476235567,2920.911034684437,2854.3997607987662,2920.911034684437,2921.5792352877506,2748.532572281384,2770.254284830068,2748.532572281384
2013-12-16 14:50:00+01:00,2632.959228515625,2797.125,2600.77587890625,2746.388270979798,2870.560401624257,2915.817525753559,2844.4157074298487,2915.817525753559,2890.753904087704,2713.6499774950034,2762.06867405802,2713.6499774950034
2013-12-16 15:00:00+01:00,2719.924560546875,2632.959228515625,2776.59765625,2724.058854532938,2859.1524578487974,2902.7410952065898,2824.922677032466,2902.7410952065898,2880.708182741629,2714.7893926920824,2714.9977064951395,2714.7893926920824
2013-12-16 15:10:00+01:00,2737.278076171875,2719.924560546875,2660.270751953125,2726.891352019139,2845.2629780016746,2890.502857128951,2807.529394132761,2890.502857128951,2868.4185441276654,2690.017664841218,2726.0558850308,2690.017664841218
2013-12-16 15:20:00+01:00,2688.81298828125,2737.278076171875,2870.105224609375,2715.220297319265,2841.1547201425774,2889.026270626102,2802.612984202235,2889.026270626102,2890.5556915983598,2725.369623619525,2731.568841892316,2725.369623619525
2013-12-16 15:30:00+01:00,2614.559326171875,2688.81298828125,2737.205322265625,2711.3367059831858,2824.6233808851252,2871.8101613205117,2784.6259236832066,2871.8101613205117,2842.940636856422,2666.668741541862,2705.561151070249,2666.668741541862
2013-12-16 15:40:00+01:00,2702.126953125,2614.559326171875,2794.0732421875,2662.565106548251,2804.2840373810186,2849.947785181531,2759.6432151687573,2849.947785181531,2811.325131152449,2645.1147540724282,2675.610189111226,2645.1147540724282
2013-12-16 15:50:00+01:00,2748.791259765625,2702.126953125,2531.23291015625,2674.120143600737,2777.2590094794773,2823.4098936579608,2732.1192547968744,2823.4098936579608,2802.971892943059,2607.484598003569,2679.9413066905,2607.484598003569
2013-12-16 16:00:00+01:00,2634.210205078125,2748.791259765625,2501.115966796875,2693.1470838690097,2753.7673223136185,2802.9490256126564,2712.2104854836757,2802.9490256126564,2772.0706520379354,2590.3526667210986,2669.9749195354,2590.3526667210986
2013-12-16 16:10:00+01:00,2628.35400390625,2634.210205078125,2450.360107421875,2658.671305193989,2719.920575599275,2769.470812789549,2680.061423352558,2769.470812789549,2744.2966709378516,2551.5858964505283,2658.599096962598,2551.5858964505283
2013-12-16 16:20:00+01:00,2626.01171875,2628.35400390625,2575.211669921875,2633.0440262299885,2691.2864009631026,2744.462750628087,2654.792892584849,2744.462750628087,2758.1052777864397,2558.9172352726787,2673.5411271233306,2558.9172352726787
2013-12-16 16:30:00+01:00,2563.62451171875,2626.01171875,2720.369873046875,2596.3466904061634,2667.7104704054445,2724.994476606256,2636.5509853807484,2724.994476606256,2706.200784921392,2545.51132860968,2617.3432261829835,2545.51132860968
2013-12-16 16:40:00+01:00,2649.9111328125,2563.62451171875,2612.401611328125,2553.8812011384116,2633.878540670956,2691.476790761944,2605.826357953424,2691.476790761944,2678.4477707519513,2526.3546619280214,2620.8621675927097,2526.3546619280214
2013-12-16 16:50:00+01:00,2494.123779296875,2649.9111328125,2700.0927734375,2572.240425984631,2610.0084371102466,2672.2592279032847,2588.802899201954,2672.2592279032847,2663.2453620289198,2527.59557053754,2617.769521057384,2527.59557053754
2013-12-16 17:00:00+01:00,2457.800048828125,2494.123779296875,2803.391357421875,2489.2904162854957,2578.20968538028,2639.9057131142026,2558.209098522414,2639.9057131142026,2616.709453746799,2485.0882036073904,2552.7827751987775,2485.0882036073904
2013-12-16 17:10:00+01:00,2545.859375,2457.800048828125,2719.489501953125,2446.132258833765,2539.058385996881,2599.4286145711217,2517.8951732465466,2599.4286145711217,2573.7473334621145,2453.0859731288992,2518.9940475348144,2453.0859731288992
2013-12-16 17:20:00+01:00,2543.695068359375,2545.859375,2916.323974609375,2436.962667803011,2514.0955957472434,2578.0704360527725,2496.39725094135,2578.0704360527725,2579.7533802173907,2470.168942051808,2532.513253537938,2470.168942051808
2013-12-16 17:30:00+01:00,2322.172607421875,2543.695068359375,2889.5673828125,2435.667454116064,2486.9575392221395,2552.2613615542455,2474.1152472974004,2552.2613615542455,2550.790220737045,2427.8001535374083,2482.561790313841,2427.8001535374083
2013-12-16 17:40:00+01:00,2663.596923828125,2322.172607421875,2522.8486328125,2334.443486535943,2429.355685966594,2486.54021230858,2410.3779535320587,2486.54021230858,2454.5512306878663,2309.661146869759,2413.7309152847533,2309.661146869759
2013-12-16 17:50:00+01:00,2480.97021484375,2663.596923828125,2273.6083984375,2439.8625739554564,2388.56269930174,2450.4328964799306,2378.2422282253187,2450.4328964799306,2479.679653122685,2327.527705218096,2474.158429263192,2327.527705218096
2013-12-16 18:00:00+01:00,2258.5439453125,2480.97021484375,2713.93017578125,2366.27031872576,2356.4071503122495,2422.8755279640704,2352.9583289987563,2422.8755279640704,2438.3650556645844,2319.2642045655266,2417.532913200187,2319.2642045655266
2013-12-16 18:10:00+01:00,2365.50146484375,2258.5439453125,2347.22705078125,2282.830461266537,2291.2906506962386,2352.7029445680882,2285.789255340133,2352.7029445680882,2357.980517648368,2201.321761036493,2330.576272206484,2201.321761036493
2013-12-16 18:20:00+01:00,2013.10888671875,2365.50146484375,2157.864990234375,2242.7989874801697,2230.3119871375807,2292.212781351648,2226.657581908769,2292.212781351648,2288.9876551881234,2155.829592007158,2319.364089349185,2155.829592007158
2013-12-16 18:30:00+01:00,2151.990966796875,2013.10888671875,2204.971923828125,2037.2373912044447,2148.6762223429,2203.5782401860192,2132.937660525578,2203.5782401860192,2180.423840770717,2055.9752799972052,2162.805830341144,2055.9752799972052
2013-12-16 18:40:00+01:00,2143.185546875,2151.990966796875,1947.5545654296875,2046.9642396416732,2071.5722676788773,2125.2472882323923,2053.758513820435,2125.2472882323923,2114.339759589915,1965.0565517540883,2132.236256768445,1965.0565517540883
2013-12-16 18:50:00+01:00,2088.3984375,2143.185546875,1896.3414306640625,1991.1593433738587,2000.3579706987932,2053.6066430307487,1985.1374805851474,2053.6066430307487,2067.064719718161,1949.0126514776016,2142.773595703475,1949.0126514776016
2013-12-16 19:00:00+01:00,1917.8798828125,2088.3984375,1900.78271484375,1986.8860663399444,1932.6614682337422,1986.062604164116,1922.9613514404634,1986.062604164116,2008.314823829169,1893.2637878735231,2074.0928199633677,1893.2637878735231
2013-12-16 19:10:00+01:00,1961.185302734375,1917.8798828125,1874.8843994140625,1885.1317679850238,1857.5552720723467,1907.4515685804545,1848.2882383943754,1907.4515685804545,1894.4370576165807,1794.8970199062023,1965.0208309506356,1794.8970199062023
2013-12-16 19:20:00+01:00,1886.307373046875,1961.185302734375,1662.798828125,1854.506899117285,1783.9052643281934,1830.5557199374707,1778.4318390450906,1830.5557199374707,1849.0124891714588,1761.8842008713361,1947.9374776231875,1761.8842008713361
2013-12-16 19:30:00+01:00,1575.9322509765625,1886.307373046875,1684.8167724609375,1787.514893860364,1715.519333180991,1759.2586302629347,1712.933091483296,1759.2586302629347,1759.1424267690425,1685.2644757070984,1847.3572301000252,1685.2644757070984
2013-12-16 19:40:00+01:00,1596.140869140625,1575.9322509765625,1843.3634033203125,1623.3010203652818,1636.3007883605162,1673.0065060472452,1624.1840724080425,1673.0065060472452,1667.9144146730373,1582.1975769086846,1687.0993778259449,1582.1975769086846
2013-12-16 19:50:00+01:00,1528.152587890625,1596.140869140625,1385.3277587890625,1552.7624296722156,1546.4981489403208,1573.539377218377,1526.3272260255665,1573.539377218377,1530.5560982814063,1479.232503336445,1606.1415393875689,1479.232503336445
2013-12-16 20:00:00+01:00,1413.2109375,1528.152587890625,1368.7177734375,1459.0547852264613,1464.4330988285085,1485.2665162331102,1436.3235049812426,1485.2665162331102,1472.7678643372592,1431.7194388424505,1518.142755837207,1431.7194388424505
2013-12-16 20:10:00+01:00,1425.4017333984375,1413.2109375,1413.4725341796875,1390.4187335501792,1387.5999050505184,1404.1785639052039,1353.1899558601042,1404.1785639052039,1402.5179548692347,1357.9534549012471,1412.2801910242733,1357.9534549012471
2013-12-16 20:20:00+01:00,1304.2977294921875,1425.4017333984375,1549.6429443359375,1356.177735382549,1330.583507433267,1347.1269678421086,1298.3233919437337,1347.1269678421086,1354.4007844464174,1316.7144278605176,1366.181721667728,1316.7144278605176
2013-12-16 20:30:00+01:00,1109.710693359375,1304.2977294921875,1051.3616943359375,1273.9186250995056,1250.044790245492,1259.2218051652687,1217.7629656253134,1259.2218051652687,1237.277926776122,1191.0155626075139,1229.3244926483576,1191.0155626075139
2013-12-16 20:40:00+01:00,1243.8564453125,1109.710693359375,976.9859619140625,1151.8242613741288,1162.7421312428155,1165.9541575931576,1122.966270260325,1165.9541575931576,1144.5000262300352,1117.5992267530983,1138.3715142529113,1117.5992267530983
2013-12-16 20:50:00+01:00,1135.408447265625,1243.8564453125,1058.7889404296875,1151.3016751627688,1107.8187947799265,1113.8752244689556,1074.0685578725781,1113.8752244689556,1146.7027825100488,1117.0012508314696,1148.5505459133938,1117.0012508314696
2013-12-16 21:00:00+01:00,1075.4207763671875,1135.408447265625,891.2176513671875,1084.78665363734,1048.086617062691,1053.9351442519203,1021.7667152554171,1053.9351442519203,1059.1926112592248,1033.4810327529233,1080.3095666644206,1033.4810327529233
2013-12-16 21:10:00+01:00,1103.355224609375,1075.4207763671875,1138.56591796875,1059.615735503172,1008.968151170719,1017.2948906832789,992.1185999295823,1017.2948906832789,1032.259625875871,1020.6014224057863,1035.3775341025555,1020.6014224057863
2013-12-16 21:20:00+01:00,1062.0172119140625,1103.355224609375,908.2932739257812,1036.660131826511,970.3416617976203,979.2277706991476,965.9910800879306,979.2277706991476,993.3196097594981,970.5448633199885,1006.9632751018073,970.5448633199885
2013-12-16 21:30:00+01:00,1051.4791259765625,1062.0172119140625,970.7666625976562,1008.0066983088954,940.5746301315847,950.5439110318242,947.4029843049005,950.5439110318242,969.32554024229,962.2501961190031,995.041823623717,962.2501961190031
2013-12-16 21:40:00+01:00,827.9390258789062,1051.4791259765625,930.27099609375,998.2092415003734,914.6951694006509,925.3580130804783,931.7798096687707,925.3580130804783,938.2337889691623,926.4960871490354,950.5847572814325,926.4960871490354
2013-12-16 21:50:00+01:00,939.1461181640625,827.9390258789062,1250.522216796875,873.8404856981409,886.0894919444167,895.0644055236739,902.7104273105971,895.0644055236739,877.7270327772276,873.0388145635534,877.7836339660066,873.0388145635534
2013-12-16 22:00:00+01:00,864.9956665039062,939.1461181640625,921.4077758789062,879.3241252722008,857.976262923973,865.79895500993,876.9849664801309,865.79895500993,859.6174494035258,855.4191303728397,866.6270124919046,855.4191303728397
2013-12-16 22:10:00+01:00,945.5177001953125,864.9956665039062,794.7772827148438,819.7635518109512,821.5565196145484,827.89846615212,837.9796318103223,827.89846615212,808.4972039454801,811.7468177499394,835.4381841538382,811.7468177499394
2013-12-16 22:20:00+01:00,929.395751953125,945.5177001953125,690.4801635742188,864.3813045722156,793.0182448445851,800.873299077844,810.9153979662949,800.873299077844,809.4509030953138,808.1305661720627,849.7852637606205,808.1305661720627
2013-12-16 22:30:00+01:00,795.0380249023438,929.395751953125,669.5327758789062,855.802960941415,769.1758453609654,779.0576314882989,789.4615067992147,779.0576314882989,765.8295230545546,772.403545322938,818.8461485332243,772.403545322938
2013-12-16 22:40:00+01:00,731.8589477539062,795.0380249023438,642.612060546875,802.6578897330418,738.500020633822,747.5804768385367,755.0735348949875,747.5804768385367,740.5630160986035,742.2196231451735,781.6265059485245,742.2196231451735
2013-12-16 22:50:00+01:00,685.288818359375,731.8589477539062,689.616943359375,739.5652099264619,710.0114860571565,717.982764494848,721.3014054280966,717.982764494848,701.6158261122181,707.7100341383652,737.5646216321693,707.7100341383652
2013-12-16 23:00:00+01:00,619.82666015625,685.288818359375,1241.0782470703125,676.8149350013443,701.5711291985099,710.4198145867829,712.2234740169619,710.4198145867829,712.6241956786524,718.0381365344011,724.768527610944,718.0381365344011
2013-12-16 23:10:00+01:00,686.6953735351562,619.82666015625,744.964599609375,621.3254506199809,668.8826494251973,673.1726871974263,672.0737497256773,673.1726871974263,626.4653762501217,635.2812784895699,640.5375641391585,635.2812784895699
2013-12-16 23:20:00+01:00,627.1445922851562,686.6953735351562,733.8909912109375,629.2546830207198,645.8075910391207,650.2958353050319,647.7706769174314,650.2958353050319,628.8230966136348,654.384479447308,659.3455898102421,654.384479447308
2013-12-16 23:30:00+01:00,526.6758422851562,627.1445922851562,478.231689453125,600.0928137040304,607.6778526578506,611.2346942418283,604.4216065636872,611.2346942418283,583.836870933722,592.8061300060755,594.5658690032399,592.8061300060755
2013-12-16 23:40:00+01:00,549.476806640625,526.6758422851562,527.9005126953125,550.7801972504874,568.8300346474433,571.7421400548743,557.8921304239196,571.7421400548743,543.2007269383804,556.7354312757359,557.2510360728772,556.7354312757359
2013-12-16 23:50:00+01:00,507.3895568847656,549.476806640625,458.8825988769531,529.7350943375448,536.2587135348821,539.7452063948009,522.4358998781051,539.7452063948009,523.4776067352435,525.299485982971,534.3484096850781,525.299485982971
2013-12-17 00:00:00+01:00,502.82867431640625,507.3895568847656,550.4351806640625,493.2107442492964,510.9876593703106,515.3676760830277,497.01997991755877,515.3676760830277,498.9775963056289,505.5544151895011,518.9278290959761,505.5544151895011
2013-12-17 00:10:00+01:00,557.6482543945312,502.82867431640625,544.6912231445312,486.6874839979935,490.95523977627005,495.58883196769887,479.18455750410686,495.58883196769887,483.7140399667415,487.40062099109247,499.7890833664703,487.40062099109247
2013-12-17 00:20:00+01:00,453.3353271484375,557.6482543945312,488.500732421875,502.0891362217336,478.95083918001,484.85713343075565,473.79076111617405,484.85713343075565,482.505149795475,480.61551003370846,499.4258835990438,480.61551003370846
2013-12-17 00:30:00+01:00,434.283935546875,453.3353271484375,426.5383605957031,461.7242045093841,457.5924280933463,462.0135120305893,452.3266883563779,462.0135120305893,449.46588616896156,442.5339729414857,451.5795654171899,442.5339729414857
2013-12-17 00:40:00+01:00,643.6171875,434.283935546875,400.9922180175781,441.89867554820125,437.16373062435036,440.2397876813523,431.1547124019225,440.2397876813523,435.60257373911196,429.32880241190105,442.8562252746783,429.32880241190105
2013-12-17 00:50:00+01:00,377.2395935058594,643.6171875,414.22625732421875,508.75204305181876,441.16216448255767,448.38810510424406,447.9921429529635,448.38810510424406,472.2446914907635,462.0275648697788,482.40406067035315,462.0275648697788
2013-12-17 01:00:00+01:00,420.13507080078125,377.2395935058594,368.54949951171875,420.0744939529889,420.06533224557637,424.2834898608301,421.69549490779576,424.2834898608301,401.4727923791012,394.12421551222457,399.78060837513954,394.12421551222457
2013-12-17 01:10:00+01:00,382.4946594238281,420.13507080078125,348.317138671875,431.2207031376306,406.3806163989301,409.10108789654976,406.4305176221597,409.10108789654976,415.99119343142434,403.07016128959816,411.39628521841536,403.07016128959816
2013-12-17 01:20:00+01:00,372.3955993652344,382.4946594238281,376.4095153808594,373.1773689629766,392.0825607402732,393.941071584946,390.3017843524701,393.941071584946,380.1745520667382,363.67079964925955,382.70704767710265,363.67079964925955
2013-12-17 01:30:00+01:00,354.8289794921875,372.3955993652344,303.46466064453125,369.75684244765074,375.6106253919785,376.7342918578534,371.8305209138032,376.7342918578534,376.69588426811634,371.754783769302,378.53477106619096,371.754783769302
2013-12-17 01:40:00+01:00,326.95477294921875,354.8289794921875,321.4789733886719,351.3843820000568,361.32752590651575,362.4735596929929,356.9443988644619,362.4735596929929,343.65815318321813,343.37519550270343,358.5537332682082,343.37519550270343
2013-12-17 01:50:00+01:00,285.241455078125,326.95477294921875,356.39892578125,331.8573849481946,348.2980602178205,349.12153323625284,343.40932588135036,349.12153323625284,339.045161089509,340.152199696524,347.1469412721896,340.152199696524
2013-12-17 02:00:00+01:00,307.2751770019531,285.241455078125,956.8873291015625,301.2449118582815,347.9130911767665,347.16297091817165,344.14202372368203,347.16297091817165,346.4104823928627,338.1806393966976,364.17899637812553,338.1806393966976
2013-12-17 02:10:00+01:00,322.3454895019531,307.2751770019531,352.32867431640625,298.1103123057394,332.7718463881353,329.4901883650377,327.184059222664,329.4901883650377,323.4083187225624,325.48040567281146,324.02393649945844,325.48040567281146
2013-12-17 02:20:00+01:00,270.39794921875,322.3454895019531,379.19683837890625,301.17398204274576,322.56210684093514,320.0245294571013,318.80226669419517,320.0245294571013,317.8468851164617,309.3454951942546,315.99415077482035,309.3454951942546
2013-12-17 02:30:00+01:00,287.3663330078125,270.39794921875,332.2477722167969,283.67226623445765,306.8752091937182,304.12992525541796,301.1797520640014,304.12992525541796,297.3610151201375,300.02911424854574,292.57894193536123,300.02911424854574
2013-12-17 02:40:00+01:00,300.23834228515625,287.3663330078125,372.4902038574219,284.7666205429016,297.889033730614,295.7875434713918,293.17018750361257,295.7875434713918,294.9592966868419,292.4652222030191,304.61628409474645,292.4652222030191
2013-12-17 02:50:00+01:00,249.70933532714844,300.23834228515625,365.53424072265625,283.7984395018386,292.23404012129146,291.18475154877467,289.61120936398913,291.18475154877467,293.8904841077626,296.79159487779856,294.89114163746655,296.79159487779856
2013-12-17 03:00:00+01:00,278.1053161621094,249.70933532714844,306.302001953125,265.2004822995742,280.814848222348,279.2987150212987,276.13476685271775,279.2987150212987,275.08539478751345,282.1425454312121,277.2861594766357,282.1425454312121
2013-12-17 03:10:00+01:00,289.59515380859375,278.1053161621094,368.0035095214844,271.90623147386583,277.35051803841816,276.24453392833317,274.0682203334757,276.24453392833317,278.30182586393215,286.1532659743202,284.33649264632123,286.1532659743202
2013-12-17 03:20:00+01:00,263.24371337890625,289.59515380859375,428.05596923828125,272.9297331560216,278.1430586836408,277.5419865159247,277.0341551491742,277.5419865159247,271.40060229810194,279.64694370503656,295.0389886504716,279.64694370503656
2013-12-17 03:30:00+01:00,275.8497009277344,263.24371337890625,329.7439270019531,269.4883169256776,273.6269036144932,272.41733934448797,271.5308880557251,272.41733934448797,273.9313289774719,282.79186254680945,276.34764467665315,282.79186254680945
2013-12-17 03:40:00+01:00,302.618408203125,275.8497009277344,380.5074768066406,273.2439884392944,273.56635378311364,272.24400470546124,271.96985099940713,272.24400470546124,274.55390757188826,282.4149785816568,285.1475063764222,282.4149785816568
2013-12-17 03:50:00+01:00,267.3950500488281,302.618408203125,372.6082763671875,283.6947941392501,276.5944416441597,275.7873815450503,276.8656097453126,275.7873815450503,284.5238943360532,283.92202398643957,287.16434551558314,283.92202398643957
2013-12-17 04:00:00+01:00,294.6283264160156,267.3950500488281,317.63250732421875,275.75784288090335,274.50171388219917,273.21445980110684,273.19761714929706,273.21445980110684,266.73028344012016,269.72120799327183,272.88538054135915,269.72120799327183
2013-12-17 04:10:00+01:00,295.62774658203125,294.6283264160156,352.1720886230469,288.6549069916743,277.6933630346239,276.67024915315136,277.0216412873206,276.67024915315136,281.3135554314484,284.2521136775799,290.43649339680906,284.2521136775799
2013-12-17 04:20:00+01:00,270.77685546875,295.62774658203125,325.8515319824219,288.2237664258434,280.3986682525893,279.65856167285733,279.77369536053646,279.65856167285733,275.59794723678993,278.26757432610793,284.87510261087033,278.26757432610793
2013-12-17 04:30:00+01:00,253.19947814941406,270.77685546875,316.4702453613281,283.29987830358726,280.67721634730924,279.447774733104,278.0024112976512,279.447774733104,273.8429620964493,276.6765841013536,281.7872207408054,276.6765841013536
2013-12-17 04:40:00+01:00,297.3525390625,253.19947814941406,343.46044921875,270.12526586521903,280.46734962970044,278.21755963509486,274.89088708843406,278.21755963509486,264.7615452509476,269.09479798246167,277.3741965395392,269.09479798246167
2013-12-17 04:50:00+01:00,271.640380859375,297.3525390625,326.21588134765625,284.2928035640311,284.8301894770888,282.95057700787385,279.86472292998644,282.95057700787385,283.36298670724904,280.25435834739187,287.6668687205608,280.25435834739187
2013-12-17 05:00:00+01:00,261.42620849609375,271.640380859375,295.998291015625,278.75611861098645,285.3914903080748,283.46166767832494,279.0401181415881,283.46166767832494,270.3797737276287,271.2205775015171,280.2959099198731,271.2205775015171
2013-12-17 05:10:00+01:00,315.2352294921875,261.42620849609375,333.8072814941406,279.77037219853884,287.2009972946986,284.8119252473702,279.03352691140384,284.8119252473702,276.6990012324502,276.67254233038125,283.5120930406419,276.67254233038125
2013-12-17 05:20:00+01:00,340.95709228515625,315.2352294921875,332.68109130859375,300.5956741146359,295.4738830375944,293.99954853660154,289.21049886411816,293.99954853660154,287.08073621911507,278.6240188217559,293.0440661786594,278.6240188217559
2013-12-17 05:30:00+01:00,281.9102783203125,340.95709228515625,291.0030212402344,325.35004178433184,305.24432259865256,305.28627774175374,301.5959271223638,305.28627774175374,300.40188384544194,290.6819457551797,303.7700058752809,290.6819457551797
2013-12-17 05:40:00+01:00,331.3453063964844,281.9102783203125,432.3399658203125,316.41932117553444,315.4864179724487,314.90578726307626,309.8392688545145,314.90578726307626,298.8728896222543,296.15846571979966,313.41709030767953,296.15846571979966
2013-12-17 05:50:00+01:00,279.8592529296875,331.3453063964844,462.11578369140625,337.8538256718631,332.7549633233267,331.7094329300041,327.95327323670097,331.7094329300041,320.3456193167347,314.40188151949036,333.21352107561944,314.40188151949036
2013-12-17 06:00:00+01:00,283.45941162109375,279.8592529296875,447.07879638671875,310.7653096647937,341.66894925788796,338.41822571252266,332.9080446989212,338.41822571252266,304.87131069498975,302.1030902360299,313.3587036693264,302.1030902360299
2013-12-17 06:10:00+01:00,337.38726806640625,283.45941162109375,462.56353759765625,315.55766764239286,350.42542559731646,345.2399551616291,337.98405512934283,345.2399551616291,323.93838751555865,320.69864446844997,334.79993635678136,320.69864446844997
2013-12-17 06:20:00+01:00,331.45904541015625,337.38726806640625,366.0852966308594,335.5778778383454,360.52542639155115,355.89772897154825,348.5521515932303,355.89772897154825,333.4097553343196,316.61078096768796,325.84295198969954,316.61078096768796
2013-12-17 06:30:00+01:00,294.9102783203125,331.45904541015625,369.2721252441406,350.0260667049452,370.25300216127556,367.10576242686625,357.92369442078024,367.10576242686625,346.7610509826027,329.5030508494781,342.89069597631004,329.5030508494781
2013-12-17 06:40:00+01:00,379.765869140625,294.9102783203125,395.40631103515625,345.544732233019,376.42258185005284,373.7103135825529,360.17358436552985,373.7103135825529,348.7284719874478,327.8598661931602,343.4940620562563,327.8598661931602
2013-12-17 06:50:00+01:00,342.5234375,379.765869140625,431.4978332519531,384.7341595545521,396.6426071960562,396.8536583586345,382.458608463181,396.8536583586345,396.53843684478363,370.46864502536374,388.4017043993967,370.46864502536374
2013-12-17 07:00:00+01:00,393.17279052734375,342.5234375,398.30889892578125,379.9166723701114,410.45509920271525,412.32931945942664,394.6460556712745,412.32931945942664,384.19549970482103,357.4632410165882,368.19223842710244,357.4632410165882
2013-12-17 07:10:00+01:00,446.5734558105469,393.17279052734375,473.31732177734375,425.8075626962682,436.9817066565931,441.6570102850947,421.86099469702,441.6570102850947,436.0179255042655,417.0990577447661,434.2252674326068,417.0990577447661
2013-12-17 07:20:00+01:00,479.6781005859375,446.5734558105469,459.42938232421875,461.57275794365415,471.42394444387594,479.5234925096161,458.9634518774499,479.5234925096161,451.2458674911237,435.6524933674831,446.7338686863719,435.6524933674831
2013-12-17 07:30:00+01:00,454.89654541015625,479.6781005859375,501.792236328125,512.5307536149425,515.9412997570881,527.3437461114258,505.59886609123856,527.3437461114258,520.665102282583,500.0231218928949,514.8022500285067,500.0231218928949
2013-12-17 07:40:00+01:00,550.1102905273438,454.89654541015625,622.424072265625,526.6320340997659,566.4899711326019,578.6801185580774,552.686627031423,578.6801185580774,567.5652032591037,544.0916149029507,555.1772331796651,544.0916149029507
2013-12-17 07:50:00+01:00,753.2258911132812,550.1102905273438,632.3024291992188,587.0468739163382,632.2428291038614,645.328649035525,617.0790359361499,645.328649035525,667.9755876208791,616.0916005176604,621.4086817089327,616.0916005176604
2013-12-17 08:00:00+01:00,753.5955810546875,753.2258911132812,799.3837890625,713.7662484857182,738.6033928192106,755.2918760957176,731.0333621944048,755.2918760957176,801.7279133440106,780.8437860200887,776.099276778036,780.8437860200887
2013-12-17 08:10:00+01:00,825.6178588867188,753.5955810546875,1072.7003173828125,804.535656298102,865.7701423387397,879.6628554987229,859.7160493476074,879.6628554987229,935.4206349852145,910.5075279227943,915.4688360759221,910.5075279227943
2013-12-17 08:20:00+01:00,969.2273559570312,825.6178588867188,977.50341796875,910.5790711741579,990.9555400277385,995.373196613697,978.2279630947322,995.373196613697,1017.4388281187722,984.2175413168309,973.7877583921922,984.2175413168309
2013-12-17 08:30:00+01:00,1102.4698486328125,969.2273559570312,1091.5457763671875,1012.7819654732549,1124.6270711637808,1118.5001274227893,1100.9986150942043,1118.5001274227893,1148.8398725210313,1100.086933350964,1105.9416240423948,1100.086933350964
2013-12-17 08:40:00+01:00,1151.821533203125,1102.4698486328125,1217.1279296875,1148.1323544248592,1256.0274861607654,1238.5697525166668,1219.43595531842,1238.5697525166668,1269.1980347032816,1214.8997119286482,1236.823860098581,1214.8997119286482
2013-12-17 08:50:00+01:00,1323.1920166015625,1151.821533203125,1303.0552978515625,1257.0080963995022,1365.477979062496,1336.8141716181892,1312.5958067244592,1336.8141716181892,1356.3995301448808,1282.8511564672815,1319.6689269886397,1282.8511564672815
2013-12-17 09:00:00+01:00,1353.7093505859375,1323.1920166015625,1575.001953125,1405.2232900221832,1477.99153426305,1442.09373799607,1413.5272802982133,1442.09373799607,1459.8214036270258,1422.171996213339,1428.2579956120421,1422.171996213339
2013-12-17 09:10:00+01:00,1526.8392333984375,1353.7093505859375,1681.3343505859375,1483.0131380613436,1567.737207905302,1526.7272079004078,1495.6053181968498,1526.7272079004078,1531.5447402264995,1484.7718218838543,1510.0506556439154,1484.7718218838543
2013-12-17 09:20:00+01:00,1520.492919921875,1526.8392333984375,1558.278564453125,1635.7098838677473,1642.0853041067578,1601.4112245153133,1573.136320554918,1601.4112245153133,1633.8435232962224,1573.6400762315611,1599.7360558364735,1573.6400762315611
2013-12-17 09:30:00+01:00,1443.85791015625,1520.492919921875,1637.309814453125,1685.0108166807904,1700.4315719087888,1663.1001142059347,1636.1810401770963,1663.1001142059347,1706.7229411668868,1613.4291515827588,1624.760051264436,1613.4291515827588
2013-12-17 09:40:00+01:00,1733.7271728515625,1443.85791015625,1781.1392822265625,1684.6014550434295,1742.7305155508354,1709.292838001448,1679.441222914335,1709.292838001448,1728.910248145356,1626.694785883238,1622.5218847165454,1626.694785883238
2013-12-17 09:50:00+01:00,1723.3817138671875,1733.7271728515625,1995.1043701171875,1821.2775152972367,1813.6292925559367,1788.9147625909172,1763.2682998196449,1788.9147625909172,1871.5767962757882,1784.0878755786982,1754.3473531579368,1784.0878755786982
2013-12-17 10:00:00+01:00,1592.9744873046875,1723.3817138671875,1961.1566162109375,1863.9484145983251,1871.129818395111,1852.6473763898657,1837.507309826588,1852.6473763898657,1906.3744017635352,1803.6858759726708,1812.42329641045,1803.6858759726708
2013-12-17 10:10:00+01:00,1676.85302734375,1592.9744873046875,2290.391845703125,1859.8151084034089,1921.9808387228375,1907.2650052077872,1894.339811760155,1907.2650052077872,1963.2679605666153,1858.3740372540249,1830.486141255886,1858.3740372540249
2013-12-17 10:20:00+01:00,2029.139892578125,1676.85302734375,2023.5179443359375,1866.4711093568899,1958.6475685417258,1946.5412912346055,1937.1838754072853,1946.5412912346055,2017.7392982006972,1884.3384865391313,1886.4561596096578,1884.3384865391313
2013-12-17 10:30:00+01:00,1878.1978759765625,2029.139892578125,2260.13720703125,2032.2236872354324,2033.7365774658515,2030.767574786495,2029.2210884444053,2030.767574786495,2136.9944392505004,2048.652615170093,1997.959070242025,2048.652615170093
2013-12-17 10:40:00+01:00,2047.5850830078125,1878.1978759765625,2472.3642578125,2053.250157584151,2096.803781652735,2097.1699109022907,2104.0498562779303,2097.1699109022907,2183.758355095028,2065.2733415103444,2016.6379988133983,2065.2733415103444
2013-12-17 10:50:00+01:00,2180.449951171875,2047.5850830078125,2301.19921875,2190.9963835181275,2157.613795601,2163.0813810814752,2179.3758151841575,2163.0813810814752,2251.1915084819225,2134.040285175857,2079.6689777680613,2134.040285175857
2013-12-17 11:00:00+01:00,2260.443115234375,2180.449951171875,2286.611572265625,2253.312333378987,2221.5788167643063,2233.631867858194,2258.7534300384605,2233.631867858194,2291.529668465245,2201.981405651857,2120.240957979018,2201.981405651857
2013-12-17 11:10:00+01:00,2108.244384765625,2260.443115234375,2466.0419921875,2360.5322038706004,2292.1517047637726,2311.894916786875,2344.094925011758,2311.894916786875,2403.4504208706144,2303.9464777449175,2213.2695297482746,2303.9464777449175
2013-12-17 11:20:00+01:00,2238.887451171875,2108.244384765625,2453.964111328125,2318.8730123859386,2339.6691010409754,2361.4535248480156,2394.7134409950368,2361.4535248480156,2430.499017490521,2286.4361813603036,2195.7972469357933,2286.4361813603036
2013-12-17 11:30:00+01:00,2177.577392578125,2238.887451171875,2577.373779296875,2361.33316925044,2395.21653356662,2421.6712548765518,2451.3382863418537,2421.6712548765518,2487.9152159420364,2377.274210284676,2234.56334398137,2377.274210284676
2013-12-17 11:40:00+01:00,2299.40087890625,2177.577392578125,2892.697998046875,2311.609081191911,2450.275746554343,2477.4007598404687,2500.320627728164,2477.4007598404687,2543.141492406127,2417.4490251234106,2264.9121183058587,2417.4490251234106
2013-12-17 11:50:00+01:00,2414.3125,2299.40087890625,2647.21435546875,2383.0011720045422,2495.282718077064,2522.642362321855,2540.8924663397106,2522.642362321855,2592.42564215687,2456.257068445691,2330.624170898568,2456.257068445691
2013-12-17 12:00:00+01:00,2392.452392578125,2414.3125,2526.614501953125,2445.7493769219545,2538.0254626515134,2567.268971900107,2580.8667132405867,2567.268971900107,2615.8718663459713,2494.1529701192726,2369.7757456264244,2494.1529701192726
2013-12-17 12:10:00+01:00,2683.226806640625,2392.452392578125,2653.1787109375,2482.0730663889276,2578.8503823944275,2609.813296750046,2616.163910740758,2609.813296750046,2672.826400785868,2551.1543038052823,2420.500326956246,2551.1543038052823
2013-12-17 12:20:00+01:00,2642.99658203125,2683.226806640625,2747.950439453125,2644.274103483762,2637.799416900521,2676.9348859312868,2680.3609081421696,2676.9348859312868,2741.2613942657435,2637.607647306947,2511.1794574199475,2637.607647306947
2013-12-17 12:30:00+01:00,2447.843017578125,2642.99658203125,3244.12744140625,2677.891426007174,2705.235104954772,2749.6886164105335,2750.136458559921,2749.6886164105335,2822.6064384891865,2744.7688623863705,2596.116457127986,2744.7688623863705
2013-12-17 12:40:00+01:00,2542.86376953125,2447.843017578125,2985.628173828125,2629.502577134822,2735.730295279903,2776.5154193546605,2770.7532594360773,2776.5154193546605,2757.0487631719698,2664.2697957450123,2512.980950230102,2664.2697957450123
2013-12-17 12:50:00+01:00,2836.182373046875,2542.86376953125,2954.06494140625,2621.1727571971824,2765.8760914747722,2805.878719276971,2787.575047064095,2805.878719276971,2824.9358047821597,2741.2177986707966,2631.236248586217,2741.2177986707966
2013-12-17 13:00:00+01:00,2705.467529296875,2836.182373046875,3111.739013671875,2739.5381983223183,2817.3974037234675,2862.8955630872174,2835.505297394466,2862.8955630872174,2892.0760661697886,2827.4881219674476,2718.921080739781,2827.4881219674476
2013-12-17 13:10:00+01:00,2972.26123046875,2705.467529296875,3155.803466796875,2760.907211308258,2853.388878382131,2898.3005448544754,2863.819017924167,2898.3005448544754,2950.069650825078,2826.5445614643972,2782.3550692406498,2826.5445614643972
2013-12-17 13:20:00+01:00,3007.295654296875,2972.26123046875,3160.28076171875,2934.0809301477243,2899.3360155942714,2950.682053481599,2909.3072674033315,2950.682053481599,2987.2521944591344,2894.7718274085073,2897.0673833287788,2894.7718274085073
2013-12-17 13:30:00+01:00,3013.3505859375,3007.295654296875,3194.454833984375,2979.45079189571,2941.5776901997874,2997.778917733179,2951.10959194024,2997.778917733179,3023.41233182642,2927.892890530574,2953.7102857599666,2927.892890530574
2013-12-17 13:40:00+01:00,3133.4560546875,3013.3505859375,3238.298583984375,3054.042494731304,2977.2924315500463,3038.0644926168884,2984.24783008615,3038.0644926168884,3071.6712620946664,2962.4682250721517,3000.3606162427454,2962.4682250721517
2013-12-17 13:50:00+01:00,2863.87744140625,3133.4560546875,3301.320068359375,3124.203786577379,3014.909817490337,3082.431069266268,3020.3950052202676,3082.431069266268,3093.7208279280494,2975.587150684181,3027.34039334975,2975.587150684181
2013-12-17 14:00:00+01:00,3008.37744140625,2863.87744140625,3310.846435546875,3013.7758943767294,3027.8118658061444,3093.0554313774564,3020.514779572232,3093.0554313774564,3072.5969898607555,2947.085322146773,2964.571908542379,2947.085322146773
2013-12-17 14:10:00+01:00,2890.12060546875,3008.37744140625,3209.6181640625,3056.343100317051,3040.459511452017,3107.8902910350093,3022.6871371161033,3107.8902910350093,3081.771600791759,2974.091377560206,3007.777061179256,2974.091377560206
2013-12-17 14:20:00+01:00,2734.47119140625,2890.12060546875,3132.463623046875,2967.35801050551,3039.323125242738,3103.8978137486442,3007.6692836567795,3103.8978137486442,3074.3511804628447,2948.6019252725805,2963.177753008017,2948.6019252725805
2013-12-17 14:30:00+01:00,2544.754150390625,2734.47119140625,3463.69580078125,2893.2664717221087,3036.086439891026,3096.3464348090365,2985.6799528210804,3096.3464348090365,3086.862265271548,2934.179885105395,2919.3100867808407,2934.179885105395
2013-12-17 14:40:00+01:00,2736.846923828125,2544.754150390625,2919.7890625,2731.9832036824664,2994.6037773591383,3041.5696244643173,2921.089005469647,3041.5696244643173,2985.205482230519,2790.141451168295,2821.515609732814,2790.141451168295
2013-12-17 14:50:00+01:00,2691.2998046875,2736.846923828125,3138.539306640625,2753.8525839334798,2980.5329410636105,3025.5717754172224,2893.031336947878,3025.5717754172224,2992.382067172255,2843.1261899771985,2832.091612986168,2843.1261899771985
2013-12-17 15:00:00+01:00,2396.327880859375,2691.2998046875,2834.923828125,2728.6159569466276,2951.231495931299,2989.780679362913,2855.6404227776543,2989.780679362913,2946.0869574341073,2734.2774005648002,2791.0725756064007,2734.2774005648002
2013-12-17 15:10:00+01:00,2737.608154296875,2396.327880859375,3187.36962890625,2605.5234539377284,2914.779782863042,2944.242044504356,2803.6863738493703,2944.242044504356,2935.9781702892897,2712.4208423774835,2721.119386417724,2712.4208423774835
2013-12-17 15:20:00+01:00,2477.288818359375,2737.608154296875,3031.560302734375,2702.2950450810918,2898.26911830693,2928.7632031617513,2788.0287696197265,2928.7632031617513,2908.4913912912625,2724.4438104077867,2750.914462964437,2724.4438104077867
2013-12-17 15:30:00+01:00,2892.68994140625,2477.288818359375,2918.21435546875,2573.8693668844076,2860.2203199089913,2882.085872006836,2745.4242830422954,2882.085872006836,2821.430238039572,2643.699864253504,2687.3390573312904,2643.699864253504
2013-12-17 15:40:00+01:00,2803.81201171875,2892.68994140625,2935.790771484375,2800.2873259450944,2854.2411788958725,2883.029507772967,2751.425014729133,2883.029507772967,2864.0227917261786,2701.633611901926,2768.5649045107643,2701.633611901926
2013-12-17 15:50:00+01:00,2902.22216796875,2803.81201171875,2772.834228515625,2782.1846573472367,2836.1109128951134,2865.976087879637,2745.9051755246455,2865.976087879637,2793.830882600819,2626.2218624730563,2716.048210319708,2626.2218624730563
2013-12-17 16:00:00+01:00,2747.32568359375,2902.22216796875,2844.5390625,2904.723232551697,2826.622206473997,2863.8172434699522,2752.391827903239,2863.8172434699522,2822.736153620735,2671.4085562108703,2744.7963574275736,2671.4085562108703
2013-12-17 16:10:00+01:00,3124.10498046875,2747.32568359375,2766.815673828125,2818.936411802947,2801.71070536602,2841.164695854196,2737.8353099566116,2841.164695854196,2767.3320528730196,2618.050691989724,2710.3406788245525,2618.050691989724
2013-12-17 16:20:00+01:00,3048.263671875,3124.10498046875,3089.22314453125,2984.3129568029626,2812.460815156046,2867.5859981535355,2769.3469764062825,2867.5859981535355,2885.3357187395736,2754.1779998767956,2795.3604432684792,2754.1779998767956
2013-12-17 16:30:00+01:00,3095.51953125,3048.263671875,2774.175537109375,2983.7748155669137,2802.3739301640194,2863.5286135481424,2777.924480601979,2863.5286135481424,2795.6658784257393,2667.152921345818,2732.7756069659627,2667.152921345818
2013-12-17 16:40:00+01:00,3181.46875,3095.51953125,2913.95361328125,3067.2757450897725,2798.4350810068963,2870.066281345081,2790.3422895621447,2870.066281345081,2853.1301735948928,2712.933778207599,2771.555125809062,2712.933778207599
2013-12-17 16:50:00+01:00,2941.134033203125,3181.46875,2843.841796875,3090.0123628817655,2793.0453601062363,2875.0228917240283,2801.8038714524496,2875.0228917240283,2823.428262685966,2698.362926629083,2768.5609017857096,2698.362926629083
2013-12-17 17:00:00+01:00,2902.80810546875,2941.134033203125,2853.480712890625,2985.859142632603,2769.9790861316787,2855.8465640313257,2785.040051171525,2855.8465640313257,2830.917893000366,2689.3893534489557,2768.283870086676,2689.3893534489557
2013-12-17 17:10:00+01:00,2714.873779296875,2902.80810546875,2829.64453125,2920.4649098734203,2740.765464507839,2830.6027615531625,2758.235163034198,2830.6027615531625,2783.8677122929803,2636.1866985475913,2716.7924461207,2636.1866985475913
2013-12-17 17:20:00+01:00,3030.499755859375,2714.873779296875,2822.575439453125,2753.2650535060957,2697.7761282201086,2786.6324269142433,2710.1766632610684,2786.6324269142433,2741.1441972911025,2575.4588414115374,2667.639392949883,2575.4588414115374
2013-12-17 17:30:00+01:00,2599.423095703125,3030.499755859375,2781.0361328125,2845.1490676048957,2674.40960132696,2771.171620446822,2694.060473649046,2771.171620446822,2747.4646854610496,2601.9403597788883,2692.731198422872,2601.9403597788883
2013-12-17 17:40:00+01:00,2843.512939453125,2599.423095703125,2717.213134765625,2645.437388383747,2620.0448975240465,2711.3941415056156,2633.78932449958,2711.3941415056156,2672.298967484419,2469.7133665664196,2599.3314379302815,2469.7133665664196
2013-12-17 17:50:00+01:00,2552.37109375,2843.512939453125,2600.11376953125,2730.4878941546126,2579.0506661417216,2674.5482519233965,2597.23121649061,2674.5482519233965,2666.896223497955,2490.336225012223,2608.9129829852163,2490.336225012223
2013-12-17 18:00:00+01:00,2385.382080078125,2552.37109375,2694.79345703125,2535.8197184709097,2524.333194825947,2617.584883876158,2538.7563304292257,2617.584883876158,2577.50978731096,2374.0194345878595,2522.131270041035,2374.0194345878595
2013-12-17 18:10:00+01:00,2270.155029296875,2385.382080078125,2531.378173828125,2431.986002346837,2451.965193190208,2539.38853815685,2458.1430584892823,2539.38853815685,2509.3196511152105,2316.9465049265314,2452.3584843145204,2316.9465049265314
2013-12-17 18:20:00+01:00,2145.78076171875,2270.155029296875,2527.05078125,2270.735729818908,2375.5385603032296,2457.6473130255317,2371.1246528688857,2457.6473130255317,2438.3688329942042,2219.7623756848834,2370.443738267555,2219.7623756848834
2013-12-17 18:30:00+01:00,2272.686767578125,2145.78076171875,2394.353515625,2141.244523256586,2289.4943189489586,2363.991015634233,2273.5905973228387,2363.991015634233,2368.892150095969,2147.8450839462485,2280.970700462366,2147.8450839462485
2013-12-17 18:40:00+01:00,2324.882080078125,2272.686767578125,2249.61767578125,2143.851738171706,2216.171253670156,2288.4428153038743,2199.6477286166223,2288.4428153038743,2277.9761712292584,2073.483140735123,2236.287494583112,2073.483140735123
2013-12-17 18:50:00+01:00,2225.73193359375,2324.882080078125,1996.8153076171875,2159.805963458409,2144.3481099441715,2214.216758306236,2134.9791988855786,2214.216758306236,2216.879419875492,2011.0654185671508,2196.7804486838086,2011.0654185671508
2013-12-17 19:00:00+01:00,2236.897216796875,2225.73193359375,2160.415771484375,2143.778850947707,2080.7678250049144,2152.784043524951,2078.676657486579,2152.784043524951,2175.396672149204,1982.4795601195308,2138.1891479825676,1982.4795601195308
2013-12-17 19:10:00+01:00,2005.5433349609375,2236.897216796875,2140.319580078125,2132.4301732428853,2023.0912025926002,2097.9512218862965,2032.3197520843366,2097.9512218862965,2141.085134301799,1938.2487125402613,2096.467488521035,1938.2487125402613
2013-12-17 19:20:00+01:00,1953.8909912109375,2005.5433349609375,2136.716796875,1994.6195595883316,1953.2187121678237,2025.2179880246474,1963.8681687486496,2025.2179880246474,2045.171203910154,1836.0795718027937,1997.890354354358,1836.0795718027937
2013-12-17 19:30:00+01:00,1802.57763671875,1953.8909912109375,2046.572265625,1918.3953595396251,1881.9727089953733,1950.066967814986,1891.3995536643984,1950.066967814986,1975.0326477881233,1787.4203528797632,1927.2284613746513,1787.4203528797632
2013-12-17 19:40:00+01:00,1852.41943359375,1802.57763671875,1731.4649658203125,1781.8416976014196,1792.3105851596372,1849.2069184878033,1792.9978192100828,1849.2069184878033,1824.9021072928642,1657.9429351383778,1802.1111915085314,1657.9429351383778
2013-12-17 19:50:00+01:00,1696.9373779296875,1852.41943359375,1756.636474609375,1759.4510852326102,1719.2948396243366,1772.3599815343175,1716.1680985506182,1772.3599815343175,1792.154343972709,1647.1662182372504,1789.6135422876496,1647.1662182372504
2013-12-17 20:00:00+01:00,1606.59228515625,1696.9373779296875,1688.59130859375,1658.8078290041822,1640.2629024176285,1686.7855526063925,1630.601567262289,1686.7855526063925,1689.247884379459,1540.6264449638286,1694.1971550486146,1540.6264449638286
2013-12-17 20:10:00+01:00,1590.603759765625,1606.59228515625,1625.3927001953125,1588.9848696108425,1561.710625335398,1601.9253525285073,1544.8314746007554,1601.9253525285073,1627.845280604612,1487.197279448933,1631.6729927775339,1487.197279448933
2013-12-17 20:20:00+01:00,1446.0181884765625,1590.603759765625,1324.36767578125,1527.675228706975,1479.3647646710697,1511.0555623691937,1458.0450301205278,1511.0555623691937,1517.2629092706093,1410.7982956870514,1576.070344652491,1410.7982956870514
2013-12-17 20:30:00+01:00,1323.7642822265625,1446.0181884765625,1316.6861572265625,1431.8106168036552,1398.4405276133411,1424.022413468796,1369.585993063701,1424.022413468796,1449.4950318509593,1353.1000347925622,1495.631892144628,1353.1000347925622
2013-12-17 20:40:00+01:00,1351.180908203125,1323.7642822265625,1236.93212890625,1335.1966104316257,1316.2137929901335,1336.1953931015323,1279.6645982406528,1336.1953931015323,1358.6912552753952,1269.1872496575793,1397.8693103518526,1269.1872496575793
2013-12-17 20:50:00+01:00,1179.26953125,1351.180908203125,1163.24853515625,1291.7768937398457,1247.7609490565774,1265.7596302703805,1211.3908729240798,1265.7596302703805,1304.538816981843,1234.0906186204124,1352.872550322064,1234.0906186204124
2013-12-17 21:00:00+01:00,1079.566162109375,1179.26953125,1774.6015625,1185.1148763231731,1201.392113222603,1224.1731020059406,1165.5498781132694,1224.1731020059406,1282.7130291085389,1190.3617367033241,1261.197296415144,1190.3617367033241
2013-12-17 21:10:00+01:00,1028.0623779296875,1079.566162109375,1287.5081787109375,1102.890061602594,1135.4401094890811,1152.927343719225,1099.7175460094193,1152.927343719225,1181.470631970781,1088.6967651490136,1157.4999300379498,1088.6967651490136
2013-12-17 21:20:00+01:00,1090.8692626953125,1028.0623779296875,1242.5880126953125,1020.9461647047781,1073.8866529130992,1088.3520172450078,1036.6002299505385,1088.3520172450078,1108.777834662567,1039.4406051251906,1097.2635659130246,1039.4406051251906
2013-12-17 21:30:00+01:00,956.1571655273438,1090.8692626953125,1261.86083984375,1017.4607667967665,1029.8615017941715,1046.0564321605502,998.4520092280768,1046.0564321605502,1090.981678975855,1029.955174213908,1082.1419562835497,1029.955174213908
2013-12-17 21:40:00+01:00,862.85888671875,956.1571655273438,1022.1286010742188,951.8453592398887,972.3605247941863,985.9951511425481,942.8216443128856,985.9951511425481,992.6243870339359,938.4655749195252,1004.1625318023417,938.4655749195252
2013-12-17 21:50:00+01:00,919.1082153320312,862.85888671875,1066.5682373046875,887.9641765109302,918.317816229307,931.169345114006,887.3821877803697,931.169345114006,939.0717711247875,898.3890270900513,929.1253987766335,898.3890270900513
2013-12-17 22:00:00+01:00,801.891357421875,919.1082153320312,1007.3861694335938,867.5528029754555,877.5553351395977,892.2665551931092,851.3636794379867,892.2665551931092,907.3409827855248,867.5147985826264,910.4274076692675,867.5147985826264
2013-12-17 22:10:00+01:00,840.0254516601562,801.891357421875,1131.533447265625,800.5258866546237,838.9457806274576,855.0872692778753,814.6709915346335,855.0872692778753,849.5409264767022,834.371123155513,854.3626054228555,834.371123155513
2013-12-17 22:20:00+01:00,779.9642944335938,840.0254516601562,911.0455932617188,804.7233934323787,803.1211519845931,819.6488577639241,783.8277678789169,819.6488577639241,827.9037928562864,794.8502607915583,821.6569266126551,794.8502607915583
2013-12-17 22:30:00+01:00,783.5628051757812,779.9642944335938,877.73828125,757.5113882270134,767.6064640002887,784.372166204166,750.7572709232011,784.372166204166,773.3175388684849,749.4572382233816,780.3370909108876,749.4572382233816
2013-12-17 22:40:00+01:00,769.184326171875,783.5628051757812,916.1454467773438,753.1109624904407,741.2792126815635,759.6493896260037,728.5310227577427,759.6493896260037,762.6408472254576,749.2487136926346,770.0905219502021,749.2487136926346
2013-12-17 22:50:00+01:00,724.575439453125,769.184326171875,1263.0489501953125,732.7128644602154,730.9683751870989,753.1278026088079,724.7841866675158,753.1278026088079,735.7763740474498,748.120669894528,764.5030699194688,748.120669894528
2013-12-17 23:00:00+01:00,680.9917602539062,724.575439453125,896.8782958984375,707.3355215209983,706.3431347282849,726.6540850846302,702.4691845280732,726.6540850846302,700.02522612077,686.3074280306365,706.1717756521687,686.3074280306365
2013-12-17 23:10:00+01:00,609.126220703125,680.9917602539062,1194.1348876953125,672.4385430595648,690.4214541884159,711.4630462952745,686.826605872968,711.4630462952745,670.8299890950403,675.9021539601885,700.2745983635967,675.9021539601885
2013-12-17 23:20:00+01:00,687.9436645507812,609.126220703125,1122.802001953125,617.536857749387,665.4066654194106,684.3813775335001,657.4307906766002,684.3813775335001,649.8574936421608,624.6996421670584,650.5910802438777,624.6996421670584
2013-12-17 23:30:00+01:00,579.219970703125,687.9436645507812,827.64404296875,630.4235260797216,640.727549387863,659.3926281874541,632.5521923605487,659.3926281874541,633.6548674592167,610.0012454856203,630.73372088203,610.0012454856203
2013-12-17 23:40:00+01:00,560.5220947265625,579.219970703125,590.85205078125,578.1042861226994,598.6805127382056,614.5033116299642,583.0945589079013,614.5033116299642,574.4395149098837,538.1552400112156,571.3270513897988,538.1552400112156
2013-12-17 23:50:00+01:00,585.937744140625,560.5220947265625,575.174072265625,562.0693962371679,561.9241391677906,577.073978794471,540.6682924858159,577.073978794471,565.00737816495,527.6089970995675,560.9402618588504,527.6089970995675
2013-12-18 00:00:00+01:00,543.773681640625,585.937744140625,763.3271484375,548.0046417635805,543.1573583183979,561.0145202102477,523.5705245936853,561.0145202102477,552.8491523838939,523.7584682352796,559.3100993459448,523.7584682352796
2013-12-18 00:10:00+01:00,489.55950927734375,543.773681640625,638.1712036132812,528.4497691425694,520.7991052529144,538.4305686536543,502.69006988913844,538.4305686536543,521.852640575794,506.65954788542547,530.5305135557771,506.65954788542547
2013-12-18 00:20:00+01:00,539.0692749023438,489.55950927734375,511.843017578125,497.6754061619612,492.52389249321993,507.89746619115994,473.41894073315837,507.89746619115994,488.49320709675607,463.6706893084996,500.90389113604084,463.6706893084996
2013-12-18 00:30:00+01:00,504.4429931640625,539.0692749023438,493.0200500488281,501.4570772097027,474.364962115977,490.3883149772988,459.5143965541012,490.3883149772988,490.9474188291458,469.6924183249152,503.88971950083584,469.6924183249152
2013-12-18 00:40:00+01:00,474.9078063964844,504.4429931640625,541.55615234375,483.4358273454063,460.17817712942735,476.6647985692549,449.6254885353003,476.6647985692549,466.0798543821034,455.5948786683152,488.8958821954777,455.5948786683152
2013-12-18 00:50:00+01:00,456.41156005859375,474.9078063964844,465.8863525390625,472.2548546192768,443.9466904327819,459.12131305760755,435.8652171944566,459.12131305760755,449.97563496636394,443.3569349027983,469.05601843257324,443.3569349027983
2013-12-18 01:00:00+01:00,410.782958984375,456.41156005859375,442.6639709472656,449.8863485460109,428.6261016498183,442.54239785262365,422.4164507683631,442.54239785262365,434.8453750224584,421.2011274713367,451.6520587374636,421.2011274713367
2013-12-18 01:10:00+01:00,379.65802001953125,410.782958984375,481.8441467285156,417.209606321049,413.48380312117655,425.6175535140711,407.40646895234516,425.6175535140711,417.4051841968895,410.05708361894403,431.44932164150964,410.05708361894403
2013-12-18 01:20:00+01:00,401.63037109375,379.65802001953125,439.98602294921875,388.3495451298571,395.76421332468533,405.46426245136166,388.5146797377752,405.46426245136166,394.66668219447,392.0281887754226,407.8103162311045,392.0281887754226
2013-12-18 01:30:00+01:00,409.8603820800781,401.63037109375,452.7424621582031,383.3944616520028,383.82634219096565,393.25248366630734,378.96929436445885,393.25248366630734,386.9682831021202,389.6914470498033,404.9067825635838,389.6914470498033
2013-12-18 01:40:00+01:00,410.0241394042969,409.8603820800781,507.97772216796875,385.27866116840795,377.2483543451567,387.5554331699115,376.82153253639336,387.5554331699115,386.10746342978723,383.4659525220726,402.9791533870163,383.4659525220726
2013-12-18 01:50:00+01:00,413.1297912597656,410.0241394042969,409.5478210449219,392.19164860420625,368.80796556530447,379.48628065400663,371.84376110028705,379.48628065400663,375.5763750258269,371.91020006461224,390.39539091410603,371.91020006461224
2013-12-18 02:00:00+01:00,381.0714111328125,413.1297912597656,407.858154296875,395.70618957541103,363.0872288649715,374.74882214215467,369.5125287501199,374.74882214215467,371.9544351162681,365.7607665268017,385.8220396776299,365.7607665268017
2013-12-18 02:10:00+01:00,370.3176574707031,381.0714111328125,411.84417724609375,380.8454435630903,356.332635904038,367.94203752735325,363.4054927346562,367.94203752735325,365.5719613067012,363.38739868828407,376.69202422888884,363.38739868828407
2013-12-18 02:20:00+01:00,391.4158630371094,370.3176574707031,397.2263488769531,369.6659914766452,349.52730302435987,360.72570996648994,356.20694253535044,360.72570996648994,358.2169001357949,354.2468826940467,368.98384697620315,354.2468826940467
2013-12-18 02:30:00+01:00,339.1483154296875,391.4158630371094,432.5632019042969,371.101433652911,347.69545918769717,359.77984735169827,356.0967021948942,359.77984735169827,359.85337491276357,356.00105295519916,374.3038212528736,356.00105295519916
2013-12-18 02:40:00+01:00,343.98822021484375,339.1483154296875,366.8083190917969,347.57697481667833,338.582282886832,349.3815406964346,344.0954229899175,349.3815406964346,338.9448143750764,335.1207451054413,345.8887297812918,335.1207451054413
2013-12-18 02:50:00+01:00,354.6265869140625,343.98822021484375,337.3331604003906,343.8150701921412,330.503967197904,340.71809348295716,334.20767971201406,340.71809348295716,337.32334494270384,331.61677916510234,346.5979944014635,331.61677916510234
2013-12-18 03:00:00+01:00,349.9417419433594,354.6265869140625,384.66998291015625,339.33612274203045,327.2333233703613,338.21120840561395,331.37956171953266,338.21120840561395,335.03949083409924,330.6156181169926,347.2370906697353,330.6156181169926
2013-12-18 03:10:00+01:00,357.0931701660156,349.9417419433594,411.0357971191406,340.8436150957312,325.6475161405834,337.22060834560136,330.32893373792047,337.22060834560136,333.5518779084619,333.69326620488334,350.3680376505962,333.69326620488334
2013-12-18 03:20:00+01:00,353.474365234375,357.0931701660156,426.8201904296875,346.18318295156485,326.21370378024216,338.43718233852553,331.971840042549,338.43718233852553,330.76093697684723,331.5085326465809,350.67518314343545,331.5085326465809
2013-12-18 03:30:00+01:00,323.44744873046875,353.474365234375,294.39007568359375,345.46748579054196,321.3662546220415,333.4216656221614,326.67754893761065,333.4216656221614,327.41696012977354,319.84635109792686,334.56408602805163,319.84635109792686
2013-12-18 03:40:00+01:00,330.1956787109375,323.44744873046875,346.5054016113281,331.8160167424944,317.7228183363296,329.43273977170526,321.02685778207194,329.43273977170526,320.7256451353977,316.6135023632931,330.39180650332867,316.6135023632931
2013-12-18 03:50:00+01:00,333.8312072753906,330.1956787109375,276.824951171875,328.759639327854,312.77763593124234,324.045813815861,314.6456526807075,324.045813815861,319.7579612594811,313.64778945913173,323.42288697575896,313.64778945913173
2013-12-18 04:00:00+01:00,349.3402404785156,333.8312072753906,303.039306640625,326.27566318193055,311.31776396756555,323.0772098231739,312.8581729094097,323.0772098231739,317.0198091046281,311.96412935282797,324.14770365900984,311.96412935282797
2013-12-18 04:10:00+01:00,332.1836242675781,349.3402404785156,341.1050109863281,337.16447528878325,314.50967263472234,327.34288975719244,317.2414887188866,327.34288975719244,319.5095139794902,321.80423305090284,334.72309180243155,321.80423305090284
2013-12-18 04:20:00+01:00,342.7267150878906,332.1836242675781,278.1607666015625,333.9941277919317,313.741351185095,326.21880446292295,315.6839472686923,326.21880446292295,314.72878768958276,310.5073669721086,323.0735632155461,310.5073669721086
2013-12-18 04:30:00+01:00,374.74505615234375,342.7267150878906,301.1710510253906,340.3252791273047,316.7097170408945,329.3991758574894,318.7132733592131,329.3991758574894,318.8458811500464,318.8622917622457,332.8107151384398,318.8622917622457
2013-12-18 04:40:00+01:00,368.853271484375,374.74505615234375,327.8418273925781,355.85103591123334,325.1140869475906,339.0436165295229,329.25789689066795,339.0436165295229,327.52017801422494,328.80272366549025,343.86322570507696,328.80272366549025
2013-12-18 04:50:00+01:00,359.9599609375,368.853271484375,296.3528137207031,364.36166248990276,331.96269681200806,346.11143321836386,336.7505903856132,346.11143321836386,332.69288233592073,330.16288113767,342.02967667231445,330.16288113767
2013-12-18 05:00:00+01:00,320.0647277832031,359.9599609375,306.2347717285156,368.016815735662,339.3047116576806,352.9406863070538,343.2279048425574,352.9406863070538,335.8103573465257,329.54358630288516,341.159509930849,329.54358630288516
2013-12-18 05:10:00+01:00,361.5439147949219,320.0647277832031,311.8100280761719,345.9208381783581,342.4473652374471,353.68165138795297,342.00106511923076,353.68165138795297,330.210677699018,324.50893806732245,331.95778157003326,324.50893806732245
2013-12-18 05:20:00+01:00,344.9346618652344,361.5439147949219,314.4833984375,358.7407055735269,350.61797220155273,361.09334049211594,349.3123528526591,361.09334049211594,339.4059377087377,333.89635079897147,344.1026549542945,333.89635079897147
2013-12-18 05:30:00+01:00,401.5830383300781,344.9346618652344,297.3431701660156,352.9088693021943,355.6253020090256,364.9276602199349,352.1830751791058,364.9276602199349,335.78518496733363,327.37824483487253,337.22127173814187,327.37824483487253
2013-12-18 05:40:00+01:00,397.4718933105469,401.5830383300781,302.524658203125,390.5453386518357,368.2172411666846,378.2983131195447,366.6083305118169,378.2983131195447,358.6781359781898,345.3792029964882,360.7095786455768,345.3792029964882
2013-12-18 05:50:00+01:00,396.86322021484375,397.4718933105469,293.94158935546875,400.72301792414663,380.6564168660761,391.0291668054881,379.8097984514164,391.0291668054881,358.52288983678835,343.392900214417,362.6553631093602,343.392900214417
2013-12-18 06:00:00+01:00,346.3753967285156,396.86322021484375,298.2731018066406,417.13334560796756,394.5337518896918,404.4046790807141,393.1231613177263,404.4046790807141,376.1493214585139,361.48083984476943,378.94956460900323,361.48083984476943
2013-12-18 06:10:00+01:00,356.57952880859375,346.3753967285156,323.27947998046875,392.09444597213576,403.8224487450695,410.89008739468966,396.89259598153876,410.89008739468966,368.28349136706686,357.86374832994625,368.2815471470217,357.86374832994625
2013-12-18 06:20:00+01:00,357.7287902832031,356.57952880859375,276.3125915527344,389.65050882163973,410.20189548085995,414.4134551209489,398.45256994411835,414.4134551209489,382.9813729361216,364.8421839513041,377.32610596219513,364.8421839513041
2013-12-18 06:30:00+01:00,379.6343078613281,357.7287902832031,346.87347412109375,384.53192181576765,421.60216798511397,424.38728941300167,405.87748785117725,424.38728941300167,382.90487658968914,372.3414941026538,382.7905964592764,372.3414941026538
2013-12-18 06:40:00+01:00,361.9119873046875,379.6343078613281,370.59259033203125,403.0358495946194,437.0715107693331,439.02783598437213,419.8632345410898,439.02783598437213,408.15795947324824,395.6458186221545,407.1151151416546,395.6458186221545
2013-12-18 06:50:00+01:00,413.2210998535156,361.9119873046875,330.0849609375,402.93891208918507,446.24798328846634,446.3845765770866,426.1593789465858,446.3845765770866,402.6628706669038,383.31905048885915,392.96500463350276,383.31905048885915
2013-12-18 07:00:00+01:00,403.9544372558594,413.2210998535156,414.7220458984375,436.28225069509807,469.22729457667054,469.8860437277033,450.1659933896008,469.8860437277033,449.35299170293496,434.49818673154533,450.96611531231093,434.49818673154533
2013-12-18 07:10:00+01:00,471.1231689453125,403.9544372558594,498.2012939453125,443.6491724123675,496.2614364654633,496.5413086916818,477.36211425144813,496.5413086916818,465.53509389395924,452.86696598106107,472.0946839061323,452.86696598106107
2013-12-18 07:20:00+01:00,481.87420654296875,471.1231689453125,507.0248718261719,496.21450050062043,533.8289740286141,534.4218900242591,519.1875124282219,534.4218900242591,525.0357197094613,511.4644901619522,524.9373843793235,511.4644901619522
2013-12-18 07:30:00+01:00,486.9402770996094,481.87420654296875,500.81402587890625,521.2901574812684,572.6666343463066,572.9151500628924,560.7896577698616,572.9151500628924,548.5984173085855,524.1673290996773,542.0900753240824,524.1673290996773
2013-12-18 07:40:00+01:00,624.4268798828125,486.9402770996094,577.8698120117188,550.2421620528521,617.2580691749569,616.5718281340949,604.5620897954594,616.5718281340949,609.1461663099799,582.7412618709532,595.1610637271918,582.7412618709532
2013-12-18 07:50:00+01:00,638.6378173828125,624.4268798828125,648.3633422851562,633.3449800252783,686.2869585474222,687.5815125567314,679.7422845733919,687.5815125567314,703.4926664942345,690.0432229746217,720.684829880052,690.0432229746217
2013-12-18 08:00:00+01:00,813.0422973632812,638.6378173828125,706.6959838867188,683.413327746911,761.5679809237395,763.0339483994691,757.352746192345,763.0339483994691,797.0115324597956,757.571686858656,792.9464744231567,757.571686858656
2013-12-18 08:10:00+01:00,815.5121459960938,813.0422973632812,896.7079467773438,826.1655440062766,873.6044358352432,876.9014488326033,876.5032405684517,876.9014488326033,944.6476906459698,916.2231712730095,965.6344807856022,916.2231712730095
2013-12-18 08:20:00+01:00,925.614501953125,815.5121459960938,914.4140625,882.5287306372264,982.3693442126983,982.4465784764086,983.1468936187658,982.4465784764086,1023.7321307598042,976.2515828000104,1039.6248048024872,976.2515828000104
2013-12-18 08:30:00+01:00,986.8480834960938,925.614501953125,909.3240966796875,999.5920721806107,1091.7764609976198,1087.9716853373084,1084.6188689151234,1087.9716853373084,1130.0458736813696,1076.0080931345854,1150.9315160710273,1076.0080931345854
2013-12-18 08:40:00+01:00,1024.8682861328125,986.8480834960938,1036.26123046875,1067.0251628782346,1198.090373736598,1190.7211904494986,1176.4229562174207,1190.7211904494986,1214.1265326589746,1138.540958723799,1217.3358952804772,1138.540958723799
2013-12-18 08:50:00+01:00,1120.727783203125,1024.8682861328125,1165.261474609375,1139.2605541302814,1292.860528408119,1281.702722961677,1252.794570290945,1281.702722961677,1313.0817382374967,1209.043741541688,1303.622877055296,1209.043741541688
2013-12-18 09:00:00+01:00,1329.327392578125,1120.727783203125,1193.8663330078125,1222.4709911583707,1374.6052525692382,1360.8515978159248,1320.982051660706,1360.8515978159248,1389.8128912509144,1275.7274797921543,1372.7428831157274,1275.7274797921543
2013-12-18 09:10:00+01:00,1298.2369384765625,1329.327392578125,1675.21630859375,1372.445345580324,1486.5877223072157,1475.6606132881818,1431.1196689357373,1475.6606132881818,1569.7475806855941,1466.018996086083,1521.7653327938842,1466.018996086083
2013-12-18 09:20:00+01:00,1384.4583740234375,1298.2369384765625,1398.3179931640625,1438.191162072035,1553.3643060402262,1540.0804322883664,1502.4516098794597,1540.0804322883664,1579.9672474061817,1441.4418624874086,1529.6445701415266,1441.4418624874086
2013-12-18 09:30:00+01:00,1469.43603515625,1384.4583740234375,1684.2669677734375,1536.0140908421315,1627.5563408242247,1616.6548547291347,1581.346296684128,1616.6548547291347,1684.5094103723966,1551.637663155346,1606.7264759375232,1551.637663155346
2013-12-18 09:40:00+01:00,1578.13623046875,1469.43603515625,1810.5433349609375,1595.098438665626,1699.225507439559,1691.0051988415514,1662.7693669107343,1691.0051988415514,1775.5795955963279,1630.850532189592,1671.0307048912634,1630.850532189592
2013-12-18 09:50:00+01:00,1854.7711181640625,1578.13623046875,1633.9136962890625,1696.7516101331832,1756.812980808014,1750.9167104110363,1735.3648193244521,1750.9167104110363,1821.8778968738595,1670.6717189440476,1736.037223984493,1670.6717189440476
2013-12-18 10:00:00+01:00,1918.059326171875,1854.7711181640625,1718.2716064453125,1889.874110906934,1834.084438638972,1836.7933495977259,1837.3328027781533,1836.7933495977259,1909.9829087971057,1799.4555395705218,1855.290746885024,1799.4555395705218
2013-12-18 10:10:00+01:00,1979.1546630859375,1918.059326171875,1905.114501953125,2017.5296208335778,1916.3132907736106,1928.4060371919904,1945.7786584954004,1928.4060371919904,2025.8057407810988,1893.9557687438526,1933.5212089380723,1893.9557687438526
2013-12-18 10:20:00+01:00,1986.4986572265625,1979.1546630859375,1988.1497802734375,2133.8151730159607,1995.8749143066336,2016.469086070842,2049.964580365791,2016.469086070842,2141.3341443369964,1975.1763645409972,2018.8426583102894,1975.1763645409972
2013-12-18 10:30:00+01:00,2171.308349609375,1986.4986572265625,1958.00927734375,2159.8428292121384,2062.0150953638226,2088.4669624927396,2133.7928942581375,2088.4669624927396,2207.275254910128,2014.334839860935,2077.9833236007803,2014.334839860935
2013-12-18 10:40:00+01:00,2056.852783203125,2171.308349609375,2246.48876953125,2265.9274118578273,2146.890093338013,2182.732961332404,2235.9540120362685,2182.732961332404,2283.0046061943,2144.275026197273,2142.7260151983432,2144.275026197273
2013-12-18 10:50:00+01:00,2273.65478515625,2056.852783203125,2236.96533203125,2239.4941320501043,2208.731980700999,2246.60304736177,2304.093056779388,2246.60304736177,2350.8800959154437,2137.0368160930198,2145.4744680703498,2137.0368160930198
2013-12-18 11:00:00+01:00,2399.373779296875,2273.65478515625,2450.234130859375,2362.5399999707174,2286.8655201322454,2330.729840337255,2389.849237938754,2330.729840337255,2456.2337310253515,2268.855857904196,2243.166360428766,2268.855857904196
2013-12-18 11:10:00+01:00,2414.599609375,2399.373779296875,2360.706298828125,2438.190863682019,2358.3699438360427,2406.070541543489,2470.1949628962134,2406.070541543489,2489.855589076408,2306.363842208048,2278.4032161797154,2306.363842208048
2013-12-18 11:20:00+01:00,2517.328857421875,2414.599609375,2257.239501953125,2518.8643610438535,2415.1542176064927,2465.278323424254,2530.6593454052886,2465.278323424254,2536.8706067161124,2344.7329190288665,2325.0708787857134,2344.7329190288665
2013-12-18 11:30:00+01:00,2686.763671875,2517.328857421875,2342.793701171875,2594.0890860196773,2474.5688232940925,2529.683654244513,2592.3461288011235,2529.683654244513,2614.408893184853,2416.0790154929823,2369.7316926318017,2416.0790154929823
2013-12-18 11:40:00+01:00,2631.356201171875,2686.763671875,2523.07958984375,2695.5687077639595,2544.8536808831336,2607.4016609544124,2668.374502419403,2607.4016609544124,2705.1686153677124,2518.8366645353285,2459.0043143054,2518.8366645353285
2013-12-18 11:50:00+01:00,2698.8046875,2631.356201171875,2344.09375,2719.007912209926,2591.6121509392724,2656.10701229496,2715.5338445552725,2656.10701229496,2735.4370557088787,2522.075269789619,2488.805918808692,2522.075269789619
2013-12-18 12:00:00+01:00,2644.4453125,2698.8046875,2563.892578125,2770.038805032283,2645.747206779375,2715.0279876243135,2767.168590470334,2715.0279876243135,2799.7821110239843,2622.2315305033276,2554.7549869729414,2622.2315305033276
2013-12-18 12:10:00+01:00,2527.148193359375,2644.4453125,2796.188232421875,2733.3438230990846,2696.49876442636,2766.889126413949,2809.93685716997,2766.889126413949,2825.5181547607403,2649.918893311281,2562.6410803130393,2649.918893311281
2013-12-18 12:20:00+01:00,2794.059814453125,2527.148193359375,3009.74853515625,2665.7796987251163,2736.9493560061433,2803.1979711436247,2833.5089708039286,2803.1979711436247,2875.9315463715343,2679.768060339084,2579.903377713956,2679.768060339084
2013-12-18 12:30:00+01:00,2793.751953125,2794.059814453125,2996.602783203125,2754.449441616816,2786.551563510284,2852.4393287067114,2873.7138648435885,2852.4393287067114,2919.2769251654277,2760.6283098647004,2661.0429535356357,2760.6283098647004
2013-12-18 12:40:00+01:00,2745.2158203125,2793.751953125,3488.274658203125,2779.50031622967,2845.8301203644814,2910.2516982702796,2921.7569450488627,2910.2516982702796,2989.050584676549,2832.620735484444,2727.6965186802026,2832.620735484444
2013-12-18 12:50:00+01:00,2864.418701171875,2745.2158203125,2929.322509765625,2812.458748547271,2869.0240761335444,2925.1336719248407,2930.562406580905,2925.1336719248407,2974.6623798669916,2783.087289338782,2712.361739126163,2783.087289338782
2013-12-18 13:00:00+01:00,3068.515625,2864.418701171875,3129.390380859375,2856.983580761669,2904.1629074026305,2958.8821873526695,2952.453251878061,2958.8821873526695,3037.667022374011,2857.9200099533587,2790.967372666639,2857.9200099533587
2013-12-18 13:10:00+01:00,3000.1796875,3068.515625,3032.533935546875,2969.299920779095,2941.5497435216344,2997.921633580047,2985.036244880383,2997.921633580047,3081.598800091777,2899.2432002989744,2869.0214096166596,2899.2432002989744
2013-12-18 13:20:00+01:00,3004.65771484375,3000.1796875,3102.935791015625,3006.616271743951,2971.0355072049724,3027.477638036742,3007.9662247242686,3027.477638036742,3133.707931100855,2923.150334659352,2935.3533588086793,2923.150334659352
2013-12-18 13:30:00+01:00,3191.4482421875,3004.65771484375,2996.585205078125,3039.2032393695035,2989.5784577015424,3046.0449559792523,3019.6583726053855,3046.0449559792523,3150.984678695975,2939.146107791814,2957.7680341117352,2939.146107791814
2013-12-18 13:40:00+01:00,3207.108154296875,3191.4482421875,3351.083251953125,3116.4644943204157,3028.344705509051,3091.215554861814,3056.5070155968488,3091.215554861814,3214.0122604149356,3011.5843622547973,3027.3538361764313,3011.5843622547973
2013-12-18 13:50:00+01:00,3051.941650390625,3207.108154296875,3350.9951171875,3166.300749629968,3059.359784335285,3125.1657726219178,3086.302559791229,3125.1657726219178,3242.0875584664236,2996.976615808648,3054.0432219238537,2996.976615808648
2013-12-18 14:00:00+01:00,3178.20458984375,3051.941650390625,3409.39453125,3134.293730358078,3075.453020297413,3139.680219447937,3094.1093348868567,3139.680219447937,3228.545449378632,2985.842134843851,3025.82236315458,2985.842134843851
2013-12-18 14:10:00+01:00,3111.879150390625,3178.20458984375,3262.47021484375,3167.70098657808,3088.2492164816854,3153.1681325700524,3100.6195989481507,3153.1681325700524,3251.0908737677655,3005.704185849339,3058.0852777968676,3005.704185849339
2013-12-18 14:20:00+01:00,2973.613037109375,3111.879150390625,3188.52734375,3127.0750556625317,3091.1111726071604,3154.148053359022,3095.1562460186906,3154.148053359022,3235.3281299054634,2984.929590202581,3054.0577294282966,2984.929590202581
2013-12-18 14:30:00+01:00,3023.97900390625,2973.613037109375,3212.21875,3070.4627325220367,3083.01968124326,3142.074201460177,3075.169107965753,3142.074201460177,3207.209670581953,2955.952438891416,3020.896903966039,2955.952438891416
2013-12-18 14:40:00+01:00,2870.22314453125,3023.97900390625,3355.152099609375,3050.567677991301,3081.2080452797386,3139.359257747628,3064.3548968224904,3139.359257747628,3221.358147720617,2948.7426052307915,3006.43244808663,2948.7426052307915
2013-12-18 14:50:00+01:00,2810.923583984375,2870.22314453125,3163.494140625,2951.02052568357,3060.1086267781916,3110.7309313710302,3031.5931762506634,3110.7309313710302,3157.0583451977504,2867.134433413171,2917.774194887795,2867.134433413171
2013-12-18 15:00:00+01:00,2524.71484375,2810.923583984375,3138.42041015625,2896.287934587896,3034.721027401633,3078.8175012947627,2994.260536518802,3078.8175012947627,3120.6609187179165,2857.4316057489414,2898.9213638155015,2857.4316057489414
2013-12-18 15:10:00+01:00,2665.34619140625,2524.71484375,3357.430908203125,2697.179405249618,2997.156743616092,3029.5592673204546,2937.695646468851,3029.5592673204546,3061.44973362847,2771.659311055577,2783.1804111922092,2771.659311055577
2013-12-18 15:20:00+01:00,2788.0576171875,2665.34619140625,3068.259521484375,2690.902738756913,2961.2655670976033,2985.4514946084523,2891.4399913555135,2985.4514946084523,3017.6988441507056,2750.0058185686203,2766.785406136972,2750.0058185686203
2013-12-18 15:30:00+01:00,2690.242431640625,2788.0576171875,2931.419677734375,2713.9970616477085,2934.1617048023413,2953.91618289263,2862.3477813499617,2953.91618289263,2975.1560672698356,2747.625849343144,2786.603937404646,2747.625849343144
2013-12-18 15:40:00+01:00,2476.0341796875,2690.242431640625,2682.143798828125,2720.313941117358,2892.9835360432276,2906.1342665680113,2820.5938485962693,2906.1342665680113,2903.0408711637338,2699.262318743243,2754.132776841045,2699.262318743243
2013-12-18 15:50:00+01:00,2679.11962890625,2476.0341796875,2925.21142578125,2609.473553515021,2849.233583076255,2857.470556979798,2771.53680792864,2857.470556979798,2866.9319186153525,2633.1820276149574,2695.0555643771436,2633.1820276149574
2013-12-18 16:00:00+01:00,2502.6748046875,2679.11962890625,3033.021240234375,2637.08850671881,2826.4167145529955,2837.3093465429456,2753.965258981432,2837.3093465429456,2907.10018345588,2698.281558547787,2729.027265849462,2698.281558547787
2013-12-18 16:10:00+01:00,2525.053466796875,2502.6748046875,2649.476318359375,2536.712784658977,2777.4397035468587,2780.4400809859876,2705.940330353864,2780.4400809859876,2782.6794868004777,2607.7700508607527,2662.2075755525284,2607.7700508607527
2013-12-18 16:20:00+01:00,2681.92236328125,2525.053466796875,2890.993408203125,2546.813795011143,2743.877831973974,2747.9229490813277,2675.037176898754,2747.9229490813277,2806.664951338679,2643.1871842559895,2663.623014233749,2643.1871842559895
2013-12-18 16:30:00+01:00,2889.6279296875,2681.92236328125,2967.22265625,2580.0927403519504,2725.789016346229,2734.4674418761133,2667.581540604506,2734.4674418761133,2809.0957510138724,2648.8928631232366,2680.183759678051,2648.8928631232366
2013-12-18 16:40:00+01:00,2542.515869140625,2889.6279296875,2775.51708984375,2708.7376295975732,2714.8339699414364,2729.5932342666847,2675.1040312107602,2729.5932342666847,2827.9132941708567,2681.0671271602455,2716.827516914246,2681.0671271602455
2013-12-18 16:50:00+01:00,2753.370361328125,2542.515869140625,3069.802001953125,2606.524324416377,2689.683769344098,2705.5745625484406,2655.187169923457,2705.5745625484406,2771.2374422227185,2604.8711952185054,2658.6833873257033,2604.8711952185054
2013-12-18 17:00:00+01:00,2676.247314453125,2753.370361328125,2885.98876953125,2670.6980225390503,2670.3003024610193,2691.062953322186,2646.7146190090875,2691.062953322186,2812.0443541273276,2645.447216846542,2695.0853448442454,2645.447216846542
2013-12-18 17:10:00+01:00,2600.921875,2676.247314453125,2788.83447265625,2590.5146106937004,2642.6260255450097,2664.5477041508207,2625.520594843645,2664.5477041508207,2727.300209361013,2581.0559583101312,2651.5865605416147,2581.0559583101312
2013-12-18 17:20:00+01:00,2616.277587890625,2600.921875,2687.5048828125,2571.807962905017,2605.403352567353,2627.7544011810437,2591.4901091227316,2627.7544011810437,2726.0178799840874,2569.9688715256652,2629.4284907969586,2569.9688715256652
2013-12-18 17:30:00+01:00,2503.015380859375,2616.277587890625,3005.776611328125,2534.542729787698,2581.2937337483345,2610.3381065109056,2571.8199591853017,2610.3381065109056,2706.885296253706,2555.0154073632443,2626.724200133463,2555.0154073632443
2013-12-18 17:40:00+01:00,2491.40869140625,2503.015380859375,2762.9189453125,2454.116734742719,2539.1664215355463,2566.652886348492,2530.555853098561,2566.652886348492,2649.2249798177268,2495.303591664489,2560.2468418675085,2495.303591664489
2013-12-18 17:50:00+01:00,2464.994384765625,2491.40869140625,2557.83056640625,2416.313537322635,2490.3737745816993,2516.3578140876916,2481.767638689489,2516.3578140876916,2579.6318966277777,2441.0854912375303,2534.4653621274806,2441.0854912375303
2013-12-18 18:00:00+01:00,2273.4150390625,2464.994384765625,2577.395263671875,2365.736783716246,2443.538672629335,2471.037216784022,2435.5455269943736,2471.037216784022,2575.646626121121,2426.390200292577,2505.973191277806,2426.390200292577
2013-12-18 18:10:00+01:00,2249.703369140625,2273.4150390625,2303.6162109375,2253.444396700799,2373.5654060767506,2395.5561931452958,2360.3499727013323,2395.5561931452958,2453.8846353316835,2294.4659391483465,2422.997889980542,2294.4659391483465
2013-12-18 18:20:00+01:00,2227.00537109375,2249.703369140625,2664.42138671875,2186.995932673938,2320.91896574252,2347.846929617251,2304.7320693964134,2347.846929617251,2463.1624862765916,2295.7290821710976,2405.0802723857855,2295.7290821710976
2013-12-18 18:30:00+01:00,2196.0859375,2227.00537109375,2439.043701171875,2122.201777569747,2261.262699035734,2287.3608476123413,2244.9010874473106,2287.3608476123413,2380.9470048181147,2224.1252493986703,2335.9815457592126,2224.1252493986703
2013-12-18 18:40:00+01:00,1929.933349609375,2196.0859375,2384.30908203125,2089.045042048393,2202.496115651629,2228.7392925362165,2186.366002690897,2228.7392925362165,2330.41140232201,2190.187738631971,2302.8895286879942,2190.187738631971
2013-12-18 18:50:00+01:00,1906.780517578125,1929.933349609375,2430.47607421875,1939.755164367497,2127.7462020260605,2149.8646915516265,2101.463072529084,2149.8646915516265,2231.8260906411947,2044.4394180282998,2164.5474047433527,2044.4394180282998
2013-12-18 19:00:00+01:00,1933.2943115234375,1906.780517578125,2246.347900390625,1861.2275116379572,2049.93885579099,2067.445303356053,2014.718308942248,2067.445303356053,2174.0822717405954,1976.6645337814746,2118.287452354067,1976.6645337814746
2013-12-18 19:10:00+01:00,1699.9930419921875,1933.2943115234375,2297.5224609375,1808.8064985967035,1984.58724567117,2002.4490806702042,1945.381379668811,2002.4490806702042,2120.6316561125964,1941.8850292365405,2067.4575814136215,1941.8850292365405
2013-12-18 19:20:00+01:00,1720.3448486328125,1699.9930419921875,2083.02978515625,1690.6138731849276,1897.1733335118943,1907.0179894819125,1845.7568319612428,1907.0179894819125,2003.7548572544363,1806.6329731286414,1934.9438345083772,1806.6329731286414
2013-12-18 19:30:00+01:00,1700.022705078125,1720.3448486328125,1884.9932861328125,1653.3907803552427,1813.39308639171,1818.3255085538626,1753.9193898798635,1818.3255085538626,1901.193056714415,1736.8131299821646,1875.8364044778473,1736.8131299821646
2013-12-18 19:40:00+01:00,1523.485595703125,1700.022705078125,1619.4544677734375,1595.7045407070564,1727.178681862094,1726.7738409007309,1662.9102979299357,1726.7738409007309,1808.714272958561,1661.981884492976,1827.0120848654265,1661.981884492976
2013-12-18 19:50:00+01:00,1568.333251953125,1523.485595703125,1999.8436279296875,1506.1616772429438,1652.6395567325244,1655.3454631021305,1580.757857583739,1655.3454631021305,1774.128571369073,1608.5259292372082,1705.8805588666032,1608.5259292372082
2013-12-18 20:00:00+01:00,1453.8414306640625,1568.333251953125,1679.3377685546875,1483.8933840426296,1579.6004817318053,1580.6771949559454,1508.8952929750537,1580.6771949559454,1692.8091903610334,1528.903119134183,1662.195288712197,1528.903119134183
2013-12-18 20:10:00+01:00,1269.3865966796875,1453.8414306640625,1678.3756103515625,1398.6621660778608,1507.8212612957798,1507.9951766964111,1436.0497726912336,1507.9951766964111,1585.762805748215,1451.2101736387121,1562.991567050138,1451.2101736387121
2013-12-18 20:20:00+01:00,1161.6351318359375,1269.3865966796875,1538.2763671875,1290.2747823841455,1422.883916620697,1418.0137763710204,1344.4461853785906,1418.0137763710204,1477.0549100847677,1347.0924887837664,1421.8320694465324,1347.0924887837664
2013-12-18 20:30:00+01:00,1171.118896484375,1161.6351318359375,1376.2447509765625,1174.5349672977661,1332.4441611575485,1322.2188913310488,1245.9519713680909,1322.2188913310488,1377.0235214329284,1253.3249668323133,1327.9173073798158,1253.3249668323133
2013-12-18 20:40:00+01:00,991.7398071289062,1171.118896484375,1190.013671875,1118.7943697262037,1249.233129356563,1236.7298468373679,1161.736096783237,1236.7298468373679,1267.7074203846985,1189.1747633814846,1259.6190504257909,1189.1747633814846
2013-12-18 20:50:00+01:00,957.0807495117188,991.7398071289062,1193.6011962890625,1008.0781868021272,1163.2249078578172,1149.7269692939299,1072.255566851241,1149.7269692939299,1170.8207782725883,1091.0054930277424,1153.4829769256148,1091.0054930277424
2013-12-18 21:00:00+01:00,985.3856811523438,957.0807495117188,879.5428466796875,954.2050200122449,1074.059741773991,1057.5386157467362,984.2892342806589,1057.5386157467362,1069.092245575875,1013.6364724650502,1094.3872356592617,1013.6364724650502
2013-12-18 21:10:00+01:00,816.478271484375,985.3856811523438,915.6829833984375,922.9051231943067,1008.37397003491,996.7711952612702,927.4277674717221,996.7711952612702,1017.1236791690741,996.1662941656078,1065.6926854427875,996.1662941656078
2013-12-18 21:20:00+01:00,850.4735107421875,816.478271484375,977.5571899414062,836.3316056486425,943.9139404550256,935.4483763935311,868.9195444567088,935.4483763935311,974.7789276336533,920.8053633796362,993.8041821511789,920.8053633796362
2013-12-18 21:30:00+01:00,817.690673828125,850.4735107421875,1041.2152099609375,822.5037749991601,899.5505453066446,896.4458739431641,836.6687972893511,896.4458739431641,930.0007401821077,907.9494276584958,970.2239378100643,907.9494276584958
2013-12-18 21:40:00+01:00,688.8506469726562,817.690673828125,995.1738891601562,777.7296069559611,860.3151773423755,860.492560254559,809.7633052095953,860.492560254559,877.2781284887013,861.7196781625007,909.7254100685423,861.7196781625007
2013-12-18 21:50:00+01:00,702.469482421875,688.8506469726562,969.61572265625,712.2424977877101,814.4129899107264,813.893750841076,768.095286473715,813.893750841076,809.6726453608715,799.6396770869515,836.7832651225215,799.6396770869515
2013-12-18 22:00:00+01:00,753.8612670898438,702.469482421875,870.2261352539062,684.7917820444252,773.571533198251,772.975813332477,731.7924369008967,772.975813332477,777.6965499093951,763.2332868309177,806.7969632194028,763.2332868309177
2013-12-18 22:10:00+01:00,676.8564453125,753.8612670898438,860.2040405273438,683.6013516163683,744.9949082162015,747.6778918965297,711.7107483905356,747.6778918965297,750.5162465823003,756.4267698082249,792.6485607948802,756.4267698082249
2013-12-18 22:20:00+01:00,758.3572998046875,676.8564453125,965.6927490234375,658.9882143476059,719.170988162021,724.2315291264193,691.0786861667239,724.2315291264193,716.4154694524741,720.3996578686085,769.1484754984142,720.3996578686085
2013-12-18 22:30:00+01:00,652.5493774414062,758.3572998046875,834.4397583007812,690.6586023948373,701.67367339813,709.4623763383213,682.9273604656746,709.4623763383213,718.0891701725242,715.8352912518301,761.6067327180135,715.8352912518301
2013-12-18 22:40:00+01:00,640.0535888671875,652.5493774414062,667.7283325195312,639.2263147448812,670.5875688230803,676.4421966789836,652.2425841038797,676.4421966789836,655.6191631610975,630.6844851298507,691.6000381406587,630.6844851298507
2013-12-18 22:50:00+01:00,634.624267578125,640.0535888671875,686.7643432617188,627.0222941944246,644.3888678409387,650.2074778259619,625.4063281284647,650.2074778259619,649.1813796317333,632.8308057634721,678.8720319259721,632.8308057634721
2013-12-18 23:00:00+01:00,604.5950927734375,634.624267578125,535.6084594726562,599.4639143686945,615.0576930686924,619.8977824832949,594.8901505764018,619.8977824832949,613.9814569643976,576.8076762001659,637.8246431685526,576.8076762001659
2013-12-18 23:10:00+01:00,545.2345581054688,604.5950927734375,673.3051147460938,580.1344486562567,595.2687432851282,601.7932997710519,575.25050582507,601.7932997710519,600.9401688520537,580.1202328615543,633.9630687932565,580.1202328615543
2013-12-18 23:20:00+01:00,540.525390625,545.2345581054688,626.0801391601562,542.8068446554208,571.4769344293575,576.4614903652346,549.1590887635514,576.4614903652346,567.4670453265471,526.5986793718528,590.1553181859091,526.5986793718528
2013-12-18 23:30:00+01:00,593.6400146484375,540.525390625,485.9386291503906,521.5430659739196,544.3354643005191,547.1775911991638,520.1950984305868,547.1775911991638,540.0310651400716,493.5382835221631,564.6015495637937,493.5382835221631
2013-12-18 23:40:00+01:00,579.1790161132812,593.6400146484375,552.5888061523438,532.0524504912672,530.7106863319029,536.2610984305122,511.42203726614173,536.2610984305122,541.2897554373349,502.41918539587317,566.4650151467321,502.41918539587317
2013-12-18 23:50:00+01:00,502.6819763183594,579.1790161132812,578.461669921875,534.5515139896416,521.1311370326329,528.8293528022451,507.6092895701236,528.8293528022451,530.7387083280813,500.78856909647914,567.3102918875712,500.78856909647914
2013-12-19 00:00:00+01:00,536.728759765625,502.6819763183594,544.1087036132812,505.1330149089907,505.2160102903712,511.2450426307181,492.016586841484,511.2450426307181,497.10304269212827,453.6894561693117,529.1332467112902,453.6894561693117
2013-12-19 00:10:00+01:00,487.2052307128906,536.728759765625,612.5639038085938,502.6157651225893,498.03227849617673,504.9042047854518,488.79535302568354,504.9042047854518,496.8634297298742,466.7751178781175,526.1660480522686,466.7751178781175
2013-12-19 00:20:00+01:00,436.39019775390625,487.2052307128906,550.2907104492188,469.87365843205276,484.23797318460953,489.58613564470863,475.20986787441905,489.58613564470863,468.67355399257804,432.69468204299346,494.57197428592116,432.69468204299346
2013-12-19 00:30:00+01:00,456.9866638183594,436.39019775390625,515.6192016601562,441.4183906816719,464.81770121938007,467.40134575187943,452.37807553006667,467.40134575187943,443.0350295416955,413.9169389281521,470.95611086890904,413.9169389281521
2013-12-19 00:40:00+01:00,429.7248840332031,456.9866638183594,576.8002319335938,431.10115079231815,452.15810632775504,455.00371198050107,440.4685321897499,455.00371198050107,438.0970605348056,404.56629777827266,463.9595051731662,404.56629777827266
2013-12-19 00:50:00+01:00,370.9013366699219,429.7248840332031,528.702392578125,411.63395112452565,436.34357014112544,438.64050707124034,424.6357383798191,438.64050707124034,418.42656151653085,393.29395881533316,442.0945656577123,393.29395881533316
2013-12-19 01:00:00+01:00,435.60614013671875,370.9013366699219,487.7918395996094,381.0464749530839,414.5278000630245,414.55748514017995,399.42660689091343,414.55748514017995,393.35119273010133,371.53658675818366,412.497405576312,371.53658675818366
2013-12-19 01:10:00+01:00,394.7007141113281,435.60614013671875,514.7918090820312,394.3378413708692,403.91306142103116,405.9728457989425,393.258588664644,405.9728457989425,401.73525528998346,378.32748539965456,424.81067528434625,378.32748539965456
2013-12-19 01:20:00+01:00,400.9430847167969,394.7007141113281,502.52484130859375,376.0016249148665,391.0407009693981,393.92199133090315,382.8942951345411,393.92199133090315,384.3619111397918,355.58053738311895,402.19962868021497,355.58053738311895
2013-12-19 01:30:00+01:00,427.43804931640625,400.9430847167969,393.0340576171875,384.6962588758155,377.45501124551413,380.6060284237564,371.8229003219889,380.6060284237564,378.1579259870711,355.15349464752336,394.83038463000634,355.15349464752336
2013-12-19 01:40:00+01:00,336.43255615234375,427.43804931640625,388.41326904296875,389.8897728617597,369.6489495738795,375.1013123517091,369.08836150831735,375.1013123517091,377.2684253067031,351.8770534193051,393.7765550788078,351.8770534193051
2013-12-19 01:50:00+01:00,365.28948974609375,336.43255615234375,407.0362854003906,352.00111416596525,356.1626948326052,360.4265761089129,353.6066358479645,360.4265761089129,356.2365915628852,337.5023529448248,367.47611130107487,337.5023529448248
2013-12-19 02:00:00+01:00,346.5213317871094,365.28948974609375,347.6217041015625,353.296151975252,346.17425447540995,350.0395977238108,344.26439841338583,350.0395977238108,352.655839678361,335.3984137421754,367.8344579685148,335.3984137421754
2013-12-19 02:10:00+01:00,342.671142578125,346.5213317871094,404.20245361328125,331.96445092584395,338.78068728571975,343.062633333737,337.732260618394,343.062633333737,344.1042937456098,328.2910296774916,358.295227679928,328.2910296774916
2013-12-19 02:20:00+01:00,320.3067626953125,342.671142578125,387.6932678222656,332.6578182417856,332.26978543420677,336.44595678875083,332.0431383534996,336.44595678875083,340.8121886391352,328.92790184676164,357.7799221055617,328.92790184676164
2013-12-19 02:30:00+01:00,328.142578125,320.3067626953125,385.9140930175781,317.18359198056214,324.88591420243563,328.31047455634734,324.0766861537307,328.31047455634734,329.1181437253681,319.9007747885953,346.03096121480604,319.9007747885953
2013-12-19 02:40:00+01:00,280.1180725097656,328.142578125,386.304443359375,315.7759857781667,319.845821149974,323.1803689407844,319.7271348639755,323.1803689407844,327.96278180238045,318.5443334135194,341.69650716067036,318.5443334135194
2013-12-19 02:50:00+01:00,335.4681701660156,280.1180725097656,384.7451477050781,289.01539132996453,310.64303763428455,312.17142195235704,307.53031160460563,312.17142195235704,313.123027998744,306.6744396080944,319.36237677882326,306.6744396080944
2013-12-19 03:00:00+01:00,298.21441650390625,335.4681701660156,367.3899230957031,307.59067091279286,308.214833342841,310.62338134961874,307.6484353414299,310.62338134961874,322.12793690793933,315.681528064085,332.89822084617094,315.681528064085
2013-12-19 03:10:00+01:00,309.21710205078125,298.21441650390625,395.273681640625,291.35484889007324,303.93513261399613,306.4164497808437,303.21234628335833,306.4164497808437,305.7866092427523,298.5181199545745,310.98153886468,298.5181199545745
2013-12-19 03:20:00+01:00,300.12255859375,309.21710205078125,401.7376403808594,301.63421726920126,302.2612716272649,305.02196465279576,302.39848740416915,305.02196465279576,312.6884732793455,306.45647068974597,318.49007380720826,306.45647068974597
2013-12-19 03:30:00+01:00,246.72474670410156,300.12255859375,353.05072021484375,292.0933054844017,298.59979082730393,301.0620147329139,298.4506910091748,301.0620147329139,301.95868957423926,295.8877163980399,306.94517093223527,295.8877163980399
2013-12-19 03:40:00+01:00,276.3256530761719,246.72474670410156,329.781494140625,265.68218607998165,289.26341156105127,289.36488950155183,284.24372132284077,289.36488950155183,287.443516230495,285.37614652946627,293.0335028606806,285.37614652946627
2013-12-19 03:50:00+01:00,262.1130676269531,276.3256530761719,332.10986328125,268.15328511347377,285.10550396966454,284.9532009826473,279.4951720617148,284.9532009826473,290.29344082830727,286.9686111533802,295.10506857794854,286.9686111533802
2013-12-19 04:00:00+01:00,270.2798767089844,262.1130676269531,318.3724670410156,256.7224450969588,280.00282806556413,279.58802106985826,273.3267233893593,279.58802106985826,282.90977633948523,277.509179462464,286.1134574427364,277.509179462464
2013-12-19 04:10:00+01:00,252.87464904785156,270.2798767089844,349.4107666015625,265.19878900468404,278.4384701689398,278.471040482234,272.1477771016646,278.471040482234,284.95210875705703,281.5129411933739,291.5167024285446,281.5129411933739
2013-12-19 04:20:00+01:00,251.3556365966797,252.87464904785156,323.2978820800781,256.0056542233013,275.0017570574632,274.4957129527523,267.66576258038356,274.4957129527523,279.8747551613654,274.6611703221479,284.1045325934303,274.6611703221479
2013-12-19 04:30:00+01:00,252.64907836914062,251.3556365966797,329.8742980957031,254.2665785679948,272.8267750684516,271.9304309170634,264.7752357841344,271.9304309170634,277.32451423844606,273.5129018743913,283.93017156374356,273.5129018743913
2013-12-19 04:40:00+01:00,252.2801055908203,252.64907836914062,340.25030517578125,251.86351372384416,272.02632828481717,270.99004194694584,263.80132260456054,270.99004194694584,276.3265155867518,271.01141030786385,282.7486534304463,271.01141030786385
2013-12-19 04:50:00+01:00,271.09417724609375,252.2801055908203,303.5739440917969,252.8552282487115,270.5880627006692,269.1929345499576,262.1492191767961,269.1929345499576,274.98024616820345,270.04533821992277,280.4577611212224,270.04533821992277
2013-12-19 05:00:00+01:00,250.35618591308594,271.09417724609375,313.9663391113281,263.80967612895665,272.5821980616044,271.83622899566905,265.6369881600279,271.83622899566905,278.5067596802298,272.6347060508943,283.50633640292574,272.6347060508943
2013-12-19 05:10:00+01:00,284.9673156738281,250.35618591308594,306.3070068359375,258.9861433461093,272.7564537496793,271.6006694266235,265.19606262003424,271.6006694266235,276.5114640389104,269.9407386052693,281.26701640015585,269.9407386052693
2013-12-19 05:20:00+01:00,278.6534423828125,284.9673156738281,378.3470764160156,277.8900183290647,280.13333917044537,280.1226302193349,275.08582230267206,280.1226302193349,289.98014980701475,283.7505083426196,298.31099663205805,283.7505083426196
2013-12-19 05:30:00+01:00,234.95042419433594,278.6534423828125,306.8678283691406,279.6408546469,284.09199481294297,283.8562048127247,280.0025379794387,283.8562048127247,286.82868704018216,278.3661885989242,291.33620887701244,278.3661885989242
2013-12-19 05:40:00+01:00,278.2427673339844,234.95042419433594,301.5436706542969,265.0922163894856,283.261728247404,280.91299415733033,275.5712791793177,280.91299415733033,282.0350012418092,275.50698946828794,287.3747996816979,275.50698946828794
2013-12-19 05:50:00+01:00,274.40301513671875,278.2427673339844,349.7558898925781,278.8340804425812,290.15695068767303,287.88926089348035,283.468392501325,287.88926089348035,294.52021491804635,287.614306649363,302.38758803545073,287.614306649363
2013-12-19 06:00:00+01:00,246.94149780273438,274.40301513671875,310.3311767578125,278.86637577099606,294.76681668515096,292.04735600695204,288.4368479902817,292.04735600695204,294.9824564799086,286.61898772307757,303.5287550821343,286.61898772307757
2013-12-19 06:10:00+01:00,316.2095947265625,246.94149780273438,367.47528076171875,276.51274580333876,298.84793961540464,294.8076417906994,290.2129219459032,294.8076417906994,297.46667973587313,295.46812921368,310.5769639816869,295.46812921368
2013-12-19 06:20:00+01:00,317.42059326171875,316.2095947265625,396.93701171875,307.814525826503,312.54456453690864,309.479153400787,308.01079766390046,309.479153400787,319.745279365351,318.29194785380434,334.88435738768396,318.29194785380434
2013-12-19 06:30:00+01:00,308.8335266113281,317.42059326171875,370.3933410644531,321.0180653448625,325.31365018683425,322.5745660748156,324.2267271861364,322.5745660748156,325.3000749397148,320.9473820450901,341.8962709018622,320.9473820450901
2013-12-19 06:40:00+01:00,312.5832824707031,308.8335266113281,462.5887145996094,338.52804298553826,341.74876359511063,338.62200358031765,342.38986214911574,338.62200358031765,345.72368406027545,350.7937003844416,373.9507624250633,350.7937003844416
2013-12-19 06:50:00+01:00,378.3235778808594,312.5832824707031,421.21710205078125,342.2449164386519,356.66050228592803,351.7003107471916,357.79803402353434,351.7003107471916,354.5129350672951,354.01082353350307,378.64962598091853,354.01082353350307
2013-12-19 07:00:00+01:00,398.9413757324219,378.3235778808594,413.06085205078125,379.0894833971449,379.5588350601878,374.7991354845507,385.9853985385299,374.7991354845507,387.7955348558462,388.3991718759449,419.9625003882572,388.3991718759449
2013-12-19 07:10:00+01:00,383.5255126953125,398.9413757324219,478.9302978515625,411.15591061137513,409.6485368931522,405.48339681055353,421.9266539094078,405.48339681055353,421.62607586438196,427.8732099760525,455.5731026162843,427.8732099760525
2013-12-19 07:20:00+01:00,505.4136962890625,383.5255126953125,506.4712219238281,430.04136205293867,440.64849463726534,434.57662227713274,454.30394701329584,434.57662227713274,454.50943985553295,453.6785899821835,485.12300920826567,453.6785899821835
2013-12-19 07:30:00+01:00,487.44110107421875,505.4136962890625,586.5367431640625,500.2895042736384,493.9209418125171,488.86741032142714,517.7670963823153,488.86741032142714,531.8062617898908,534.0596984221618,587.1350193410326,534.0596984221618
2013-12-19 07:40:00+01:00,513.9204711914062,487.44110107421875,579.845947265625,521.9903899313638,547.8685627281141,540.5921378262464,575.6316213281666,540.5921378262464,586.3163061637838,565.5135821164082,621.9191867797284,565.5135821164082
2013-12-19 07:50:00+01:00,644.8988647460938,513.9204711914062,774.517333984375,570.9839435660415,619.5135127115982,609.6191608720217,647.3086858419136,609.6191608720217,680.2493650056201,643.0375448827976,727.7226462200215,643.0375448827976
2013-12-19 08:00:00+01:00,664.4584350585938,644.8988647460938,787.22021484375,647.1451878994562,712.374666422974,701.6983007412931,744.1803466102134,701.6983007412931,755.5803165880554,723.4388540762048,845.6882464071929,723.4388540762048
2013-12-19 08:10:00+01:00,682.4676513671875,664.4584350585938,864.3499755859375,703.8735382793806,812.9634659318924,801.0536646169783,839.8253255484483,801.0536646169783,856.1000275762934,789.1788699471331,921.9625214278543,789.1788699471331
2013-12-19 08:20:00+01:00,738.4891967773438,682.4676513671875,926.0423583984375,760.916788782739,912.8010640406136,899.7873552679856,922.1502981840504,899.7873552679856,942.0181331944411,852.9767598139227,1027.4856989079929,852.9767598139227
2013-12-19 08:30:00+01:00,748.6995239257812,738.4891967773438,992.1769409179688,806.2157022559038,1009.5438519668229,998.4025923986046,994.3736186161443,998.4025923986046,1062.7015502158033,941.7181539018688,1121.808120654368,941.7181539018688
2013-12-19 08:40:00+01:00,879.4210815429688,748.6995239257812,1386.6217041015625,834.9175048237906,1109.5391806463815,1102.8553527158679,1064.1266183247315,1102.8553527158679,1183.716917449325,1038.7087610790509,1195.1224828716875,1038.7087610790509
2013-12-19 08:50:00+01:00,1059.6798095703125,879.4210815429688,1429.962646484375,927.7909914238326,1206.4948673757847,1204.5015410691885,1140.441242883386,1204.5015410691885,1299.3218211304563,1141.8541195627158,1289.3481128304052,1141.8541195627158
2013-12-19 09:00:00+01:00,1205.6597900390625,1059.6798095703125,1756.2965087890625,1061.7678465677939,1319.903616126059,1325.1165283163434,1246.6733672805315,1325.1165283163434,1413.0209555350575,1287.8530776134069,1387.8272029436348,1287.8530776134069
2013-12-19 09:10:00+01:00,1294.0133056640625,1205.6597900390625,1758.038818359375,1226.4041077384643,1427.5357565846602,1435.2244035437516,1358.293450751413,1435.2244035437516,1493.7374413100604,1379.3284070912669,1470.0437564477568,1379.3284070912669
2013-12-19 09:20:00+01:00,1403.564697265625,1294.0133056640625,1974.7044677734375,1365.0791883558281,1532.1743809227153,1540.109784599543,1469.0984309626192,1540.109784599543,1592.511488711543,1493.7928380107505,1550.018530888839,1493.7928380107505
2013-12-19 09:30:00+01:00,1366.835205078125,1403.564697265625,1966.7431640625,1487.175904268355,1625.5755801597813,1630.9267621325935,1570.1616909490322,1630.9267621325935,1664.7267219702396,1572.2697732487159,1633.063659037423,1572.2697732487159
2013-12-19 09:40:00+01:00,1410.3504638671875,1366.835205078125,2061.1875,1516.8607283918343,1698.3897180889676,1698.1951748406505,1641.8244495300294,1698.1951748406505,1739.2958977085239,1615.0270597116778,1697.0695770091531,1615.0270597116778
2013-12-19 09:50:00+01:00,1500.0517578125,1410.3504638671875,1968.2762451171875,1557.9208535343162,1753.6396938202167,1747.1488610974595,1692.0198986848081,1747.1488610974595,1784.160667308668,1655.939755427791,1726.666113350516,1655.939755427791
2013-12-19 10:00:00+01:00,1631.46142578125,1500.0517578125,2036.8433837890625,1604.4180310314616,1808.379520066763,1798.6777673695683,1742.2973760619084,1798.6777673695683,1867.3002393886075,1715.422495784364,1778.747363550345,1715.422495784364
2013-12-19 10:10:00+01:00,1594.840576171875,1631.46142578125,2076.89306640625,1703.1730672407054,1867.6814845020428,1857.2524404844935,1802.9143769895409,1857.2524404844935,1946.819563728268,1808.6414140994036,1863.6849347142634,1808.6414140994036
2013-12-19 10:20:00+01:00,1743.9664306640625,1594.840576171875,2128.870849609375,1733.036403841194,1916.7828360018218,1903.754045441802,1850.3011075286772,1903.754045441802,1992.8939516304406,1847.9606715664713,1892.5871115748841,1847.9606715664713
2013-12-19 10:30:00+01:00,1792.16357421875,1743.9664306640625,2329.30615234375,1830.6383444903493,1980.8131080987575,1969.3211176734767,1917.5469835169426,1969.3211176734767,2079.762629485353,1945.859651432286,1965.0346320932167,1945.859651432286
2013-12-19 10:40:00+01:00,1852.2518310546875,1792.16357421875,2473.466796875,1874.365153128907,2046.5552373914388,2034.8533046844357,1987.220897439643,2034.8533046844357,2128.6335411390523,2004.0068418704257,1996.094777291182,2004.0068418704257
2013-12-19 10:50:00+01:00,1815.0078125,1852.2518310546875,2551.571044921875,1946.9435173689196,2111.3019885923154,2098.448561409419,2055.2644660126566,2098.448561409419,2175.9706798452467,2063.659880848485,2047.7533400735733,2063.659880848485
2013-12-19 11:00:00+01:00,1953.0440673828125,1815.0078125,2350.879638671875,1943.4443484328638,2154.470934399791,2136.220216558304,2095.5660645360604,2136.220216558304,2184.3581431936127,2053.977112923551,2033.5332582898773,2053.977112923551
2013-12-19 11:10:00+01:00,1898.207763671875,1953.0440673828125,2518.315185546875,2012.0597165733448,2209.6852556653503,2191.6509609841164,2149.393132070613,2191.6509609841164,2246.3452815844807,2144.262181432337,2099.3450452413267,2144.262181432337
2013-12-19 11:20:00+01:00,1932.6767578125,1898.207763671875,2802.10205078125,1996.1846375304096,2263.1023331577935,2242.3563534097902,2196.3825329910824,2242.3563534097902,2282.0426941112823,2161.5232556705478,2100.053853709222,2161.5232556705478
2013-12-19 11:30:00+01:00,2083.846923828125,1932.6767578125,2476.3466796875,2025.1654299335607,2297.156850376834,2270.2704373247,2223.743052662926,2270.2704373247,2308.8483613744997,2187.0866724292023,2115.4231612350413,2187.0866724292023
2013-12-19 11:40:00+01:00,2171.033935546875,2083.846923828125,2703.36474609375,2087.814820646127,2348.340907948264,2321.885867124381,2272.105898096495,2321.885867124381,2372.3586811154396,2280.1899077015432,2192.8770043929358,2280.1899077015432
2013-12-19 11:50:00+01:00,2265.275146484375,2171.033935546875,2956.366455078125,2165.7362166953603,2408.8096904709914,2382.85467916724,2333.4635037265743,2382.85467916724,2437.4956700203816,2344.9288313318602,2250.234860497712,2344.9288313318602
2013-12-19 12:00:00+01:00,2178.1806640625,2265.275146484375,2671.34228515625,2261.3476332551395,2456.4671152030396,2428.659059519024,2385.4944845780483,2428.659059519024,2471.0277746015286,2368.746343230934,2271.913017051413,2368.746343230934
2013-12-19 12:10:00+01:00,2262.130859375,2178.1806640625,2962.0966796875,2250.306322394794,2501.751045693028,2472.1031392128384,2427.0716381303096,2472.1031392128384,2521.5377306113173,2404.790423724495,2325.3415166854693,2404.790423724495
2013-12-19 12:20:00+01:00,2150.625732421875,2262.130859375,2975.17333984375,2287.9341403873905,2545.02556760894,2513.8549213231563,2467.8424600845337,2513.8549213231563,2562.30234927789,2446.3080792972505,2375.7451422292843,2446.3080792972505
2013-12-19 12:30:00+01:00,2270.91748046875,2150.625732421875,2991.226318359375,2222.610389435659,2572.5377068738844,2535.2279325532545,2485.2314157132373,2535.2279325532545,2568.4413740823206,2442.115799811352,2383.100290940636,2442.115799811352
2013-12-19 12:40:00+01:00,2441.91064453125,2270.91748046875,3271.66748046875,2272.645064707847,2612.952404641127,2574.464821221149,2518.774494455554,2574.464821221149,2625.258142195505,2513.033893798985,2433.6396699594807,2513.033893798985
2013-12-19 12:50:00+01:00,2547.3720703125,2441.91064453125,3418.4873046875,2353.1851367860763,2663.944872268019,2625.3467983695223,2569.906236101689,2625.3467983695223,2679.9811604702836,2583.1700485118413,2519.83601839389,2583.1700485118413
2013-12-19 13:00:00+01:00,2549.332275390625,2547.3720703125,3506.703369140625,2468.5805781374775,2717.011575858508,2678.1902628279286,2626.4176867909296,2678.1902628279286,2739.1339453333144,2647.2884013206813,2575.2987298489315,2647.2884013206813
2013-12-19 13:10:00+01:00,2767.84033203125,2549.332275390625,3498.346435546875,2530.8544821200853,2760.6853284182057,2719.8818134055105,2671.320827987254,2719.8818134055105,2773.676524862236,2678.3647902005887,2611.415820071505,2678.3647902005887
2013-12-19 13:20:00+01:00,2683.885986328125,2767.84033203125,3569.228271484375,2661.088457003641,2812.7576611327745,2775.4552945852674,2729.8444062400667,2775.4552945852674,2841.999845740085,2770.0586105985312,2693.6657114207765,2770.0586105985312
2013-12-19 13:30:00+01:00,2711.2275390625,2683.885986328125,3720.033935546875,2667.022762626592,2854.916834342756,2817.004066448006,2773.0186574780073,2817.004066448006,2879.566657738752,2781.296162266935,2730.623439985402,2781.296162266935
2013-12-19 13:40:00+01:00,2517.59423828125,2711.2275390625,4082.5556640625,2711.986367309667,2898.959982307751,2862.113978746411,2815.7522694927275,2862.113978746411,2936.3990304239696,2828.0242699600217,2750.4545644805407,2828.0242699600217
2013-12-19 13:50:00+01:00,2742.89599609375,2517.59423828125,3707.84619140625,2600.352837894174,2908.7226731415576,2862.954397470365,2814.188305237177,2862.954397470365,2886.2324307269696,2737.8064709501696,2692.907785414001,2737.8064709501696
2013-12-19 14:00:00+01:00,2650.20751953125,2742.89599609375,3686.603515625,2677.19107839048,2928.8984000058526,2884.095860263304,2829.3440473159653,2884.095860263304,2946.65927938456,2818.1277834488,2735.2144632194377,2818.1277834488
2013-12-19 14:10:00+01:00,2467.652587890625,2650.20751953125,3479.66552734375,2637.030524057146,2932.491415555429,2883.5621880716417,2825.8890423594794,2883.5621880716417,2912.3228259249095,2783.812227490661,2703.47982491285,2783.812227490661
2013-12-19 14:20:00+01:00,2606.007568359375,2467.652587890625,3577.10302734375,2575.0962823439068,2922.4998828074276,2868.449647110737,2802.7328083019806,2868.449647110737,2915.136192513465,2753.8023014660325,2677.5578000877163,2753.8023014660325
2013-12-19 14:30:00+01:00,2583.6455078125,2606.007568359375,3656.610595703125,2585.3712341989835,2922.6857976623883,2869.74264456712,2797.011287114314,2869.74264456712,2922.6797612801006,2768.6669759542597,2678.952347820202,2768.6669759542597
2013-12-19 14:40:00+01:00,2529.9765625,2583.6455078125,3678.07763671875,2563.2328613115214,2920.361505187152,2866.0986200660163,2790.297913694815,2866.0986200660163,2921.329735743921,2779.52168763623,2670.465766607814,2779.52168763623
2013-12-19 14:50:00+01:00,2546.670166015625,2529.9765625,3535.56689453125,2562.5164249529216,2907.4919845279574,2850.3018626965622,2772.557069200957,2850.3018626965622,2875.3981966268398,2726.570272086972,2633.5918628631184,2726.570272086972
2013-12-19 15:00:00+01:00,2376.378662109375,2546.670166015625,3376.880126953125,2552.9325466766263,2890.485245853681,2831.9997797861174,2752.4367381186707,2831.9997797861174,2865.4756545084024,2720.895710677528,2623.844656826429,2720.895710677528
2013-12-19 15:10:00+01:00,2511.29638671875,2376.378662109375,3201.69921875,2455.6949223769207,2855.6262677008813,2791.7283819197846,2709.260485821879,2791.7283819197846,2801.32389669645,2633.1648958775077,2551.602761136719,2633.1648958775077
2013-12-19 15:20:00+01:00,2380.689208984375,2511.29638671875,3431.975341796875,2487.615555073236,2840.416614637702,2781.0902306970834,2693.8329010486445,2781.0902306970834,2834.8412603625793,2696.2553930010718,2592.5702181405595,2696.2553930010718
2013-12-19 15:30:00+01:00,2496.920166015625,2380.689208984375,3477.485595703125,2409.634338564708,2816.90864970304,2756.000337632424,2667.7176333548045,2756.000337632424,2786.1277164965622,2649.570272105734,2544.0511707882874,2649.570272105734
2013-12-19 15:40:00+01:00,2670.805419921875,2496.920166015625,3364.166748046875,2465.478878948606,2798.50155011984,2739.9727859446944,2652.6919814881103,2739.9727859446944,2793.0972791258373,2655.5869907134725,2547.1333057957004,2655.5869907134725
2013-12-19 15:50:00+01:00,2527.71533203125,2670.805419921875,3284.31201171875,2540.3776213935644,2791.2443675580425,2738.944428379594,2656.4213784934695,2738.944428379594,2803.4417276000077,2684.5960229593097,2578.4376125485483,2684.5960229593097
2013-12-19 16:00:00+01:00,2489.796630859375,2527.71533203125,3185.441162109375,2528.669411462498,2770.2903315902945,2719.2024411423704,2641.6530141806666,2719.2024411423704,2769.3072240989663,2631.219672964625,2549.0785149626345,2631.219672964625
2013-12-19 16:10:00+01:00,2740.838623046875,2489.796630859375,3094.74560546875,2510.1416457330283,2742.7395250548852,2694.1675896536017,2618.391111425666,2694.1675896536017,2760.6009413771712,2588.763331429553,2531.582600325904,2588.763331429553
2013-12-19 16:20:00+01:00,2435.473876953125,2740.838623046875,3113.179443359375,2584.2216357857383,2734.081443113994,2696.5597499516643,2624.1012773013463,2696.5597499516643,2800.6068362324945,2675.6389258372847,2596.701800340691,2675.6389258372847
2013-12-19 16:30:00+01:00,2455.37646484375,2435.473876953125,3142.384033203125,2469.8602599177,2704.571399802162,2667.4573000445707,2597.40342067748,2667.4573000445707,2712.25810146174,2565.068020386868,2497.929127344912,2565.068020386868
2013-12-19 16:40:00+01:00,2387.4033203125,2455.37646484375,3258.413818359375,2460.0765864300906,2678.5794385005343,2646.604469218436,2574.715550438156,2646.604469218436,2729.7265695979227,2575.8682084009542,2499.0190333127052,2575.8682084009542
2013-12-19 16:50:00+01:00,2405.840087890625,2387.4033203125,2934.7275390625,2355.8205836794773,2637.2361333775857,2603.6359222849437,2533.118531551718,2603.6359222849437,2635.302055892723,2496.367602669629,2440.9347385258516,2496.367602669629
2013-12-19 17:00:00+01:00,2422.162353515625,2405.840087890625,2884.929931640625,2344.4574847287004,2598.0370801219437,2566.9625012312913,2495.2221598914284,2566.9625012312913,2610.313575302096,2487.612562597782,2441.004567638305,2487.612562597782
2013-12-19 17:10:00+01:00,2372.235107421875,2422.162353515625,2943.276123046875,2330.8349402277736,2564.283236843605,2538.300430901838,2465.870085048029,2538.300430901838,2604.8666220418686,2468.4159725012937,2434.142641172859,2468.4159725012937
2013-12-19 17:20:00+01:00,2159.3251953125,2372.235107421875,2892.75634765625,2303.3375132003184,2526.392493460458,2503.6541123786988,2432.084409674911,2503.6541123786988,2555.2402292829006,2432.6968475212943,2398.221952312125,2432.6968475212943
2013-12-19 17:30:00+01:00,2137.34716796875,2159.3251953125,3015.922607421875,2180.1912954626305,2477.227042737759,2454.1360447179586,2378.4318506763707,2454.1360447179586,2492.924354201747,2349.400510707917,2324.5222552710984,2349.400510707917
2013-12-19 17:40:00+01:00,2231.636474609375,2137.34716796875,3012.972412109375,2104.7102393576743,2427.566483357819,2404.9943324657133,2324.544101698343,2404.9943324657133,2473.22137099264,2328.8756641702653,2305.814868135692,2328.8756641702653
2013-12-19 17:50:00+01:00,2189.93603515625,2231.636474609375,2831.693115234375,2090.8380842656416,2383.031625381591,2362.1786973368767,2281.6166167877336,2362.1786973368767,2417.089787375401,2298.946845147022,2294.088837604187,2298.946845147022
2013-12-19 18:00:00+01:00,2123.960205078125,2189.93603515625,3028.6845703125,2076.4289975137276,2344.9595879011654,2328.393233180939,2245.883650801794,2328.393233180939,2410.2188908465755,2288.0320846624454,2280.7325480160407,2288.0320846624454
2013-12-19 18:10:00+01:00,2123.450927734375,2123.960205078125,2758.276611328125,2047.1765655157878,2294.6149960498024,2276.7735815949222,2196.0154209905936,2276.7735815949222,2332.878688123245,2200.0291941925425,2222.5868710035184,2200.0291941925425
2013-12-19 18:20:00+01:00,1877.5533447265625,2123.450927734375,2910.153564453125,2015.7464999689398,2252.2881262199003,2238.7913549644227,2155.503872435555,2238.7913549644227,2332.318106328704,2197.71665134378,2220.9752358029077,2197.71665134378
2013-12-19 18:30:00+01:00,2125.43505859375,1877.5533447265625,2794.071044921875,1873.9161302835223,2187.66907289785,2169.2490543071326,2081.9438009572405,2169.2490543071326,2243.151070199597,2071.6711180957786,2120.695830342477,2071.6711180957786
2013-12-19 18:40:00+01:00,2092.7607421875,2125.43505859375,2620.68115234375,1933.2471128983063,2142.164423739091,2128.438545407363,2041.4469968593808,2128.438545407363,2242.89242627649,2096.4430211313625,2129.2610781086487,2096.4430211313625
2013-12-19 18:50:00+01:00,1824.8812255859375,2092.7607421875,2535.814453125,1909.6516867590394,2096.518589476636,2085.683041340661,2001.9535986451017,2085.683041340661,2175.594395035988,2025.2031368975738,2093.2233965145037,2025.2031368975738
2013-12-19 19:00:00+01:00,1729.0023193359375,1824.8812255859375,2712.614013671875,1820.911709703272,2037.3508748817517,2026.4708945944556,1938.5827641862222,2026.4708945944556,2131.7584343330627,1940.7205744441524,2012.8879690234714,1940.7205744441524
2013-12-19 19:10:00+01:00,1680.3956298828125,1729.0023193359375,2714.04296875,1707.8940019342426,1972.524032573262,1960.4579718758887,1866.8047273803904,1960.4579718758887,2030.8585010479765,1844.7614549924403,1939.269066930075,1844.7614549924403
2013-12-19 19:20:00+01:00,1606.5753173828125,1680.3956298828125,2616.867431640625,1607.698111777475,1905.5241670540026,1890.970597970316,1793.0101349791619,1890.970597970316,1980.187169086259,1797.7191850512495,1873.1654213633385,1797.7191850512495
2013-12-19 19:30:00+01:00,1626.3035888671875,1606.5753173828125,2198.77294921875,1538.3894903290113,1824.9328318221933,1802.3829759452383,1704.537784182188,1802.3829759452383,1853.3529470142585,1686.6271810217845,1764.4446131479217,1686.6271810217845
2013-12-19 19:40:00+01:00,1547.6588134765625,1626.3035888671875,2152.58447265625,1518.4558808037539,1753.4196275503045,1730.3043818818674,1631.442945153426,1730.3043818818674,1790.8083459829127,1639.0347282720395,1729.9954799986676,1639.0347282720395
2013-12-19 19:50:00+01:00,1395.2603759765625,1547.6588134765625,2111.39794921875,1466.1148511893816,1682.3081040931256,1659.2676216683035,1561.3756749794652,1659.2676216683035,1704.520969871558,1566.9528630447041,1650.4046050315847,1566.9528630447041
2013-12-19 20:00:00+01:00,1390.3670654296875,1395.2603759765625,1945.9100341796875,1377.0140137442863,1600.1950979697408,1573.5917984191874,1477.5181493282716,1573.5917984191874,1614.7834279299775,1470.826420863688,1537.1184091335222,1470.826420863688
2013-12-19 20:10:00+01:00,1230.7984619140625,1390.3670654296875,1868.346435546875,1325.3614091628165,1525.5099267394899,1499.4763273947908,1406.5208048779482,1499.4763273947908,1544.1669664995839,1417.063019377703,1469.3037033329244,1417.063019377703
2013-12-19 20:20:00+01:00,1114.678466796875,1230.7984619140625,1818.642822265625,1213.8716095272005,1444.3386238885446,1416.7973460437536,1326.3492886733911,1416.7973460437536,1427.539074693505,1324.5620348793193,1343.5382306738081,1324.5620348793193
2013-12-19 20:30:00+01:00,1020.210205078125,1114.678466796875,1755.3455810546875,1120.9650071260805,1360.361211976412,1331.1886870260612,1242.7413733968315,1331.1886870260612,1325.916803583889,1240.5836830412247,1240.6100226257213,1240.5836830412247
2013-12-19 20:40:00+01:00,942.3615112304688,1020.210205078125,1559.6773681640625,1018.1731906812312,1272.0979073188187,1239.7835721473543,1154.9304329477645,1239.7835721473543,1217.9207175950198,1149.568035993381,1148.757274528919,1149.568035993381
2013-12-19 20:50:00+01:00,842.162353515625,942.3615112304688,1485.1571044921875,936.0822754774788,1186.8392492726987,1153.8049274649743,1072.0051996591046,1153.8049274649743,1142.321355670686,1080.4049834553143,1069.7242625426472,1080.4049834553143
2013-12-19 21:00:00+01:00,718.431396484375,842.162353515625,1268.629638671875,850.1928030970345,1097.3111709049674,1061.8026322909338,984.4878188584458,1061.8026322909338,1052.8167325774675,989.1994992330007,994.6910245655577,989.1994992330007
2013-12-19 21:10:00+01:00,781.4337158203125,718.431396484375,1170.320068359375,750.4705268046976,1005.5087743118573,968.2558918304975,892.7397044645824,968.2558918304975,961.4274683916206,902.3602525678709,916.2305214003163,902.3602525678709
2013-12-19 21:20:00+01:00,700.1835327148438,781.4337158203125,1040.10888671875,735.2097276308906,933.7777191680367,900.230069936856,831.4357246165703,900.230069936856,914.267901192961,882.2021136586029,886.8481495168753,882.2021136586029
2013-12-19 21:30:00+01:00,728.158447265625,700.1835327148438,1092.980224609375,682.0369688681099,871.1089207616418,842.3606771820525,779.8555314132882,842.3606771820525,842.7011374784101,836.4891978814783,839.8645277424104,836.4891978814783
2013-12-19 21:40:00+01:00,701.6062622070312,728.158447265625,1161.1085205078125,690.462253318336,827.9073654039606,806.1702110916502,753.2504660567873,806.1702110916502,824.7207329722579,823.4181035689397,818.0068744735646,823.4181035689397
2013-12-19 21:50:00+01:00,737.4238891601562,701.6062622070312,1038.0328369140625,665.1381057600702,788.6973535737336,770.529112208243,728.9245551931893,770.529112208243,775.7851712231453,768.4247496719768,769.3531667960995,768.4247496719768
2013-12-19 22:00:00+01:00,640.251953125,737.4238891601562,892.2315673828125,680.8356928371129,756.6731703832246,742.0089293744192,711.9169535346923,742.0089293744192,763.8363515709599,754.6210309550946,757.0764837650282,754.6210309550946
2013-12-19 22:10:00+01:00,642.985107421875,640.251953125,839.0234985351562,634.2711230706925,720.1800736673952,706.0807283748468,681.8347970696004,706.0807283748468,710.1256865010276,693.2643648192691,710.2760303607811,693.2643648192691
2013-12-19 22:20:00+01:00,583.51904296875,642.985107421875,765.0784912109375,621.7158274143142,687.8484491561197,674.7699901081455,654.4512941259288,674.7699901081455,695.9027782780144,683.8744207100617,699.2317016346757,683.8744207100617
2013-12-19 22:30:00+01:00,631.5819702148438,583.51904296875,817.5980224609375,572.6280547174549,657.4491262342375,645.3558221938652,625.7104914553005,645.3558221938652,647.887825414077,643.0078597408149,663.6346177011229,643.0078597408149
2013-12-19 22:40:00+01:00,589.1495971679688,631.5819702148438,737.6973876953125,582.4820072064999,634.5575470680957,624.6382176718705,607.978845511964,624.6382176718705,649.0039724994164,639.7451778633491,665.3938697032612,639.7451778633491
2013-12-19 22:50:00+01:00,559.7251586914062,589.1495971679688,788.7015991210938,558.6242799954022,614.194584913941,606.4287441949675,591.3060223877189,606.4287441949675,611.9753382418714,605.6661491813551,638.4063007233362,605.6661491813551
2013-12-19 23:00:00+01:00,568.6799926757812,559.7251586914062,717.38330078125,544.7328741365842,592.1605620514986,584.3272241549845,570.25700070117,584.3272241549845,591.893430044297,579.8310306535308,619.0747481950959,579.8310306535308
2013-12-19 23:10:00+01:00,518.3544921875,568.6799926757812,961.6254272460938,533.3430324391696,582.531380152291,578.6330548661705,565.6411178217558,578.6330548661705,583.6538450692759,578.05149206001,602.8854224289304,578.05149206001
2013-12-19 23:20:00+01:00,516.46484375,518.3544921875,880.5134887695312,504.00391253119,567.0848164576274,562.4078393032881,550.2293095339502,562.4078393032881,560.6243094879293,538.9160136418712,575.2686498856204,538.9160136418712
2013-12-19 23:30:00+01:00,506.9211730957031,516.46484375,801.4865112304688,493.8523320556964,550.0143082892919,544.5887159175103,532.6670095972258,544.5887159175103,531.3140755468022,512.2205550308405,550.8648468401926,512.2205550308405
2013-12-19 23:40:00+01:00,482.310791015625,506.9211730957031,778.3073120117188,477.9115098815656,532.586939694545,527.4323574288917,514.9578096079733,527.4323574288917,513.6141763826876,490.7734602955209,532.2976093540029,490.7734602955209
2013-12-19 23:50:00+01:00,465.71014404296875,482.310791015625,736.0413208007812,463.16937564145206,513.1945279502119,507.9949275083333,494.2538154541396,507.9949275083333,489.863441646133,471.4683511696337,515.0947419109513,471.4683511696337
2013-12-20 00:00:00+01:00,525.8391723632812,465.71014404296875,640.9776000976562,447.6913454340972,491.3637269007918,485.7343044930807,470.6322746669693,485.7343044930807,472.3876117128291,447.82044686779545,493.5161527895079,447.82044686779545
2013-12-20 00:10:00+01:00,489.6033630371094,525.8391723632812,652.62109375,466.3918559130053,479.4826191952156,477.8363967363244,463.6833293440543,477.8363967363244,469.5668036789743,459.5805295221098,496.921587351828,459.5805295221098
2013-12-20 00:20:00+01:00,372.1817321777344,489.6033630371094,600.1445922851562,458.08010311629766,465.70870055439053,466.0726699812638,452.36557920594095,466.0726699812638,447.87903859547527,437.021722831404,472.087846530249,437.021722831404
2013-12-20 00:30:00+01:00,404.6974182128906,372.1817321777344,584.4217529296875,403.682694588521,441.5886991476,438.66812482885547,421.5018394456828,438.66812482885547,411.32766372942757,394.97551419552644,433.87819151517914,394.97551419552644
2013-12-20 00:40:00+01:00,391.80352783203125,404.6974182128906,557.5985107421875,389.8349996392228,423.5981448145878,420.1687109617701,402.1384470567841,420.1687109617701,404.4312971542239,391.6259483189278,420.0994339833313,391.6259483189278
2013-12-20 00:50:00+01:00,297.0850830078125,391.80352783203125,570.5591430664062,366.9641115833963,407.6123710678975,404.79433109143247,386.69251028534586,404.79433109143247,388.8069594043747,376.3885303528317,400.85552642798797,376.3885303528317
2013-12-20 01:00:00+01:00,363.3345031738281,297.0850830078125,585.45849609375,323.14874371282457,383.98941465615917,377.8526675386551,357.75166341356606,377.8526675386551,358.5933399656803,345.3864618642976,372.60925718250274,345.3864618642976
2013-12-20 01:10:00+01:00,311.2339782714844,363.3345031738281,528.4888916015625,333.95666520439624,369.9464491079903,364.4793117157701,346.8844620221575,364.4793117157701,357.50798292664854,343.66850709735866,364.8597081695558,343.66850709735866
2013-12-20 01:20:00+01:00,304.2301940917969,311.2339782714844,479.7017822265625,303.3224499012864,351.59939628240016,345.5303475590478,329.24698719825136,345.5303475590478,336.3854531351914,323.4473028255982,339.0293998864039,323.4473028255982
2013-12-20 01:30:00+01:00,292.2712097167969,304.2301940917969,467.9685363769531,303.48769951495984,336.03427958520956,329.94583208475996,315.5095503725992,329.94583208475996,331.3365024761312,321.9677614692465,340.39980159652106,321.9677614692465
2013-12-20 01:40:00+01:00,266.19818115234375,292.2712097167969,458.12933349609375,285.83280981489946,322.266766482591,316.43430072525587,303.8967933351736,316.43430072525587,318.0557356442442,308.6986873355386,324.8438643890969,308.6986873355386
2013-12-20 01:50:00+01:00,241.73764038085938,266.19818115234375,431.39776611328125,269.07171342025487,307.99593263985156,301.6557533026784,290.40929717408216,301.6557533026784,304.8807204470191,301.03716320696554,311.77812245864806,301.03716320696554
2013-12-20 02:00:00+01:00,268.4535827636719,241.73764038085938,425.35430908203125,249.0127502538285,293.8734369208628,286.69809710360653,276.1949101639394,286.69809710360653,290.72226725074376,286.29731046945506,298.2247401003376,286.29731046945506
2013-12-20 02:10:00+01:00,255.5880126953125,268.4535827636719,385.7320861816406,251.73038478816673,284.5855044605924,278.24529001724187,270.1140954967674,278.24529001724187,291.2819527881268,288.09576783781966,297.7966062485642,288.09576783781966
2013-12-20 02:20:00+01:00,255.26365661621094,255.5880126953125,387.8604736328125,246.05459488874436,276.5029842997227,271.1199627889393,264.5700340645505,271.1199627889393,280.3002657860586,276.78834373421887,287.2481278607199,276.78834373421887
2013-12-20 02:30:00+01:00,247.74217224121094,255.26365661621094,385.22979736328125,249.32063353019464,270.68710644276024,266.19168230556505,261.16647046775046,266.19168230556505,279.0270514679142,276.5426350366737,287.2913078892717,276.5426350366737
2013-12-20 02:40:00+01:00,261.4512634277344,247.74217224121094,352.7109375,243.0329143580492,265.0041559339909,260.8531743106822,256.79916857714824,260.8531743106822,273.0481167489395,269.4909369640074,277.42417513328706,269.4909369640074
2013-12-20 02:50:00+01:00,212.55831909179688,261.4512634277344,361.2525939941406,248.2407761838359,262.5910299108025,259.64088457024377,256.91256597801964,259.64088457024377,276.25083054269265,276.6324431236621,281.3223278928296,276.6324431236621
2013-12-20 03:00:00+01:00,225.63673400878906,212.55831909179688,380.7316589355469,225.12917722016945,256.66682822433376,252.84780828564516,248.92419146487308,252.84780828564516,260.6624806454592,260.17258961663873,266.86972818133654,260.17258961663873
2013-12-20 03:10:00+01:00,253.41427612304688,225.63673400878906,314.0599060058594,224.68944581516706,251.68301444985445,247.12380915944968,243.26105300871959,247.12380915944968,258.59253749025936,259.32185991697355,259.51157656829804,259.32185991697355
2013-12-20 03:20:00+01:00,224.5725555419922,253.41427612304688,300.7846984863281,230.58390933948812,250.20317465403318,246.781631433493,244.08391239773152,246.781631433493,260.60022522004465,262.7811956653311,260.8388208391804,262.7811956653311
2013-12-20 03:30:00+01:00,224.44082641601562,224.5725555419922,357.0337219238281,226.05011588512758,248.46541928085898,245.57509542080012,242.45774443802537,245.57509542080012,258.51711098396595,259.09694381970473,263.01215940213547,259.09694381970473
2013-12-20 03:40:00+01:00,250.79286193847656,224.44082641601562,348.6495056152344,226.39917163989878,247.34936995662815,244.34583785448024,241.12524657896432,244.34583785448024,253.81565636375552,254.60461254152065,258.2329915364673,254.60461254152065
2013-12-20 03:50:00+01:00,213.31396484375,250.79286193847656,376.40509033203125,233.4066722724792,250.01248881232183,248.2456118071704,246.01187490005424,248.2456118071704,261.53209057034434,262.8832764325622,265.1543511148972,262.8832764325622
2013-12-20 04:00:00+01:00,220.3538360595703,213.31396484375,323.42486572265625,221.06420599466117,247.38957316947318,244.56306805405075,241.38008164986257,244.56306805405075,250.20449720657163,252.7549273282317,253.2301436743688,252.7549273282317
2013-12-20 04:10:00+01:00,226.8492889404297,220.3538360595703,306.4742126464844,223.0680474652474,245.7652124675548,242.40311196104577,238.98646172697343,242.40311196104577,252.07778141437657,255.2005110073219,256.83914478603754,255.2005110073219
2013-12-20 04:20:00+01:00,201.8170928955078,226.8492889404297,330.9189453125,220.50716737438879,246.07063309507686,243.10597538332354,239.74242691307379,243.10597538332354,250.52089090807095,252.80674782865853,254.61701459417748,252.80674782865853
2013-12-20 04:30:00+01:00,205.79383850097656,201.8170928955078,332.8104553222656,211.65812210337668,244.06994684918448,240.3704707167312,235.98391633277348,240.3704707167312,244.68723883835358,247.82874479551762,249.8974889126241,247.82874479551762
2013-12-20 04:40:00+01:00,235.0680694580078,205.79383850097656,312.3493347167969,210.64325668744712,242.50937258865213,238.213089211552,233.5646813744155,238.213089211552,243.69464280168575,249.0598862757715,248.3153762776011,249.0598862757715
2013-12-20 04:50:00+01:00,192.87130737304688,235.0680694580078,342.7872314453125,221.3368937980889,245.39168715304857,242.30591456738378,238.74067693043295,242.30591456738378,251.1473776169434,256.0862024792332,257.4101867062714,256.0862024792332
2013-12-20 05:00:00+01:00,216.3181915283203,192.87130737304688,332.0566101074219,208.4281412739577,243.43247890869918,239.4687831630753,234.84709792420347,239.4687831630753,237.4326585170374,243.73167741251203,244.82875389385134,243.73167741251203
2013-12-20 05:10:00+01:00,236.10061645507812,216.3181915283203,325.21026611328125,219.2175478275295,244.59957490004626,240.7151980461675,236.71535539421765,240.7151980461675,247.55589077182293,255.24079481616468,253.88869022982303,255.24079481616468
2013-12-20 05:20:00+01:00,207.1969757080078,236.10061645507812,331.92108154296875,226.0988984000728,248.23266982727287,245.48566429708717,242.75368641465914,245.48566429708717,252.8021364755692,256.0812661509466,253.41434400206055,256.0812661509466
2013-12-20 05:30:00+01:00,252.6470184326172,207.1969757080078,347.45159912109375,223.17585021301466,249.31867948463253,246.3941297160125,243.22494682121302,246.3941297160125,250.4840231213653,255.7470903123667,255.11787364366546,255.7470903123667
2013-12-20 05:40:00+01:00,243.0723419189453,252.6470184326172,365.0081787109375,246.28965771100678,256.2494466191249,254.76578055776795,253.40016192833414,254.76578055776795,264.9852090177282,268.71405136068404,266.9609981800483,268.71405136068404
2013-12-20 05:50:00+01:00,206.34780883789062,243.0723419189453,344.6718444824219,246.98873281137114,261.3476460187875,260.4564866533181,259.9629941610958,260.4564866533181,266.25725482825817,268.6006139430248,264.02026592806976,268.6006139430248
2013-12-20 06:00:00+01:00,246.40040588378906,206.34780883789062,357.2065124511719,238.05047189497148,262.5428705507921,260.46196584507686,258.66476919718804,260.46196584507686,261.9158890721096,268.0646108859818,267.66007695708925,268.0646108859818
2013-12-20 06:10:00+01:00,231.74612426757812,246.40040588378906,370.59930419921875,251.1300673628306,269.03385357401197,267.5547621467393,266.6870050953866,267.5547621467393,280.10106844699385,283.88520101977645,284.8830118303203,283.88520101977645
2013-12-20 06:20:00+01:00,241.9884033203125,231.74612426757812,337.94732666015625,246.29348943202723,272.31092147861676,270.5470480800597,269.6503430944277,270.5470480800597,276.5033567152604,280.54924298677463,278.0522434139812,280.54924298677463
2013-12-20 06:30:00+01:00,240.6429901123047,241.9884033203125,390.7558898925781,261.08883474925733,278.84198648438115,277.7436003584503,277.00648763984447,277.7436003584503,290.7665399864048,296.24415729865916,301.09566265407244,296.24415729865916
2013-12-20 06:40:00+01:00,296.80535888671875,240.6429901123047,426.3634033203125,261.82170229924867,286.2003437946221,285.544292960654,284.70198095600614,285.544292960654,297.92325395697134,304.68582718396436,311.297549297247,304.68582718396436
2013-12-20 06:50:00+01:00,303.16021728515625,296.80535888671875,428.5957336425781,296.3835562787818,300.22259336876573,301.7536875685852,303.4307494542968,301.7536875685852,324.25261374844274,327.9883204534237,336.8884122551787,327.9883204534237
2013-12-20 07:00:00+01:00,369.72698974609375,303.16021728515625,462.09869384765625,316.4588652027976,316.3779093565847,320.0739452508486,323.82462548900463,320.0739452508486,340.1179695197089,348.063179329242,359.9830344651964,348.063179329242
2013-12-20 07:10:00+01:00,364.43896484375,369.72698974609375,468.1021728515625,372.073252025559,341.10469460092105,348.3296853185338,356.5403776513779,348.3296853185338,380.27801622048247,386.8422232273474,398.554684547591,386.8422232273474
2013-12-20 07:20:00+01:00,412.5123291015625,364.43896484375,497.8741455078125,391.5286530753198,367.8378086459663,377.36082794281344,388.4283169909122,377.36082794281344,398.1025431041236,406.0814634531696,423.3874074412697,406.0814634531696
2013-12-20 07:30:00+01:00,379.6234130859375,412.5123291015625,548.8626098632812,438.61842367591737,404.1022096545893,416.60314686616744,430.9943605230852,416.60314686616744,447.7607046191824,456.69462157935806,483.19354656419716,456.69462157935806
2013-12-20 07:40:00+01:00,429.2800598144531,379.6234130859375,709.4178466796875,434.8279232676773,444.27674927086304,457.771509161968,471.38978263735356,457.771509161968,467.63986542995633,485.5814023652673,516.5753460505308,485.5814023652673
2013-12-20 07:50:00+01:00,670.1840209960938,429.2800598144531,785.7395629882812,471.1097242526862,495.21059567577197,509.9860571744106,522.5310652235057,509.9860571744106,517.4792987054184,546.795404145598,588.2046294235295,546.795404145598
2013-12-20 08:00:00+01:00,684.614990234375,670.1840209960938,838.3457641601562,598.7094673417841,581.0041745999428,605.736170956885,624.8468658950848,605.736170956885,616.2203277031832,659.9505440000004,708.9964905754284,659.9505440000004
2013-12-20 08:10:00+01:00,693.4315795898438,684.614990234375,990.9094848632812,691.1992421260893,684.815252310518,718.1561874795507,741.9515579868329,718.1561874795507,696.2753628445909,743.3984688390867,807.7949240027021,743.3984688390867
2013-12-20 08:20:00+01:00,856.2360229492188,693.4315795898438,1039.6175537109375,778.3095332055337,797.1683080972306,833.9700643620944,853.8841355939795,833.9700643620944,785.6103194815668,810.5271290958486,884.5392335564552,810.5271290958486
2013-12-20 08:30:00+01:00,789.6416015625,856.2360229492188,1123.572021484375,876.8044336966799,931.1588530760191,974.2288650664418,984.0610973887985,974.2288650664418,945.2452258330786,959.6521030118942,1021.8218573466244,959.6521030118942
2013-12-20 08:40:00+01:00,935.7096557617188,789.6416015625,1333.0550537109375,888.5934185799364,1053.5464980591044,1093.8182539853665,1082.547922476872,1093.8182539853665,1016.0774916545463,1007.1947027923469,1091.109097243085,1007.1947027923469
2013-12-20 08:50:00+01:00,1030.28515625,935.7096557617188,1356.0009765625,1001.0305907384692,1172.0616494992125,1207.9752461543346,1175.8815373546518,1207.9752461543346,1144.3076006722354,1118.9658799046897,1230.9421319033695,1118.9658799046897
2013-12-20 09:00:00+01:00,1220.1326904296875,1030.28515625,1505.298828125,1073.7594278979655,1281.672631637122,1310.6945668545509,1263.6371045723654,1310.6945668545509,1225.0236434096566,1202.1841734666612,1291.1880641094658,1202.1841734666612
2013-12-20 09:10:00+01:00,1237.139892578125,1220.1326904296875,1510.490966796875,1243.2189214285756,1385.2366655144333,1407.7084585657767,1357.8265000313177,1407.7084585657767,1350.3082571088248,1312.9854599489722,1416.5287957794026,1312.9854599489722
2013-12-20 09:20:00+01:00,1306.8203125,1237.139892578125,1588.69873046875,1329.3435467903564,1469.5238053630821,1482.5357310267427,1434.956995354676,1482.5357310267427,1432.1093647946605,1388.0792023028557,1503.699743752848,1388.0792023028557
2013-12-20 09:30:00+01:00,1387.7255859375,1306.8203125,1766.7880859375,1424.3936713988921,1547.8800622971798,1553.983888913496,1509.7872122561953,1553.983888913496,1525.724336804066,1487.0898957144493,1592.8657835624956,1487.0898957144493
2013-12-20 09:40:00+01:00,1409.9805908203125,1387.7255859375,1808.7479248046875,1489.318227972556,1617.541421277418,1617.632652856298,1579.4021618219024,1617.632652856298,1599.5913877481653,1548.0166184567893,1651.902597965883,1548.0166184567893
2013-12-20 09:50:00+01:00,1643.7427978515625,1409.9805908203125,1958.758544921875,1537.8142411829317,1681.1119344646713,1676.1252060002132,1641.8002827205612,1676.1252060002132,1671.0949162733643,1619.5886841901076,1722.1703858180547,1619.5886841901076
2013-12-20 10:00:00+01:00,1689.27197265625,1643.7427978515625,1993.3565673828125,1685.6721461870245,1755.0668999861432,1750.8479869498933,1724.537554313364,1750.8479869498933,1772.6413799944607,1721.9427941697336,1798.4819603639698,1721.9427941697336
2013-12-20 10:10:00+01:00,1596.9041748046875,1689.27197265625,2189.364501953125,1768.5751930793974,1831.247963771064,1827.4080419043523,1809.5414266299847,1827.4080419043523,1842.9083112270525,1809.6838551657934,1864.5229622801792,1809.6838551657934
2013-12-20 10:20:00+01:00,1671.042236328125,1596.9041748046875,2084.78857421875,1784.5834908489162,1882.8009669462826,1873.2365247018888,1858.9656186445072,1873.2365247018888,1869.9358236963506,1808.0069187885879,1857.5364695613835,1808.0069187885879
2013-12-20 10:30:00+01:00,1595.8232421875,1671.042236328125,2147.304443359375,1807.1035900936558,1933.958513509793,1922.4816558462699,1904.8882645603048,1922.4816558462699,1933.5855151719643,1885.3746799154803,1907.5729332155802,1885.3746799154803
2013-12-20 10:40:00+01:00,1878.992919921875,1595.8232421875,2104.73974609375,1752.9787130483894,1967.6791341740632,1949.9464255340213,1924.7442533499882,1949.9464255340213,1943.7534240677796,1900.2474845438787,1913.4287663309863,1900.2474845438787
2013-12-20 10:50:00+01:00,1986.623046875,1878.992919921875,2194.3740234375,1894.0470776998109,2023.8122154388407,2009.7789591996034,1980.270513931601,2009.7789591996034,2032.1223462940666,2014.5211555245487,1982.1288379785067,2014.5211555245487
2013-12-20 11:00:00+01:00,1975.8968505859375,1986.623046875,2214.0810546875,1987.982145925726,2084.000155878156,2072.4079375630913,2046.3013926317205,2072.4079375630913,2077.308886545461,2085.380407279251,2026.3585031204757,2085.380407279251
2013-12-20 11:10:00+01:00,1999.361572265625,1975.8968505859375,2228.425537109375,2072.3143818605076,2137.2646060125953,2125.9871246589187,2103.266383760216,2125.9871246589187,2135.466123888426,2135.548391652643,2078.4299930265,2135.548391652643
2013-12-20 11:20:00+01:00,2245.89208984375,1999.361572265625,2195.00146484375,2098.032691062315,2183.3567086796043,2171.9898997890987,2150.2417470955534,2171.9898997890987,2170.124219949193,2151.950650140438,2078.4106732861114,2151.950650140438
2013-12-20 11:30:00+01:00,2462.250732421875,2245.89208984375,2448.745361328125,2216.1694686602523,2252.8895100053173,2248.715473353871,2230.1115969096168,2248.715473353871,2257.4646922688057,2296.682884743299,2180.4525531768636,2296.682884743299
2013-12-20 11:40:00+01:00,2270.869140625,2462.250732421875,2437.525146484375,2375.9645725732116,2328.3994853862473,2331.050488536497,2324.558506048356,2331.050488536497,2326.3969930606127,2370.444227887787,2258.0903122542522,2370.444227887787
2013-12-20 11:50:00+01:00,2222.109130859375,2270.869140625,2623.10498046875,2379.497320557311,2390.147900769107,2391.441961268373,2392.4085805826376,2391.441961268373,2346.729132541682,2374.727617735895,2250.702964020869,2374.727617735895
2013-12-20 12:00:00+01:00,2357.328857421875,2222.109130859375,2524.6630859375,2351.2106933904665,2432.4948616482106,2429.5526439469472,2430.7342250005363,2429.5526439469472,2370.308606947309,2387.003693605606,2286.5659427510363,2387.003693605606
2013-12-20 12:10:00+01:00,2275.755859375,2357.328857421875,2549.3056640625,2357.5894418465405,2477.641527827446,2474.6937948900522,2472.973115125948,2474.6937948900522,2459.029455723654,2472.0661203161385,2363.0063439394507,2472.0661203161385
2013-12-20 12:20:00+01:00,2439.71728515625,2275.755859375,2624.76513671875,2327.09631339053,2513.32250775902,2505.7790979388155,2499.5246695100263,2505.7790979388155,2469.024041120981,2483.5847179676525,2360.9689809931338,2483.5847179676525
2013-12-20 12:30:00+01:00,2526.544921875,2439.71728515625,2694.481201171875,2416.3948878922097,2556.0948385294155,2549.328352406972,2539.913355985646,2549.328352406972,2542.105858526681,2551.8736654278573,2442.919974355932,2551.8736654278573
2013-12-20 12:40:00+01:00,2346.08984375,2526.544921875,2781.529296875,2470.9928191562212,2602.1448546517827,2595.9507723781508,2587.4536586206195,2595.9507723781508,2584.377733284278,2605.554840881159,2491.9917725044515,2605.554840881159
2013-12-20 12:50:00+01:00,2470.79833984375,2346.08984375,2865.534912109375,2432.350501452771,2631.771887553737,2618.9452325807724,2608.2629345010578,2618.9452325807724,2610.962247187977,2600.7102362949395,2484.4305091576252,2600.7102362949395
2013-12-20 13:00:00+01:00,2650.647705078125,2470.79833984375,2940.32958984375,2471.715710662857,2665.4633559076274,2651.5463073709225,2636.9997426582036,2651.5463073709225,2643.0504317852365,2664.305839655326,2526.701950564633,2664.305839655326
2013-12-20 13:10:00+01:00,2598.8076171875,2650.647705078125,3051.009521484375,2543.4718758416534,2709.5671497164735,2697.6802910278457,2684.136397014615,2697.6802910278457,2702.36720153434,2734.058572914308,2598.633322487696,2734.058572914308
2013-12-20 13:20:00+01:00,2632.609619140625,2598.8076171875,3078.01904296875,2585.6551086012983,2744.46048326092,2730.0084839092406,2719.018514630908,2730.0084839092406,2734.086243056724,2760.3067472654757,2646.935752397493,2760.3067472654757
2013-12-20 13:30:00+01:00,2461.224853515625,2632.609619140625,3083.779296875,2631.5593308202797,2774.3872656372,2758.9134570365927,2748.2212161689063,2758.9134570365927,2756.5440002772057,2788.985974743889,2680.851449020548,2788.985974743889
2013-12-20 13:40:00+01:00,2746.58203125,2461.224853515625,3283.27490234375,2539.329322063028,2793.7607737497005,2772.0062418005914,2756.941710417263,2772.0062418005914,2752.3199162357423,2767.859370636637,2670.2509409753857,2767.859370636637
2013-12-20 13:50:00+01:00,2632.10498046875,2746.58203125,3127.026123046875,2651.3824963203197,2819.3882061491754,2800.5232537928664,2783.6989614297077,2800.5232537928664,2834.5596478710913,2860.204960660418,2759.2602176911814,2860.204960660418
2013-12-20 14:00:00+01:00,2633.71630859375,2632.10498046875,3230.586669921875,2618.5590436790303,2838.413314032829,2816.5942045806732,2798.8720720915267,2816.5942045806732,2812.6095246855793,2837.000828204,2732.0461797621447,2837.000828204
2013-12-20 14:10:00+01:00,2568.36181640625,2633.71630859375,3069.23681640625,2660.9108753012197,2845.494522995824,2821.59224249628,2801.364687014736,2821.59224249628,2828.7831105451287,2835.4443915790794,2731.5499419315233,2835.4443915790794
2013-12-20 14:20:00+01:00,2618.542236328125,2568.36181640625,3219.235107421875,2603.0936735971054,2850.918880865677,2824.989191592535,2799.2229859984695,2824.989191592535,2831.142131255622,2825.3357927900433,2734.496245723342,2825.3357927900433
2013-12-20 14:30:00+01:00,2665.730224609375,2618.542236328125,3162.4794921875,2614.6911988245442,2853.593383724971,2827.226801261752,2797.3440571826504,2827.226801261752,2847.2146572697025,2846.897418348135,2718.989031384914,2846.897418348135
2013-12-20 14:40:00+01:00,2900.37158203125,2665.730224609375,3016.33349609375,2634.35045819398,2851.996627789214,2825.9821366586593,2793.94773459435,2825.9821366586593,2843.887906671264,2833.2014507213453,2716.5175067810433,2833.2014507213453
2013-12-20 14:50:00+01:00,2662.661865234375,2900.37158203125,3049.274169921875,2770.6747561349766,2864.927083416204,2847.9627636242108,2817.2862629230026,2847.9627636242108,2909.370360135791,2891.5271820717303,2781.9574291459057,2891.5271820717303
2013-12-20 15:00:00+01:00,2651.58935546875,2662.661865234375,2995.525146484375,2713.6555137458345,2858.8406795232167,2840.2834474948836,2811.7452604681025,2840.2834474948836,2861.2950812590934,2808.976815302451,2708.6973331165377,2808.976815302451
2013-12-20 15:10:00+01:00,2596.08203125,2651.58935546875,3060.012939453125,2706.9841081463687,2850.9848296354594,2834.9715375560027,2803.5398730585357,2834.9715375560027,2893.95853189497,2822.488388324169,2740.3630121162996,2822.488388324169
2013-12-20 15:20:00+01:00,2519.143310546875,2596.08203125,3174.633056640625,2621.6601278553953,2841.7486293892516,2826.471880661902,2791.690614827609,2826.471880661902,2880.2658550534293,2808.030440524288,2728.2306555573327,2808.030440524288
2013-12-20 15:30:00+01:00,2734.369873046875,2519.143310546875,2886.790771484375,2564.2931446804555,2814.5614847103066,2795.403744900208,2757.346596684488,2795.403744900208,2834.981784330702,2741.12721263787,2679.253645546339,2741.12721263787
2013-12-20 15:40:00+01:00,2823.19873046875,2734.369873046875,3033.813720703125,2636.9359470822064,2808.2647567749823,2797.4529670933275,2756.3495787570105,2797.4529670933275,2856.561243222369,2795.3448548452016,2734.205962000573,2795.3448548452016
2013-12-20 15:50:00+01:00,2617.306640625,2823.19873046875,3123.85986328125,2703.77820396956,2810.0773078323987,2807.2212138141076,2770.2365477074745,2807.2212138141076,2880.148963383326,2815.9939183776996,2749.8925076003034,2815.9939183776996
2013-12-20 16:00:00+01:00,2674.865234375,2617.306640625,2726.64794921875,2663.667981233412,2781.4409266359335,2775.2085253436762,2742.3554742647702,2775.2085253436762,2812.9063863525275,2707.295135541403,2686.805431665216,2707.295135541403
2013-12-20 16:10:00+01:00,2548.038818359375,2674.865234375,2946.943115234375,2659.9463445174824,2765.5310700562773,2766.5482641839617,2730.526718322998,2766.5482641839617,2837.4681601296875,2741.309803173496,2726.8087756307036,2741.309803173496
2013-12-20 16:20:00+01:00,2558.95751953125,2548.038818359375,3068.19775390625,2555.3934641925125,2744.411168488262,2746.718574456293,2708.816779972075,2746.718574456293,2797.2617275700586,2687.6698862827843,2666.958192283444,2687.6698862827843
2013-12-20 16:30:00+01:00,2391.499267578125,2558.95751953125,2880.695556640625,2537.0449703236804,2715.494023132585,2718.6332920764653,2679.3352701367044,2718.6332920764653,2793.8323251882393,2665.52556668318,2658.4736273309504,2665.52556668318
2013-12-20 16:40:00+01:00,2764.46826171875,2391.499267578125,2967.589599609375,2418.193553271629,2679.258349268797,2679.781620751854,2635.109923525433,2679.781620751854,2742.6364264961676,2620.576905981192,2583.823184883986,2620.576905981192
2013-12-20 16:50:00+01:00,2595.302001953125,2764.46826171875,2932.306884765625,2554.1303486869,2666.427510684839,2678.9498578974703,2634.6201309898274,2678.9498578974703,2788.493508701953,2668.434300961589,2647.8814494544354,2668.434300961589
2013-12-20 17:00:00+01:00,2626.29931640625,2595.302001953125,2634.355224609375,2504.540993408008,2633.5461713697828,2645.1967048624338,2606.0260446500365,2645.1967048624338,2742.1770618780292,2591.2802962709447,2596.5489494886156,2591.2802962709447
2013-12-20 17:10:00+01:00,2673.378173828125,2626.29931640625,2905.05224609375,2556.340479684475,2613.175306006981,2633.997409592908,2593.9840068398003,2633.997409592908,2761.907518995837,2617.5446060451577,2625.530355985151,2617.5446060451577
2013-12-20 17:20:00+01:00,2455.523193359375,2673.378173828125,2935.588623046875,2537.357487429683,2595.692078656255,2624.659859057492,2587.783954429272,2624.659859057492,2732.2377590063943,2585.1358263069055,2601.022614842807,2585.1358263069055
2013-12-20 17:30:00+01:00,2262.6884765625,2455.523193359375,2710.499755859375,2435.98535413189,2554.8787295235456,2581.022639510141,2545.2768479852894,2581.022639510141,2667.9239896506506,2507.987990918856,2537.2864201046036,2507.987990918856
2013-12-20 17:40:00+01:00,2273.09521484375,2262.6884765625,2826.047607421875,2293.198221510044,2504.6639994860043,2527.706773155577,2483.442883091078,2527.706773155577,2596.9791001070175,2430.1210261925626,2445.37247311301,2430.1210261925626
2013-12-20 17:50:00+01:00,2120.3896484375,2273.09521484375,2633.5068359375,2204.060184918689,2449.184831954875,2469.8411539010876,2417.8674957830704,2469.8411539010876,2544.3207481195577,2387.001228410705,2402.7043949616755,2387.001228410705
2013-12-20 18:00:00+01:00,2335.02587890625,2120.3896484375,2496.83349609375,2081.7715260190103,2381.0340530156445,2394.997376029219,2333.8026048411316,2394.997376029219,2457.078331616703,2290.235247512463,2307.6161346428435,2290.235247512463
2013-12-20 18:10:00+01:00,2156.287109375,2335.02587890625,2531.477294921875,2144.4696139594544,2334.683726702086,2355.783985018989,2289.37999654467,2355.783985018989,2446.4379406060657,2321.7782006137763,2339.7517410365285,2321.7782006137763
2013-12-20 18:20:00+01:00,2015.8968505859375,2156.287109375,2551.549560546875,2062.5604986372045,2280.8734106539778,2301.2149375902472,2232.734676913057,2301.2149375902472,2369.135344590809,2230.4670139936857,2247.9406093429375,2230.4670139936857
2013-12-20 18:30:00+01:00,2134.443603515625,2015.8968505859375,2273.83935546875,1994.4564290835185,2208.49110314392,2222.676510701277,2150.7283752154262,2222.676510701277,2282.4433924610353,2116.8886014002064,2172.4919931164636,2116.8886014002064
2013-12-20 18:40:00+01:00,1919.255615234375,2134.443603515625,2338.17529296875,1978.1901644035602,2153.63310700084,2173.0656835944724,2097.282328975465,2173.0656835944724,2240.074642658386,2077.3389236287703,2157.8641698737756,2077.3389236287703
2013-12-20 18:50:00+01:00,1839.290283203125,1919.255615234375,2365.747802734375,1863.203250602219,2088.4299701122773,2104.9707983709277,2025.8004053658597,2104.9707983709277,2153.0166242811197,1993.055847177713,2048.8749033434847,1993.055847177713
2013-12-20 19:00:00+01:00,1951.767333984375,1839.290283203125,2148.052490234375,1798.5325626865858,2012.8382818443563,2024.0294055668812,1941.4814262524026,2024.0294055668812,2035.3588172619868,1871.9020699515993,1955.846916701025,1871.9020699515993
2013-12-20 19:10:00+01:00,1644.7550048828125,1951.767333984375,2083.132080078125,1785.8431858996344,1950.9326337908124,1964.5441421302694,1881.6749362537832,1964.5441421302694,1983.2420265297337,1839.95908528308,1913.1591174299122,1839.95908528308
2013-12-20 19:20:00+01:00,1486.134765625,1644.7550048828125,1962.93505859375,1639.1116276492862,1866.1441527529748,1870.3942043876125,1784.8554708924248,1870.3942043876125,1830.5416338225057,1711.8589987958694,1770.3760813814918,1711.8589987958694
2013-12-20 19:30:00+01:00,1693.2423095703125,1486.134765625,2013.5625,1516.072807734943,1775.9488197134594,1773.1848964958128,1678.8926073719167,1773.1848964958128,1738.2010646549847,1598.5357314895466,1676.7924233945919,1598.5357314895466
2013-12-20 19:40:00+01:00,1344.2493896484375,1693.2423095703125,1706.2760009765625,1518.3564615567484,1701.2277724624644,1698.0536231042333,1607.0616035659366,1698.0536231042333,1693.3062919709942,1592.0095071041694,1630.74423737412,1592.0095071041694
2013-12-20 19:50:00+01:00,1241.19873046875,1344.2493896484375,1826.3172607421875,1356.2142361391864,1611.9157409749591,1601.2970054312434,1508.1850812479834,1601.2970054312434,1553.0909046628494,1425.6388398722115,1496.501599504845,1425.6388398722115
2013-12-20 20:00:00+01:00,1227.981201171875,1241.19873046875,1699.64111328125,1272.5525004395188,1517.3209803623206,1499.3480773827762,1405.1881821606244,1499.3480773827762,1453.2879105563422,1340.3883194612893,1407.7967340098241,1340.3883194612893
2013-12-20 20:10:00+01:00,1140.5072021484375,1227.981201171875,1544.8228759765625,1177.3248460393484,1428.3156503319908,1405.8813311932877,1315.3040319333556,1405.8813311932877,1365.032251256632,1275.1316202612343,1325.670877074646,1275.1316202612343
2013-12-20 20:20:00+01:00,1019.1906127929688,1140.5072021484375,1342.979736328125,1108.820206724771,1336.3572226721312,1308.5052667232956,1225.0859468595684,1308.5052667232956,1280.2201500951978,1196.460180813467,1229.450111443073,1196.460180813467
2013-12-20 20:30:00+01:00,927.6130981445312,1019.1906127929688,1279.755615234375,1026.1830734264577,1244.589861698956,1213.0617895167086,1135.9275071517936,1213.0617895167086,1203.1838707345112,1119.8491363892533,1164.050847508431,1119.8491363892533
2013-12-20 20:40:00+01:00,860.2623291015625,927.6130981445312,1232.8179931640625,936.8785958046687,1157.0596505103583,1123.551140356496,1053.4021005361503,1123.551140356496,1123.4669055326738,1048.5522811104856,1086.4327834430824,1048.5522811104856
2013-12-20 20:50:00+01:00,789.0068969726562,860.2623291015625,1102.6925048828125,859.3742221105124,1072.9700991069446,1037.5886269366124,976.4196639158159,1037.5886269366124,1048.4718087801411,984.3803741335249,1015.4843386019904,984.3803741335249
2013-12-20 21:00:00+01:00,744.6202392578125,789.0068969726562,1079.3406982421875,790.4237483501942,996.4338260200273,961.0251292442879,908.4529759739236,961.0251292442879,1005.5709695275532,936.8153564004114,962.7019993951355,936.8153564004114
2013-12-20 21:10:00+01:00,782.2459106445312,744.6202392578125,1063.9505615234375,738.8400765925627,929.7937972889835,895.5822942957936,852.4263784874586,895.5822942957936,952.9843276065018,889.5189177325675,918.3683211000102,889.5189177325675
2013-12-20 21:20:00+01:00,736.7810668945312,782.2459106445312,1064.7454833984375,731.5272640012572,881.0435078783839,851.2006905050898,820.4791715491671,851.2006905050898,930.3697538063924,880.5469680349477,901.6395885630648,880.5469680349477
2013-12-20 21:30:00+01:00,696.8599853515625,736.7810668945312,1109.7764892578125,706.5432854756759,840.8140108168312,814.4173460888564,795.9051853913478,814.4173460888564,896.5830925525338,840.8909882910392,865.8662703321527,840.8909882910392
2013-12-20 21:40:00+01:00,733.660888671875,696.8599853515625,1096.9827880859375,684.0712513015799,804.9401608042833,780.1140894454028,772.0892376716918,780.1140894454028,863.5151823291071,804.454423756938,834.5379769598693,804.454423756938
2013-12-20 21:50:00+01:00,721.8334350585938,733.660888671875,1040.4925537109375,682.4113320338411,777.7998738984771,755.6907242029404,757.8985613836696,755.6907242029404,845.7327261783498,796.780673256504,816.156929433026,796.780673256504
2013-12-20 22:00:00+01:00,662.1285400390625,721.8334350585938,971.8211669921875,674.30303044989,752.7828675363909,732.7031234421345,742.7946265115479,732.7031234421345,814.0419794616264,769.7206025235239,805.2480879518215,769.7206025235239
2013-12-20 22:10:00+01:00,703.314208984375,662.1285400390625,819.21044921875,649.3707520098243,720.7384914629756,699.6363528246014,712.5460921651596,699.6363528246014,770.0199981483934,726.5806989310992,784.9944779163261,726.5806989310992
2013-12-20 22:20:00+01:00,637.836669921875,703.314208984375,939.445068359375,652.7521266991239,701.7753801102463,685.0855608752124,700.3429781490076,685.0855608752124,772.1878466737531,742.6541254534501,778.9544325043504,742.6541254534501
2013-12-20 22:30:00+01:00,693.2207641601562,637.836669921875,854.6558227539062,616.0765856715003,677.5760237620426,661.1958503846218,676.4311122213298,661.1958503846218,725.1064148983158,690.1525216278835,740.7358938511603,690.1525216278835
2013-12-20 22:40:00+01:00,601.3870239257812,693.2207641601562,837.2958984375,635.9012219876637,661.5384232683863,648.5427627739627,665.0402960884145,648.5427627739627,730.9693575058898,702.879575908341,749.4645012196198,702.879575908341
2013-12-20 22:50:00+01:00,664.32275390625,601.3870239257812,809.6472778320312,588.4544902560194,638.6914837754538,625.6061117042975,639.8758290054542,625.6061117042975,669.9986116795901,637.045784100572,687.3412372598075,637.045784100572
2013-12-20 23:00:00+01:00,564.0374145507812,664.32275390625,723.4967651367188,609.6902825564489,621.474158767159,610.7770894551995,624.6415438702231,610.7770894551995,677.9198516204724,653.6564889623828,700.1456035193607,653.6564889623828
2013-12-20 23:10:00+01:00,487.8660888671875,564.0374145507812,717.10986328125,554.6226347808313,597.1421620695238,586.1278979248519,596.106747344753,586.1278979248519,614.1603867625267,588.1439899460996,632.019249888806,588.1439899460996
2013-12-20 23:20:00+01:00,539.564453125,487.8660888671875,754.6627807617188,507.8339553515055,568.8587419633308,555.845980877739,560.0366923396053,555.845980877739,579.150935758361,556.1274391453134,598.1764341628957,556.1274391453134
2013-12-20 23:30:00+01:00,738.7418823242188,539.564453125,665.8564453125,497.62942619916504,545.9725938663385,533.5388598480728,535.8197957864593,533.5388598480728,559.4795158899583,527.8152559763413,571.5114192859527,527.8152559763413
2013-12-20 23:40:00+01:00,1177.4383544921875,738.7418823242188,631.077880859375,575.4401361658848,542.6508980839047,539.157491947107,546.6821456146199,539.157491947107,599.2998666515974,581.2443408620094,619.3235162166116,581.2443408620094
2013-12-20 23:50:00+01:00,832.1245727539062,1177.4383544921875,647.37890625,796.00609723607,572.5883494641288,590.4130585320567,612.9810326042973,590.4130585320567,694.5652756701157,677.0373345310677,723.2066257988519,677.0373345310677
2013-12-21 00:00:00+01:00,696.6467895507812,832.1245727539062,562.1815795898438,794.5358043816639,583.5873675031826,609.0092481089915,635.9648999438718,609.0092481089915,624.7802911567521,621.1997024059966,657.2548360716324,621.1997024059966
2013-12-21 00:10:00+01:00,505.4169921875,696.6467895507812,568.6475830078125,747.7525360933321,584.4174453324554,610.5853169181498,631.304679216199,610.5853169181498,590.0312339288625,596.4038992337345,611.1953203350901,596.4038992337345
2013-12-21 00:20:00+01:00,790.2081909179688,505.4169921875,600.475341796875,565.209843636475,564.692000532564,582.5000866181729,587.3610427059118,582.5000866181729,528.9366764661323,519.8495205584521,523.8403828950476,519.8495205584521
2013-12-21 00:30:00+01:00,458.168701171875,790.2081909179688,671.0108032226562,632.6867369603824,572.8453913112372,597.5224018250624,596.9637069191243,597.5224018250624,596.2377484741631,605.4283359149762,594.9932897951371,605.4283359149762
2013-12-21 00:40:00+01:00,404.17999267578125,458.168701171875,540.2405395507812,493.28918925990627,542.1560953466613,555.2208133063115,542.6666406582788,555.2208133063115,462.3392029247921,447.8476682494816,465.15527772862777,447.8476682494816
2013-12-21 00:50:00+01:00,392.97900390625,404.17999267578125,561.1393432617188,454.669268654204,506.65784466176484,509.85504204496306,487.28373893945314,509.85504204496306,442.43764729047604,439.21800414929527,455.87155319725287,439.21800414929527
2013-12-21 01:00:00+01:00,361.3630676269531,392.97900390625,426.8345642089844,385.2321008032786,466.89399783180636,462.1787076459185,435.6110247421373,462.1787076459185,407.7944483932735,391.9815728336457,405.96620782614053,391.9815728336457
2013-12-21 01:10:00+01:00,361.5744934082031,361.3630676269531,456.307373046875,356.7436921514732,430.5944094034385,422.59762518122454,395.8483519608007,422.59762518122454,398.3334967067817,392.93275464625333,402.4271226006284,392.93275464625333
2013-12-21 01:20:00+01:00,322.6308288574219,361.5744934082031,462.0465393066406,348.12657991036605,401.65144806196594,393.01852998477904,369.79276990503587,393.01852998477904,369.9207931939252,357.31735975556165,379.6375331425605,357.31735975556165
2013-12-21 01:30:00+01:00,308.5506286621094,322.6308288574219,409.9140319824219,322.6662666406988,373.0234050035397,363.16184400266945,344.1743771689429,363.16184400266945,343.6200847643595,334.1411767866631,349.3827705046435,334.1411767866631
2013-12-21 01:40:00+01:00,308.66302490234375,308.5506286621094,428.0322570800781,307.8482176872346,349.7428920011784,340.1954853620836,325.7223170905653,340.1954853620836,325.08183692050375,319.4325628522002,338.9992836280609,319.4325628522002
2013-12-21 01:50:00+01:00,316.9624938964844,308.66302490234375,417.38946533203125,297.22400050388916,331.59298456862024,323.13348653035206,313.44614161851683,323.13348653035206,324.61813286647475,317.0096976304946,334.553416731741,317.0096976304946
2013-12-21 02:00:00+01:00,297.1867980957031,316.9624938964844,386.58837890625,298.33799743869645,317.84747759357356,311.1371034896433,306.1941604355556,311.1371034896433,309.96052367575254,304.56082504240544,319.1481761467399,304.56082504240544
2013-12-21 02:10:00+01:00,320.1265563964844,297.1867980957031,422.173583984375,290.71836959539394,306.92021683009807,302.05631515647366,300.3754999269888,302.05631515647366,300.1527599283039,296.2291832686217,314.2756401648541,296.2291832686217
2013-12-21 02:20:00+01:00,315.6493225097656,320.1265563964844,413.1211242675781,299.52627233558843,301.0042388638071,298.45319497642697,300.37431768282426,298.45319497642697,305.352684212691,303.56909176817635,315.7236379396732,303.56909176817635
2013-12-21 02:30:00+01:00,277.5032043457031,315.6493225097656,367.0613098144531,298.1402414621616,295.4125554718094,294.5382452786911,298.7719879836891,294.5382452786911,303.281475670814,305.20562905398356,309.90271472451604,305.20562905398356
2013-12-21 02:40:00+01:00,282.77679443359375,277.5032043457031,383.9033203125,283.5902672338762,288.41497717449346,288.1526861045774,292.29083455359864,288.1526861045774,292.2692174657143,296.5789377682555,302.51420771795597,296.5789377682555
2013-12-21 02:50:00+01:00,296.1383056640625,282.77679443359375,368.68402099609375,277.6689794364076,283.1588631115652,283.5015197139324,287.6580481128524,283.5015197139324,289.3372537776931,290.9364349418473,294.10956724825047,290.9364349418473
2013-12-21 03:00:00+01:00,279.4826354980469,296.1383056640625,318.5661315917969,277.42956003850986,278.9170496285953,280.1838421609414,284.64046365318575,280.1838421609414,285.9574185522866,286.5190333762277,289.8823004666759,286.5190333762277
2013-12-21 03:10:00+01:00,274.2796325683594,279.4826354980469,356.9911804199219,273.735714334986,275.59343575729,278.1142435321641,281.9789658717577,278.1142435321641,283.9491736781835,291.19835536290964,289.61957963095347,291.19835536290964
2013-12-21 03:20:00+01:00,257.26019287109375,274.2796325683594,362.367431640625,270.94946964286436,273.103317414927,276.3216486803282,279.51121426681783,276.3216486803282,279.5738861126102,281.7749600159764,287.6932129507966,281.7749600159764
2013-12-21 03:30:00+01:00,250.54742431640625,257.26019287109375,327.842529296875,258.30974227375043,268.6408613657465,271.4484677610194,273.38257500282225,271.4484677610194,268.85416717768254,272.7606363454109,276.3668855734283,272.7606363454109
2013-12-21 03:40:00+01:00,319.19329833984375,250.54742431640625,361.472412109375,250.7546077972358,265.36830855400507,268.31179379249375,269.13723857915886,268.31179379249375,268.3793882859643,275.36886854468327,279.66652938515733,275.36886854468327
2013-12-21 03:50:00+01:00,255.3902130126953,319.19329833984375,392.0996398925781,278.08810796476854,270.23939778635525,276.09792050102396,278.77624332000033,276.09792050102396,285.7257391559326,289.9753436688715,293.2744590729335,289.9753436688715
2013-12-21 04:00:00+01:00,269.6943664550781,255.3902130126953,335.1074523925781,261.3217919007343,267.57719146147724,272.7984239072447,274.0745243139461,272.7984239072447,265.3576395943862,272.90486193441023,275.099759659416,272.90486193441023
2013-12-21 04:10:00+01:00,265.0329284667969,269.6943664550781,344.7529602050781,270.9935218953822,267.3743145522001,272.8485704292919,273.6675611329661,272.8485704292919,270.302462747343,278.32823816705,282.0870147971349,278.32823816705
2013-12-21 04:20:00+01:00,273.5162048339844,265.0329284667969,409.9027099609375,259.3223670656637,268.8680406804698,275.1625862534766,275.242166216782,275.1625862534766,268.3161586998955,278.31353231893274,279.64734931177094,278.31353231893274
2013-12-21 04:30:00+01:00,287.6532897949219,273.5162048339844,425.41375732421875,266.75253310055473,271.81023341400726,278.7559400078771,278.5386453728089,278.7559400078771,272.95423608202816,283.6400026732541,287.84658767058704,283.6400026732541
2013-12-21 04:40:00+01:00,283.7654724121094,287.6532897949219,370.51092529296875,275.6065850595247,274.4870388544857,281.8030728944131,281.75044016104926,281.8030728944131,269.0332124205006,281.1562802833786,281.21020080991224,281.1562802833786
2013-12-21 04:50:00+01:00,275.0704345703125,283.7654724121094,368.1688537597656,280.14059534900485,276.75450718506573,284.510041258323,284.12242784553075,284.510041258323,270.06626858474306,281.7502650268762,280.4922812805149,281.7502650268762
2013-12-21 05:00:00+01:00,292.82037353515625,275.0704345703125,329.8244323730469,279.66837768605353,277.05332885577883,284.33831892432505,283.2097922505207,284.33831892432505,272.05727738116104,280.2715763884075,279.56473352832637,280.2715763884075
2013-12-21 05:10:00+01:00,332.54620361328125,292.82037353515625,335.451416015625,287.4686867302784,279.7040820852344,287.6353422478693,286.4909265479195,287.6353422478693,281.8269841772034,290.9920436134413,293.24061915668915,290.9920436134413
2013-12-21 05:20:00+01:00,310.36981201171875,332.54620361328125,371.9349670410156,310.5243801132136,287.8446494837877,298.2090176453076,298.2893683755325,298.2090176453076,291.7203630428685,298.6179154405678,298.1751662047858,298.6179154405678
2013-12-21 05:30:00+01:00,288.39501953125,310.36981201171875,317.2117004394531,315.1113728961816,292.0821781442297,302.4784594023672,302.5488008064315,302.4784594023672,289.0928431457948,294.8358898325515,294.020836331972,294.8358898325515
2013-12-21 05:40:00+01:00,300.3631286621094,288.39501953125,325.8322448730469,310.29191654332493,294.5485270428102,304.17749294853314,303.09717600103653,304.17749294853314,285.9092254338851,293.3635732648382,295.1178155705788,293.3635732648382
2013-12-21 05:50:00+01:00,302.1423645019531,300.3631286621094,336.3297424316406,309.3099563837774,298.7630756062566,308.0742212932889,306.530940582151,308.0742212932889,294.17583584862206,299.37865169929984,301.720716369451,299.37865169929984
2013-12-21 06:00:00+01:00,321.633056640625,302.1423645019531,322.4407958984375,310.5224590578538,302.51301708400945,311.1011450312615,309.4989939395454,311.1011450312615,297.03403091426156,301.55525832154507,300.58314902282683,301.55525832154507
2013-12-21 06:10:00+01:00,279.6580505371094,321.633056640625,374.6083984375,326.7737910119524,310.54705208632316,319.6625447976762,318.8681033680413,319.6625447976762,303.55371729595515,315.0400457377652,314.23850657177854,315.0400457377652
2013-12-21 06:20:00+01:00,313.68890380859375,279.6580505371094,319.77471923828125,312.1898907184023,311.4150190093397,317.6937667027861,316.37273273128403,317.6937667027861,299.85836904243837,302.0087340050259,300.4222956310295,302.0087340050259
2013-12-21 06:30:00+01:00,313.9874267578125,313.68890380859375,322.2790222167969,328.47387328494744,316.2367291401185,321.5159435793074,321.31707248828394,321.5159435793074,313.88675190979575,321.6109457234719,318.88362351465247,321.6109457234719
2013-12-21 06:40:00+01:00,310.8487548828125,313.9874267578125,347.6115417480469,329.74587083729074,322.21310933911826,326.58917096936096,327.81583724927543,326.58917096936096,317.68768034272557,326.91682680644556,326.1883028888494,326.91682680644556
2013-12-21 06:50:00+01:00,316.01263427734375,310.8487548828125,336.6561279296875,340.21444466759846,327.4554087308241,329.96072808495813,332.771915300354,329.96072808495813,328.034138773388,334.1862949179655,333.7773053361336,334.1862949179655
2013-12-21 07:00:00+01:00,323.7438659667969,316.01263427734375,366.4285888671875,345.80484076955406,334.6322666840205,335.41876452791826,340.18262940396596,335.41876452791826,330.65033271595775,341.02248807115734,344.90152514525147,341.02248807115734
2013-12-21 07:10:00+01:00,301.7950744628906,323.7438659667969,374.5301208496094,353.9868413111177,342.97633432610894,341.68419603933944,348.9206306751985,341.68419603933944,344.55101181182516,354.8245119058232,357.65664461253886,354.8245119058232
2013-12-21 07:20:00+01:00,326.4791259765625,301.7950744628906,391.56695556640625,348.20510974252284,349.0849574947677,344.75286780829043,353.24843500783356,344.75286780829043,346.11197071655187,356.95770165130415,363.8042410647406,356.95770165130415
2013-12-21 07:30:00+01:00,342.92156982421875,326.4791259765625,370.6786804199219,362.025760182916,356.7840652783784,349.7190316950629,360.7833330352988,349.7190316950629,362.1253321642451,372.50467372109006,384.8828485791231,372.50467372109006
2013-12-21 07:40:00+01:00,296.91845703125,342.92156982421875,428.18719482421875,374.90904862214757,368.84377657922107,360.15870801437904,374.36670731195056,360.15870801437904,370.61286014228784,383.5969895094833,394.3836005130288,383.5969895094833
2013-12-21 07:50:00+01:00,335.8393249511719,296.91845703125,434.5797424316406,361.95259766145716,374.8773149124401,362.58111448098276,377.03533199607267,362.58111448098276,372.34423052225054,377.7457952257488,393.48014194670105,377.7457952257488
2013-12-21 08:00:00+01:00,374.4425354003906,335.8393249511719,441.7093811035156,380.2043116152706,385.59916014789144,371.1120230481624,387.59422297771204,371.1120230481624,388.1298938426949,397.08101260015195,415.8877211682152,397.08101260015195
2013-12-21 08:10:00+01:00,345.9875793457031,374.4425354003906,520.7941284179688,402.15057913726,404.2688536782892,389.07022277688316,409.54398964630354,389.07022277688316,408.4569476044503,423.62148617323794,441.94220317078793,423.62148617323794
2013-12-21 08:20:00+01:00,423.276123046875,345.9875793457031,505.1134338378906,409.69236170792016,418.54690519016066,400.6959255623076,422.96939766638565,400.6959255623076,418.2024220167455,425.1855119651687,451.1521074237941,425.1855119651687
2013-12-21 08:30:00+01:00,409.3581848144531,423.276123046875,501.2740478515625,459.20357157737226,441.83604004015126,423.0760285216649,450.02768684815044,423.0760285216649,450.961472905262,463.6910766325695,482.4474782430333,463.6910766325695
2013-12-21 08:40:00+01:00,468.2276916503906,409.3581848144531,487.59259033203125,465.7846259377683,462.52157312914665,442.07011735906565,471.2704429699923,442.07011735906565,468.5918628950053,469.31788406243953,495.1154286308008,469.31788406243953
2013-12-21 08:50:00+01:00,520.4716186523438,468.2276916503906,565.9663696289062,519.7416091138348,494.48608553484024,473.5942317870001,506.3794313313291,473.5942317870001,514.7481001011756,517.7817167292965,551.331517627618,517.7817167292965
2013-12-21 09:00:00+01:00,583.5123901367188,520.4716186523438,580.1967163085938,561.801994296612,534.0227471111084,511.99138371493234,549.6764155797812,511.99138371493234,543.5159835713123,546.7755270775401,585.3085288196041,546.7755270775401
2013-12-21 09:10:00+01:00,506.6174011230469,583.5123901367188,661.5093994140625,628.9933474141353,586.4162028091482,563.059484925158,606.8189659633075,563.059484925158,596.5998308908064,605.5833923607274,642.999150585868,605.5833923607274
2013-12-21 09:20:00+01:00,730.4026489257812,506.6174011230469,655.3492431640625,616.0027850829929,628.4141023202839,599.4253389639526,641.7409529113684,599.4253389639526,604.599036516261,601.1004176404501,636.0646917100382,601.1004176404501
2013-12-21 09:30:00+01:00,708.8068237304688,730.4026489257812,715.364501953125,736.4233081692348,697.8929506844847,669.1991194749429,714.4754876242953,669.1991194749429,713.5685963771191,717.546005628423,745.4343849576502,717.546005628423
2013-12-21 09:40:00+01:00,748.7587280273438,708.8068237304688,741.9238891601562,760.6210291328331,765.3878090874935,734.4706059816907,780.1120533797466,734.4706059816907,724.867844719556,736.4456191391296,756.9686908431976,736.4456191391296
2013-12-21 09:50:00+01:00,776.9584350585938,748.7587280273438,906.657958984375,842.5470141157874,843.232119518709,811.2756040461584,853.6327871970001,811.2756040461584,810.4142697509643,825.2934541851257,854.002864620055,825.2934541851257
2013-12-21 10:00:00+01:00,834.7816162109375,776.9584350585938,928.2059326171875,860.7270713754613,917.695513460589,884.5999704356026,920.0110876773574,884.5999704356026,851.3104461564819,863.3225438350081,876.2015023247917,863.3225438350081
2013-12-21 10:10:00+01:00,927.013916015625,834.7816162109375,1126.7923583984375,908.0164073889264,999.5478092174926,968.6384824235005,994.3487586586502,968.6384824235005,962.8051246147136,979.6625377973619,1006.1601702924385,979.6625377973619
2013-12-21 10:20:00+01:00,1075.75830078125,927.013916015625,1210.8841552734375,976.836378955069,1083.8943885854712,1057.18841807358,1074.1914428077089,1057.18841807358,1024.886267167611,1051.8568426404897,1060.3049708942635,1051.8568426404897
2013-12-21 10:30:00+01:00,1118.095703125,1075.75830078125,1258.0513916015625,1090.2137590106806,1173.04565101276,1153.819143751883,1164.9150753750548,1153.819143751883,1113.5460254482657,1165.3028806938742,1167.4730219840958,1165.3028806938742
2013-12-21 10:40:00+01:00,1275.7828369140625,1118.095703125,1341.343994140625,1170.7327727708455,1257.1522176788444,1244.6471156502691,1250.420055181441,1244.6471156502691,1174.3386844227614,1229.5837463214596,1233.4850074923775,1229.5837463214596
2013-12-21 10:50:00+01:00,1225.114013671875,1275.7828369140625,1576.9666748046875,1298.5286735145826,1353.990841693725,1351.6515668101138,1353.2475182632338,1351.6515668101138,1323.7922536262236,1382.4895628784436,1392.8116404012296,1382.4895628784436
2013-12-21 11:00:00+01:00,1428.264404296875,1225.114013671875,1711.0303955078125,1314.6267206072234,1437.896658190039,1438.9610874121825,1436.5099175771252,1438.9610874121825,1356.6413771719674,1419.1729724770005,1415.5342859232453,1419.1729724770005
2013-12-21 11:10:00+01:00,1449.5228271484375,1428.264404296875,1827.1998291015625,1442.6140064663673,1530.554754377753,1538.744499919924,1532.088915646805,1538.744499919924,1448.4653481210094,1528.2496416745946,1538.2626338096816,1528.2496416745946
2013-12-21 11:20:00+01:00,1457.4512939453125,1449.5228271484375,1836.725830078125,1481.7318325056515,1611.9261475923895,1621.9040602146736,1612.6407848935435,1621.9040602146736,1502.0976287596404,1580.7543468776792,1567.722551980149,1580.7543468776792
2013-12-21 11:30:00+01:00,1642.2818603515625,1457.4512939453125,2003.97607421875,1535.688310342989,1688.050183410197,1698.0387143760604,1682.7815259150068,1698.0387143760604,1586.2225105834405,1655.7661487212536,1667.5211315666945,1655.7661487212536
2013-12-21 11:40:00+01:00,1650.583984375,1642.2818603515625,1901.099853515625,1630.0281094055513,1762.485315276356,1774.1750261002194,1754.5186039353243,1774.1750261002194,1686.9266011983154,1745.8582854111296,1732.1151166998295,1745.8582854111296
2013-12-21 11:50:00+01:00,1815.6240234375,1650.583984375,2234.782958984375,1671.9391374233016,1842.5050009683089,1854.3338040027895,1830.5046701030792,1854.3338040027895,1772.815880450749,1838.3140151968278,1807.2501861418784,1838.3140151968278
2013-12-21 12:00:00+01:00,1969.30224609375,1815.6240234375,2436.833251953125,1796.3551415766979,1932.4322220113497,1945.6486346983997,1921.6743573160738,1945.6486346983997,1861.1401417650889,1941.16211287875,1882.6086464249136,1941.16211287875
2013-12-21 12:10:00+01:00,1965.298828125,1969.30224609375,2493.6181640625,1905.446764359188,2025.5278994043827,2039.18691489321,2020.4855778830627,2039.18691489321,1969.0840678402765,2047.0759184059384,1983.701019789471,2047.0759184059384
2013-12-21 12:20:00+01:00,2041.4290771484375,1965.298828125,2576.760986328125,1973.268441571902,2110.3597511030407,2120.535288901526,2107.7532403721875,2120.535288901526,2008.6437256419954,2089.2689845509467,2025.6400356167067,2089.2689845509467
2013-12-21 12:30:00+01:00,2129.97509765625,2041.4290771484375,2569.26953125,2041.5793301527092,2188.1899307224576,2195.2848952584773,2186.1822032837963,2195.2848952584773,2083.794719609453,2164.0073634633345,2085.2451515867383,2164.0073634633345
2013-12-21 12:40:00+01:00,2113.19580078125,2129.97509765625,2529.548095703125,2096.619808858731,2259.6686562072973,2264.289753855384,2257.695985916595,2264.289753855384,2152.402096357285,2223.5058205291903,2126.4783689118235,2223.5058205291903
2013-12-21 12:50:00+01:00,2121.882080078125,2113.19580078125,2889.237060546875,2121.591696352515,2333.3203585532547,2334.5149498533474,2328.981494896283,2334.5149498533474,2209.4689188203965,2296.1582680356028,2176.993010730463,2296.1582680356028
2013-12-21 13:00:00+01:00,2164.920654296875,2121.882080078125,2800.57958984375,2139.1748688697185,2391.789484257824,2386.262031273464,2381.6341327778614,2386.262031273464,2246.7096657023762,2317.194180655857,2198.5432373649646,2317.194180655857
2013-12-21 13:10:00+01:00,2325.190673828125,2164.920654296875,2811.1376953125,2156.1043103800457,2444.01971023129,2433.0327740859684,2426.4561051961377,2433.0327740859684,2295.544272409844,2362.1506424632985,2238.482698487793,2362.1506424632985
2013-12-21 13:20:00+01:00,2355.13525390625,2325.190673828125,2961.51171875,2244.6824657336538,2504.4327627650887,2492.9858864842563,2486.2649432766975,2492.9858864842563,2362.3658196645615,2449.933645003199,2311.625604476263,2449.933645003199
2013-12-21 13:30:00+01:00,2386.169921875,2355.13525390625,2937.115478515625,2303.951807599612,2557.027369360012,2542.6013031616403,2539.08880330517,2542.6013031616403,2428.7674160910133,2487.7140424275062,2370.54705037647,2487.7140424275062
2013-12-21 13:40:00+01:00,2157.871826171875,2386.169921875,3070.596435546875,2362.8914877167663,2607.6774099060935,2591.631153581115,2590.3309983524705,2591.631153581115,2471.418251697908,2541.081930490203,2407.987394847505,2541.081930490203
2013-12-21 13:50:00+01:00,2452.416259765625,2157.871826171875,3123.7392578125,2259.2947155228953,2634.022707332418,2606.9757076663423,2603.1619245037546,2606.9757076663423,2458.0156223081044,2513.9112583631513,2385.6802501262896,2513.9112583631513
2013-12-21 14:00:00+01:00,2294.898193359375,2452.416259765625,3181.541748046875,2363.565623054789,2674.987451634109,2650.7580707757547,2643.0976528968235,2650.7580707757547,2539.4999971440043,2628.356103790683,2464.8806701236676,2628.356103790683
2013-12-21 14:10:00+01:00,2495.482666015625,2294.898193359375,3383.10986328125,2298.3496970994506,2705.7598153894737,2674.2706817406647,2666.326178201532,2674.2706817406647,2536.8032759852676,2627.3780338902875,2452.201210948481,2627.3780338902875
2013-12-21 14:20:00+01:00,2569.29345703125,2495.482666015625,3220.7822265625,2432.22911772738,2736.301609414425,2705.785522667854,2697.307561286365,2705.785522667854,2588.4505534266186,2680.7562128465456,2519.426966517485,2680.7562128465456
2013-12-21 14:30:00+01:00,2397.1416015625,2569.29345703125,3157.900634765625,2476.344526849334,2765.2117922105567,2735.986552499314,2729.494857826369,2735.986552499314,2599.102469763503,2688.135669188316,2540.54401513489,2688.135669188316
2013-12-21 14:40:00+01:00,2213.513671875,2397.1416015625,3079.85693359375,2452.931739289619,2773.8143043954747,2739.7424682144583,2731.7925483733584,2739.7424682144583,2615.3767351107685,2699.3754955877785,2538.9367204061273,2699.3754955877785
2013-12-21 14:50:00+01:00,2490.422607421875,2213.513671875,3346.251953125,2335.81129545205,2772.181441145849,2731.301715774168,2714.0294491554637,2731.301715774168,2598.298690782968,2684.5960229593097,2526.86948025032,2684.5960229593097
2013-12-21 15:00:00+01:00,2579.465576171875,2490.422607421875,3014.78076171875,2395.8116200665513,2774.0898839870583,2736.5632896294032,2712.4256043068535,2736.5632896294032,2633.7036471786105,2743.8225772071655,2577.643149965485,2743.8225772071655
2013-12-21 15:10:00+01:00,2429.455078125,2579.465576171875,3104.65625,2455.4409509448055,2785.729825108992,2753.1295283462505,2728.1945923929447,2753.1295283462505,2644.4330218917758,2767.8367896606173,2614.1561898614555,2767.8367896606173
2013-12-21 15:20:00+01:00,2475.5439453125,2429.455078125,3216.564453125,2463.4025561425806,2786.9112941534786,2753.6191635117184,2728.808294610236,2753.6191635117184,2653.758398544885,2779.399124157106,2608.688020409431,2779.399124157106
2013-12-21 15:30:00+01:00,2627.73193359375,2475.5439453125,3130.777099609375,2470.126241969289,2783.47876699313,2752.6991080037,2726.0885416421706,2752.6991080037,2682.877679836001,2785.8483522497186,2637.099688684178,2785.8483522497186
2013-12-21 15:40:00+01:00,2615.4873046875,2627.73193359375,3147.036376953125,2516.4236655441955,2788.833905776419,2765.851241640111,2739.8904465481382,2765.851241640111,2727.0794052601823,2839.305124381924,2695.971673033052,2839.305124381924
2013-12-21 15:50:00+01:00,2511.20361328125,2615.4873046875,2968.4013671875,2548.6955628235,2784.5149249716137,2765.7861189943264,2742.763317580147,2765.7861189943264,2726.735842581527,2800.3228396239647,2698.6962269713663,2800.3228396239647
2013-12-21 16:00:00+01:00,2755.580810546875,2511.20361328125,3474.481689453125,2521.9021741454144,2787.40290515851,2773.9477937945517,2750.9715650518297,2773.9477937945517,2722.2206110624497,2820.930879935114,2680.9893259855085,2820.930879935114
2013-12-21 16:10:00+01:00,2681.33544921875,2755.580810546875,3041.91650390625,2608.028658428399,2785.6889746898096,2781.373426439367,2762.3296796277486,2781.373426439367,2786.0313312288213,2824.848579322206,2740.463195163402,2824.848579322206
2013-12-21 16:20:00+01:00,2624.82080078125,2681.33544921875,3363.650634765625,2592.5747916011214,2789.842093357741,2792.9123941276307,2777.549272974478,2792.9123941276307,2817.707573746036,2879.268710283718,2745.082378874856,2879.268710283718
2013-12-21 16:30:00+01:00,2838.9736328125,2624.82080078125,3140.335693359375,2594.3432688300027,2777.1087268578526,2783.1686270818336,2770.101520431469,2783.1686270818336,2800.6458807871572,2813.696039767532,2728.509597690972,2813.696039767532
2013-12-21 16:40:00+01:00,2782.534423828125,2838.9736328125,3193.60400390625,2658.6472118316283,2777.4150366799695,2796.3600157993965,2784.7766129498395,2796.3600157993965,2861.1390710635055,2901.0323638823807,2802.207819870324,2901.0323638823807
2013-12-21 16:50:00+01:00,2546.9560546875,2782.534423828125,3130.62451171875,2653.4795877359093,2769.7925844644196,2795.634120853583,2788.153153160486,2795.634120853583,2841.763889562304,2854.897670881789,2761.5450257674515,2854.897670881789
2013-12-21 17:00:00+01:00,2749.619384765625,2546.9560546875,3010.85009765625,2561.020016367242,2739.598458731182,2764.338678412422,2754.783889485501,2764.338678412422,2829.5804336564884,2817.67818469097,2737.7374847550464,2817.67818469097
2013-12-21 17:10:00+01:00,2715.99951171875,2749.619384765625,2893.5859375,2586.304539225387,2716.575017301456,2751.281527898007,2737.246715099225,2751.281527898007,2841.5094662261827,2804.333269220532,2773.817741810177,2804.333269220532
2013-12-21 17:20:00+01:00,2544.21240234375,2715.99951171875,2915.0537109375,2549.901373926642,2693.137504870173,2734.8546248301122,2719.54702091869,2734.8546248301122,2839.7578795283407,2780.2278962827363,2737.8466194537955,2780.2278962827363
2013-12-21 17:30:00+01:00,2755.392333984375,2544.21240234375,2824.38134765625,2492.1694042993545,2653.8126624597444,2696.4695252799306,2677.674491641774,2696.4695252799306,2794.524853114332,2709.445151529459,2680.651844528395,2709.445151529459
2013-12-21 17:40:00+01:00,2733.138671875,2755.392333984375,2898.512451171875,2537.645264202991,2630.386135347783,2685.89687460076,2664.375727709946,2685.89687460076,2814.09995846046,2739.3234753955767,2713.1842583469884,2739.3234753955767
2013-12-21 17:50:00+01:00,2625.955078125,2733.138671875,2690.03759765625,2522.060664058593,2598.4513762493743,2660.4587729059485,2641.093817556025,2660.4587729059485,2773.637283294782,2691.2864009631026,2675.649425871843,2691.2864009631026
2013-12-21 18:00:00+01:00,2288.751953125,2625.955078125,2761.845947265625,2500.8479433405005,2562.864720251369,2630.816727261742,2610.2887747538252,2630.816727261742,2754.0773156407918,2653.1358132032747,2638.2930697893985,2653.1358132032747
2013-12-21 18:10:00+01:00,2231.907958984375,2288.751953125,2747.3759765625,2298.9018996946943,2502.721136893293,2564.7941267045026,2536.369467886964,2564.7941267045026,2615.4402082385063,2518.422833177014,2507.07437309016,2518.422833177014
2013-12-21 18:20:00+01:00,2133.055908203125,2231.907958984375,2856.409912109375,2172.9759263736833,2442.325646692981,2502.9951252283863,2461.3524625665,2502.9951252283863,2539.237486251921,2465.599904319142,2435.3342503564354,2465.599904319142
2013-12-21 18:30:00+01:00,2152.11328125,2133.055908203125,2998.2705078125,2038.7837893920419,2381.0153644338848,2438.0568452790208,2384.322573366564,2438.0568452790208,2449.6330803857395,2389.6093473789815,2347.7232694158183,2389.6093473789815
2013-12-21 18:40:00+01:00,1993.8709716796875,2152.11328125,3010.934326171875,2007.8740125750417,2323.8575978225936,2379.123658610435,2316.954880001981,2379.123658610435,2400.258727109193,2345.8202087708896,2291.889780403639,2345.8202087708896
2013-12-21 18:50:00+01:00,1951.8521728515625,1993.8709716796875,2775.71875,1908.8941703280398,2250.383369396644,2295.545813417565,2225.204321745477,2295.545813417565,2253.738234296417,2204.9585147807848,2163.23709896118,2204.9585147807848
2013-12-21 19:00:00+01:00,1813.9456787109375,1951.8521728515625,2581.448974609375,1854.1043356239818,2171.9233889771945,2209.371254692145,2128.5859447050243,2209.371254692145,2193.1292037348753,2150.763693908614,2121.744905134737,2150.763693908614
2013-12-21 19:10:00+01:00,1655.682373046875,1813.9456787109375,2637.106201171875,1742.160039413936,2089.891721207335,2119.770857805659,2026.3324467689931,2119.770857805659,2077.5048863392926,2046.6665289680986,2022.677624333451,2046.6665289680986
2013-12-21 19:20:00+01:00,1597.50390625,1655.682373046875,2362.4296875,1624.3286184742565,1990.4278289365993,2007.7533984330853,1901.0106394361246,2007.7533984330853,1984.7120806837631,1932.612163530404,1897.3857586652603,1932.612163530404
2013-12-21 19:30:00+01:00,1325.4285888671875,1597.50390625,2403.59228515625,1533.2015692073237,1896.154650319519,1907.1875877480043,1786.0294818369339,1907.1875877480043,1850.5447945041558,1817.8996911908043,1796.0686345622898,1817.8996911908043
2013-12-21 19:40:00+01:00,1457.419921875,1325.4285888671875,2313.023193359375,1352.7357164348498,1780.702473540262,1777.4611828139475,1640.6128161533734,1777.4611828139475,1681.8720794338392,1646.9308403560074,1609.7268498240435,1646.9308403560074
2013-12-21 19:50:00+01:00,1450.1373291015625,1457.419921875,2341.259033203125,1347.0027883316443,1691.9696517056343,1688.4965293146358,1542.8857435941425,1688.4965293146358,1636.2128144236103,1632.6188036978492,1602.4764757007292,1632.6188036978492
2013-12-21 20:00:00+01:00,1219.9036865234375,1450.1373291015625,2250.666259765625,1311.5095033861912,1613.0150506866394,1608.3712459904486,1465.6213200484424,1608.3712459904486,1544.6529148221794,1563.2999760772075,1538.5556768901583,1563.2999760772075
2013-12-21 20:10:00+01:00,1292.1917724609375,1219.9036865234375,2147.286865234375,1224.2350855085917,1519.8312080207318,1507.5885746854124,1369.0721658621264,1507.5885746854124,1418.464665903277,1394.6791004957702,1420.32049699974,1394.6791004957702
2013-12-21 20:20:00+01:00,1162.7396240234375,1292.1917724609375,1903.3037109375,1208.8223070051665,1438.391978834357,1424.8036641021936,1295.8300525071145,1424.8036641021936,1363.7672980801199,1354.536165186873,1379.8132594238198,1354.536165186873
2013-12-21 20:30:00+01:00,1148.6572265625,1162.7396240234375,1660.060302734375,1113.6440532903953,1349.2634305302508,1331.017272914316,1214.5938572368223,1331.017272914316,1263.7473602582515,1252.4545328794522,1274.2139322383277,1252.4545328794522
2013-12-21 20:40:00+01:00,1033.7630615234375,1148.6572265625,1681.1331787109375,1093.1269300895553,1273.5374639508555,1256.9130947817487,1153.9459655434987,1256.9130947817487,1230.212323373454,1216.3644749358518,1241.4165021656504,1216.3644749358518
2013-12-21 20:50:00+01:00,946.2925415039062,1033.7630615234375,1615.87841796875,1007.1614432463841,1197.742959271013,1180.5623268150387,1092.6825884238908,1180.5623268150387,1129.330298632565,1126.987004674082,1144.1150301191676,1126.987004674082
2013-12-21 21:00:00+01:00,943.5213012695312,946.2925415039062,1501.5701904296875,936.5839648172619,1122.3241414577672,1103.7751859017533,1030.2679339840854,1103.7751859017533,1057.3424091056277,1064.6271923888291,1065.2440102775429,1064.6271923888291
2013-12-21 21:10:00+01:00,952.712646484375,943.5213012695312,1508.7454833984375,893.4043295930995,1060.2728562601778,1043.6457316181047,984.6465627118539,1043.6457316181047,1017.423846349344,1037.8735057034874,1040.6906970472226,1037.8735057034874
2013-12-21 21:20:00+01:00,890.1043090820312,952.712646484375,1505.915771484375,877.2443617770479,1011.399180367013,997.928853948263,955.121621450303,997.928853948263,1006.8440323555402,1020.5622042988557,1017.9075829558805,1020.5622042988557
2013-12-21 21:30:00+01:00,913.2415161132812,890.1043090820312,1189.2581787109375,846.9975890776542,956.20436876693,941.548931069082,913.5252462098457,941.548931069082,924.2230487380477,941.5220336161852,965.5434970267079,941.5220336161852
2013-12-21 21:40:00+01:00,859.0974731445312,913.2415161132812,1117.67626953125,845.0475595414406,910.8041235266892,898.5813843376422,882.4774657019565,898.5813843376422,912.1291874628027,932.4808407248414,959.4539590395015,932.4808407248414
2013-12-21 21:50:00+01:00,780.5531616210938,859.0974731445312,1044.186767578125,809.5077511625141,867.1772421629505,856.4877487009284,849.1355466628123,856.4877487009284,862.4093058743568,892.678103739957,921.9162106818466,892.678103739957
2013-12-21 22:00:00+01:00,788.2426147460938,780.5531616210938,955.8046875,763.7166720887518,821.3845006753689,810.4327190549154,807.4295953481457,810.4327190549154,816.8532252261414,851.0732135336832,871.8481325329973,851.0732135336832
2013-12-21 22:10:00+01:00,706.0111694335938,788.2426147460938,1006.0294189453125,739.2742055269562,786.6345387772429,777.9686464650929,778.8194781392181,777.9686464650929,788.0887378750617,830.3899906820616,842.2629228348446,830.3899906820616
2013-12-21 22:20:00+01:00,683.7203979492188,706.0111694335938,882.2789916992188,684.1942892130065,746.4451611590887,736.5277281492602,738.6525263938429,736.5277281492602,726.9989000120079,756.7331843724243,776.3305307789111,756.7331843724243
2013-12-21 22:30:00+01:00,653.2257690429688,683.7203979492188,958.2608032226562,657.0070064108689,713.7617990639542,704.371623766527,707.3218701871225,704.371623766527,701.7757065820241,745.9053859914037,763.4774427202772,745.9053859914037
2013-12-21 22:40:00+01:00,590.1951904296875,653.2257690429688,859.8663940429688,620.3603763871629,680.399688145172,670.149652133485,673.701689139607,670.149652133485,665.7454284585245,695.1899898375175,710.6171980477131,695.1899898375175
2013-12-21 22:50:00+01:00,508.7833251953125,590.1951904296875,771.5482177734375,578.0763517357109,642.8466763556619,630.594403419838,632.6442867358719,630.594403419838,618.6271787536264,650.3581818540503,660.176309687868,650.3581818540503
2013-12-21 23:00:00+01:00,559.736328125,508.7833251953125,809.50341796875,518.1615165906162,603.6327561354401,589.0368169601043,587.6612864231469,589.0368169601043,574.8389081758545,593.8255358032699,602.713449182045,593.8255358032699
2013-12-21 23:10:00+01:00,489.1153869628906,559.736328125,773.7576904296875,513.0652982895552,574.4541284956672,560.5872338526246,559.9669643323938,560.5872338526246,563.2215311604433,580.7727556704207,592.6428796403771,580.7727556704207
2013-12-21 23:20:00+01:00,517.4391479492188,489.1153869628906,729.799560546875,472.4536038016046,542.0773488198738,527.3483822231436,526.454148169243,527.3483822231436,512.8995850830921,528.4702884260561,535.5526956694581,528.4702884260561
2013-12-21 23:30:00+01:00,570.5881958007812,517.4391479492188,746.2506103515625,481.25289393853444,518.624045610957,505.3213471462186,506.78109419663093,505.3213471462186,504.48247485093935,519.8364818352413,532.1574061371417,519.8364818352413
2013-12-21 23:40:00+01:00,525.575927734375,570.5881958007812,793.1124267578125,495.4790630568909,506.54565411458884,496.79785314612167,503.75354560749327,496.79785314612167,496.5157565346676,503.9916785358304,523.796119219241,503.9916785358304
2013-12-21 23:50:00+01:00,463.431884765625,525.575927734375,685.058837890625,491.28120656914547,490.8849572850722,482.00365508989654,491.9632005203486,482.00365508989654,475.3027899823746,489.58350214097146,497.71225852085115,489.58350214097146
2013-12-22 00:00:00+01:00,485.27410888671875,463.431884765625,659.7001342773438,462.51241347108964,471.24260544852257,461.76729807843793,471.0675007077747,461.76729807843793,443.7614354322936,456.3553108506678,469.44382078157594,456.3553108506678
2013-12-22 00:10:00+01:00,469.7986755371094,485.27410888671875,588.8172607421875,451.3956623262527,454.1050302939789,445.26655275346747,454.14475499997235,445.26655275346747,435.2268835648478,446.09818500303004,445.80113739522966,446.09818500303004
2013-12-22 00:20:00+01:00,406.7675476074219,469.7986755371094,587.3340454101562,435.5719367601489,438.45780156479793,430.88498072202805,438.92155390451677,430.88498072202805,413.78888826854296,426.79585987645527,431.7927836409838,426.79585987645527
2013-12-22 00:30:00+01:00,498.52813720703125,406.7675476074219,505.8855895996094,406.23012281088836,416.7588684572933,408.2988699266822,412.98269272141505,408.2988699266822,385.30126997697363,401.14959352739174,394.35629525634243,401.14959352739174
2013-12-22 00:40:00+01:00,419.48297119140625,498.52813720703125,498.68499755859375,432.4478765064502,406.80359295433766,401.5195369049398,407.5314105849854,401.5195369049398,396.1914813972532,410.72866889194506,402.5305448464936,410.72866889194506
2013-12-22 00:50:00+01:00,313.3654479980469,419.48297119140625,482.8214416503906,401.1553451690702,392.397294883525,388.0446204601476,392.6981372030618,388.0446204601476,364.4477336166051,381.6589080671202,371.15597132608474,381.6589080671202
2013-12-22 01:00:00+01:00,311.2207946777344,313.3654479980469,418.5851135253906,349.3230218911252,367.4049857710318,360.18089227123113,359.55980120588833,360.18089227123113,328.8052431059937,343.55199903344544,340.0090333646906,343.55199903344544
2013-12-22 01:10:00+01:00,285.27691650390625,311.2207946777344,397.7603454589844,313.9224183863643,345.13066964590377,336.78256479264667,333.4149336682164,336.78256479264667,310.5818530806367,330.07899741574647,317.73512413012827,330.07899741574647
2013-12-22 01:20:00+01:00,287.11309814453125,285.27691650390625,387.3037109375,280.8203189913006,323.68710445058986,314.8961343332662,310.009578232612,314.8961343332662,292.62543638792846,310.0906250912271,298.00136727298695,310.0906250912271
2013-12-22 01:30:00+01:00,288.1645812988281,287.11309814453125,362.51348876953125,276.0041117167385,306.062328470344,297.69554256229134,293.4621680905979,297.69554256229134,281.8225462771857,298.5290658372565,290.5528581046372,298.5290658372565
2013-12-22 01:40:00+01:00,265.6538391113281,288.1645812988281,366.22369384765625,271.55359748733434,292.7191447749397,285.5194462610271,283.20545000950403,285.5194462610271,271.00804067823157,288.49063571409204,279.5044382054501,288.49063571409204
2013-12-22 01:50:00+01:00,327.4678649902344,265.6538391113281,344.3833312988281,261.37451178920094,279.9878019982804,273.33009342299636,272.42493212513426,273.33009342299636,259.7129773548442,275.74875292780996,267.8852918676257,275.74875292780996
2013-12-22 02:00:00+01:00,274.274658203125,327.4678649902344,326.855224609375,285.5494652306939,275.4753639590571,271.01205615831054,274.3494842672046,271.01205615831054,272.9519736126789,289.0256498326671,279.6844068573013,289.0256498326671
2013-12-22 02:10:00+01:00,263.722900390625,274.274658203125,331.1098937988281,268.6591426229807,268.53004237466877,265.02672923935205,269.45706792934794,265.02672923935205,256.299643312774,270.44432846078183,265.8138712964315,270.44432846078183
2013-12-22 02:20:00+01:00,257.931396484375,263.722900390625,348.2193603515625,265.8555964228507,263.05418939927245,259.9373756069225,265.0868242105814,259.9373756069225,251.1093249109068,265.58816220638323,262.6249372016258,265.58816220638323
2013-12-22 02:30:00+01:00,210.9952850341797,257.931396484375,314.8560791015625,250.54388785964974,257.4385185243032,254.29723406512142,259.6210820554163,254.29723406512142,243.46700060808317,257.11979138583723,252.89972638584078,257.11979138583723
2013-12-22 02:40:00+01:00,235.38519287109375,210.9952850341797,306.0161437988281,223.5969114068066,247.99124378744858,243.89893344942158,247.09783747276933,243.89893344942158,228.4853205018857,241.07263740528873,237.4720195547945,241.07263740528873
2013-12-22 02:50:00+01:00,244.2840576171875,235.38519287109375,335.4563903808594,225.09453752894038,243.57190784303793,239.67953359106883,243.22318199077662,239.67953359106883,228.61859369098025,242.24948303286132,241.29172180603612,242.24948303286132
2013-12-22 03:00:00+01:00,207.7816162109375,244.2840576171875,283.2787780761719,224.67001992984737,239.68417982904424,236.07295917109,240.1775884109294,236.07295917109,225.94476843007791,240.1115696284446,233.52514210049367,240.1115696284446
2013-12-22 03:10:00+01:00,191.04721069335938,207.7816162109375,281.24432373046875,214.3512581702571,233.30664626337153,229.49158818749646,232.34786342277516,229.49158818749646,213.31650687943036,229.13378689215799,226.58032334263518,229.13378689215799
2013-12-22 03:20:00+01:00,239.08790588378906,191.04721069335938,338.18475341796875,200.29263071811553,228.03233495027578,223.89368751260108,225.5308442314463,223.89368751260108,208.44207708045428,225.0830604210194,224.83808578027495,225.0830604210194
2013-12-22 03:30:00+01:00,235.65777587890625,239.08790588378906,292.1773681640625,212.48057882528636,227.4018733344769,223.68648432322735,227.00543879764683,223.68648432322735,216.37359957211177,230.73051634901293,226.8542129828265,230.73051634901293
2013-12-22 03:40:00+01:00,192.75901794433594,235.65777587890625,301.58111572265625,217.83324979830886,227.227788917825,224.4003969208178,228.5678725113056,224.4003969208178,212.09512558068863,229.28512304386607,229.2783240915563,229.28512304386607
2013-12-22 03:50:00+01:00,211.66522216796875,192.75901794433594,346.2955322265625,207.03105147796475,224.5326714496048,221.44141761433266,224.08270147258463,221.44141761433266,201.672673948453,221.05379271504412,222.97254389183416,221.05379271504412
2013-12-22 04:00:00+01:00,198.1449737548828,211.66522216796875,287.5334777832031,207.47312212515027,222.94956255037025,219.4183852927377,222.06972644119114,219.4183852927377,202.4746012048512,220.11878220424825,217.13267653659193,220.11878220424825
2013-12-22 04:10:00+01:00,188.68125915527344,198.1449737548828,306.9956359863281,196.32385696848348,220.86040541518992,217.31341636773257,219.1919821595617,217.31341636773257,197.88588964559042,216.47410922252317,216.14005716495808,216.47410922252317
2013-12-22 04:20:00+01:00,197.03189086914062,188.68125915527344,330.9347229003906,193.51959921808657,218.970739186153,215.16001020918512,216.11679069353227,215.16001020918512,196.53103291575724,213.17933507429674,212.11446300316132,213.17933507429674
2013-12-22 04:30:00+01:00,207.60874938964844,197.03189086914062,271.0594787597656,193.50007269827552,216.93476222631688,212.76828000585868,213.58655067820254,212.76828000585868,193.48113277545363,211.02756718272272,205.58987910905495,211.02756718272272
2013-12-22 04:40:00+01:00,194.5262451171875,207.60874938964844,306.9076232910156,199.20600540886895,217.4056574253027,213.81096006013817,215.08990866378895,213.81096006013817,196.20143289761455,212.33449191865975,212.2104721112302,212.33449191865975
2013-12-22 04:50:00+01:00,199.42442321777344,194.5262451171875,315.56829833984375,197.93361428685944,217.19341707319862,213.65592076619512,214.50628623308407,213.65592076619512,196.0999763740168,211.60396348802345,211.1856584484619,211.60396348802345
2013-12-22 05:00:00+01:00,191.96487426757812,199.42442321777344,252.07534790039062,201.03861823484317,216.17480461048422,212.36722068905166,213.24948033644955,212.36722068905166,198.18205082728193,212.55038297949272,208.15108467011015,212.55038297949272
2013-12-22 05:10:00+01:00,184.7897491455078,191.96487426757812,306.58807373046875,196.58909010125743,216.30613289657953,212.8307631803257,213.3207548123038,212.8307631803257,194.07152137728787,209.76147831300565,210.37975066295394,209.76147831300565
2013-12-22 05:20:00+01:00,202.445556640625,184.7897491455078,312.18585205078125,193.62373230079191,216.19040914332786,212.47839502809734,212.36092122194427,212.47839502809734,194.31046071267943,207.03253197262194,206.34094177956803,207.03253197262194
2013-12-22 05:30:00+01:00,188.96749877929688,202.445556640625,271.6971130371094,200.71874151739613,217.0579958441039,213.2762663175259,213.7700945477574,213.2762663175259,198.91614998404108,209.24226846813045,209.708570868994,209.24226846813045
2013-12-22 05:40:00+01:00,196.66334533691406,188.96749877929688,281.8018798828125,197.6440602274573,217.02958922342447,213.3114846924108,213.41533736928974,213.3114846924108,196.66215377771272,208.0252243163395,210.31464604406258,208.0252243163395
2013-12-22 05:50:00+01:00,218.4387969970703,196.66334533691406,308.5719299316406,204.4563303494919,218.92042372164923,215.319284534014,215.68231421769303,215.319284534014,200.56429650497537,210.47668110673672,213.3921857924925,210.47668110673672
2013-12-22 06:00:00+01:00,204.28622436523438,218.4387969970703,260.5623474121094,215.92312840187526,221.75616684518212,218.23719797197654,219.95779883872783,218.23719797197654,210.09242915998016,215.52570075335316,218.98613583827023,215.52570075335316
2013-12-22 06:10:00+01:00,204.2212677001953,204.28622436523438,309.4451904296875,217.5813223523845,224.69775681011652,221.46192468470508,223.2643852879688,221.46192468470508,208.58406857511258,218.44114285741045,224.28489768099624,218.44114285741045
2013-12-22 06:20:00+01:00,212.75473022460938,204.2212677001953,327.26434326171875,221.6381383173674,228.23798453268918,224.70004015758693,226.66717258170743,224.70004015758693,214.92460639571726,226.81611058970367,227.3061646873787,226.81611058970367
2013-12-22 06:30:00+01:00,201.71212768554688,212.75473022460938,272.7059020996094,224.99761808989956,230.893483284185,226.761837444359,229.38432499139768,226.761837444359,217.2078558543176,222.99918115347768,225.30309196908584,222.99918115347768
2013-12-22 06:40:00+01:00,182.26083374023438,201.71212768554688,297.13336181640625,223.23680949187695,233.098624563284,228.6752060689774,231.03845496319238,228.6752060689774,218.21232636822432,228.47406786350444,229.17624508312556,228.47406786350444
2013-12-22 06:50:00+01:00,215.85308837890625,182.26083374023438,334.0758361816406,213.7974889774691,234.13422346060656,228.96310658305035,230.0039944925834,228.96310658305035,218.7418468483404,231.84893446690515,229.45318750693525,231.84893446690515
2013-12-22 07:00:00+01:00,209.480224609375,215.85308837890625,292.1195373535156,227.15197734346876,237.73653955671793,232.03234128433036,234.3866575873966,232.03234128433036,228.59595738753708,238.44352636602596,236.73236218997596,238.44352636602596
2013-12-22 07:10:00+01:00,202.72679138183594,209.480224609375,340.07000732421875,229.21909198132764,242.01706391878992,236.31079082226367,239.0396830494616,236.31079082226367,230.71391499031768,244.4621193924835,243.19892947011516,244.4621193924835
2013-12-22 07:20:00+01:00,241.6956787109375,202.72679138183594,330.664794921875,235.05383840695032,245.21573543074774,238.88042593148427,241.528454522662,238.88042593148427,239.10124421174626,252.4721707922242,247.4655360291447,252.4721707922242
2013-12-22 07:30:00+01:00,212.7093048095703,241.6956787109375,389.0876770019531,255.57046116856532,254.5619224166858,248.23915359801,253.206209528813,248.23915359801,251.11817386493078,267.6934990532607,266.65298980071213,267.6934990532607
2013-12-22 07:40:00+01:00,195.1311492919922,212.7093048095703,530.9491577148438,249.5363051242178,264.0823227410644,256.97242583753615,261.9472393358858,256.97242583753615,255.52362092565528,278.6361140586638,278.56375250458484,278.6361140586638
2013-12-22 07:50:00+01:00,250.33660888671875,195.1311492919922,414.264892578125,243.89442929817557,267.3094373921517,258.0829042616721,261.5600611662419,258.0829042616721,254.85823537047847,272.15403706964736,268.33311856568366,272.15403706964736
2013-12-22 08:00:00+01:00,234.88385009765625,250.33660888671875,405.94512939453125,265.5279463881825,276.42673558494147,267.03885116213576,272.4450300194351,267.03885116213576,269.07979757950096,290.5228221137899,286.0286715173043,290.5228221137899
2013-12-22 08:10:00+01:00,237.84228515625,234.88385009765625,459.0292663574219,268.29659333222554,284.9559758448013,275.6779954009754,281.06585326432867,275.6779954009754,278.8047801952901,296.4314577458019,298.8389630736261,296.4314577458019
2013-12-22 08:20:00+01:00,284.899658203125,237.84228515625,463.022216796875,283.5453474398194,293.68878165493874,284.06171216682054,289.2615537605082,284.06171216682054,289.4136330994698,306.64312386503906,312.42003723632774,306.64312386503906
2013-12-22 08:30:00+01:00,271.18426513671875,284.899658203125,473.4036865234375,308.54545294377283,308.1845736931298,298.90158779263277,306.4753245328456,298.90158779263277,309.7502674943818,329.339867479627,338.8463566769049,329.339867479627
2013-12-22 08:40:00+01:00,261.908447265625,271.18426513671875,496.8063049316406,315.5523297137066,321.6564421104902,312.3630003195908,320.4098492730537,312.3630003195908,320.41257004012095,340.33573481887635,349.34605897145974,340.33573481887635
2013-12-22 08:50:00+01:00,294.0846252441406,261.908447265625,529.2862548828125,320.8029648201946,334.5185014064831,324.7638501735028,331.6721004550863,324.7638501735028,332.0371217539532,349.43656075124306,362.43540152900067,349.43656075124306
2013-12-22 09:00:00+01:00,349.0341491699219,294.0846252441406,522.9733276367188,334.62420675532667,350.56410949276807,340.9407954866668,347.9161888395211,340.9407954866668,351.97691774867127,370.3637406952959,387.8423366441206,370.3637406952959
2013-12-22 09:10:00+01:00,349.0551452636719,349.0341491699219,548.5274658203125,371.8325493309825,374.0735614780882,365.7410032859317,375.1855351203783,365.7410032859317,375.1450328367294,397.0859029235815,417.95984751631494,397.0859029235815
2013-12-22 09:20:00+01:00,378.0784912109375,349.0551452636719,623.2251586914062,396.773125062292,400.9378402142789,393.40057688676893,404.2798987760282,393.40057688676893,402.273391932082,424.9060078044286,452.04575313893247,424.9060078044286
2013-12-22 09:30:00+01:00,424.97802734375,378.0784912109375,644.4241333007812,429.41195949104025,432.60091850177844,425.38131802588356,437.82172733055864,425.38131802588356,430.77496001692344,456.15618221911467,496.13971386004795,456.15618221911467
2013-12-22 09:40:00+01:00,469.0536193847656,424.97802734375,673.4335327148438,463.06156836639815,471.50332348943454,465.1380742953159,479.61276616255293,465.1380742953159,464.4511300195234,499.3807862587481,540.947617864494,499.3807862587481
2013-12-22 09:50:00+01:00,553.5082397460938,469.0536193847656,900.9782104492188,507.5402471945249,525.9543125294244,520.7276021987542,538.2518993980124,520.7276021987542,534.8292960112328,578.9796145168676,630.6350249964993,578.9796145168676
2013-12-22 10:00:00+01:00,689.4639892578125,553.5082397460938,816.3873901367188,577.3881479153976,588.7527356379693,583.6945863056944,605.8700991487281,583.6945863056944,594.457086964773,627.6074228719642,687.7815186567695,627.6074228719642
2013-12-22 10:10:00+01:00,631.2227783203125,689.4639892578125,978.7815551757812,681.6200610100657,676.2161026369414,673.2190574863213,703.3363399471355,673.2190574863213,687.1169576944031,738.4986465071087,818.3791610929013,738.4986465071087
2013-12-22 10:20:00+01:00,707.7872314453125,631.2227783203125,1081.343017578125,707.9402532406727,761.4493760649702,756.1223354420922,787.3413132085778,756.1223354420922,731.4747085406644,773.0326439143972,841.8516364739288,773.0326439143972
2013-12-22 10:30:00+01:00,766.1703491210938,707.7872314453125,1091.902587890625,769.8412454412644,849.717396840501,843.2714696546932,869.2237637147316,843.2714696546932,826.6506084590643,867.1202991073941,947.0081197569739,867.1202991073941
2013-12-22 10:40:00+01:00,803.88720703125,766.1703491210938,1309.0472412109375,801.5592995211733,944.2222172916765,937.8350611796307,954.0958599958092,937.8350611796307,911.9582663584341,967.3157898223415,1045.1181699186322,967.3157898223415
2013-12-22 10:50:00+01:00,971.2717895507812,803.88720703125,1374.8765869140625,853.4379101037728,1031.634625636778,1024.3397519915497,1027.7018370850788,1024.3397519915497,997.8369153077945,1059.868082935221,1105.5876505853253,1059.868082935221
2013-12-22 11:00:00+01:00,1046.3397216796875,971.2717895507812,1422.5745849609375,960.8060741553094,1124.558921159273,1118.9355308823158,1111.844490694928,1118.9355308823158,1095.94871847161,1166.1546329106382,1183.4193193274166,1166.1546329106382
2013-12-22 11:10:00+01:00,1230.1507568359375,1046.3397216796875,1650.9298095703125,1045.77532861196,1220.2859502524122,1215.0231361063554,1200.597643852806,1215.0231361063554,1199.6237201141455,1276.5467134213934,1268.7510074180211,1276.5467134213934
2013-12-22 11:20:00+01:00,1127.928466796875,1230.1507568359375,1733.594970703125,1197.486601380473,1322.3145825365202,1317.873989627783,1301.1909493377625,1317.873989627783,1314.5071696505433,1375.2528156934234,1338.4231055221173,1375.2528156934234
2013-12-22 11:30:00+01:00,1449.8251953125,1127.928466796875,1695.4234619140625,1202.213262900058,1396.2509553352736,1386.4877858856385,1365.6706873751293,1386.4877858856385,1349.8287796983577,1387.4904626656867,1339.0206084047913,1387.4904626656867
2013-12-22 11:40:00+01:00,1383.452880859375,1449.8251953125,1849.1558837890625,1381.4165702734144,1492.1781494444238,1485.3003481590104,1460.2156968700333,1485.3003481590104,1487.6787579948436,1545.0264139400194,1495.583456843569,1545.0264139400194
2013-12-22 11:50:00+01:00,1643.27197265625,1383.452880859375,1892.614013671875,1391.6890097980875,1571.0966174980636,1560.3720605299202,1533.9529015679418,1560.3720605299202,1521.366178539172,1568.2771433963126,1485.639438757398,1568.2771433963126
2013-12-22 12:00:00+01:00,1733.900146484375,1643.27197265625,2023.576416015625,1583.1917210522615,1665.138094265992,1656.6376155059565,1628.4530873126894,1656.6376155059565,1636.6204414312622,1709.037466176392,1645.8417516689128,1709.037466176392
2013-12-22 12:10:00+01:00,1675.901123046875,1733.900146484375,2123.922119140625,1664.8691929463089,1759.554670384787,1751.1897319443192,1725.3199073606136,1751.1897319443192,1687.4089910743194,1768.5386158435144,1687.4101240162474,1768.5386158435144
2013-12-22 12:20:00+01:00,1833.242431640625,1675.901123046875,2235.97509765625,1716.2697806745673,1841.7182384987402,1829.7887988271116,1804.842624626848,1829.7887988271116,1764.0498099005893,1835.967114967226,1741.8218834993731,1835.967114967226
2013-12-22 12:30:00+01:00,1764.01611328125,1833.242431640625,2122.588134765625,1798.5335282359588,1918.8863122036491,1906.5065282852395,1880.490531491357,1906.5065282852395,1825.826708333166,1896.2392585585378,1781.647754597869,1896.2392585585378
2013-12-22 12:40:00+01:00,2001.0841064453125,1764.01611328125,2134.24609375,1780.942428714991,1980.330442576166,1963.781558714334,1935.1404992022872,1963.781558714334,1877.9151417886023,1932.1557055981632,1805.6930940593763,1932.1557055981632
2013-12-22 12:50:00+01:00,1983.384033203125,2001.0841064453125,2539.855224609375,1916.1625294136677,2067.0525507376874,2053.8852581629144,2022.0981928423798,2053.8852581629144,1964.549316292531,2068.323207969164,1929.6509988482571,2068.323207969164
2013-12-22 13:00:00+01:00,2070.59033203125,1983.384033203125,2578.364013671875,1941.0299714333748,2143.214263486204,2126.6821906132586,2099.266881682474,2126.6821906132586,2022.1457066629632,2108.731992493294,1972.1150832789085,2108.731992493294
2013-12-22 13:10:00+01:00,2207.352294921875,2070.59033203125,2608.72705078125,2034.6242489871042,2216.152256366637,2197.8401314090343,2174.2067822929343,2197.8401314090343,2078.9589943195333,2181.0889396112525,2043.7479995159078,2181.0889396112525
2013-12-22 13:20:00+01:00,2090.542236328125,2207.352294921875,2484.750244140625,2114.955884103429,2283.8476878777383,2265.551734353372,2246.8415824443045,2265.551734353372,2126.7418253311266,2241.184596163186,2108.0728362853015,2241.184596163186
2013-12-22 13:30:00+01:00,1998.6561279296875,2090.542236328125,2361.1787109375,2106.587278493083,2328.120557168513,2305.0010550423312,2288.9252461282395,2305.0010550423312,2138.4603491607973,2237.7065056681113,2094.570272842246,2237.7065056681113
2013-12-22 13:40:00+01:00,2118.21630859375,1998.6561279296875,2399.08203125,2064.457423655113,2357.4796430282295,2329.1299065339717,2308.1948584230395,2329.1299065339717,2145.677672003317,2234.9210859684035,2102.442053725345,2234.9210859684035
2013-12-22 13:50:00+01:00,2046.231201171875,2118.21630859375,2422.20947265625,2078.8154010487897,2389.475591696851,2360.81317749141,2333.7628356365235,2360.81317749141,2204.6251481771255,2299.847590771889,2148.9973594654057,2299.847590771889
2013-12-22 14:00:00+01:00,2005.10888671875,2046.231201171875,2714.374267578125,2048.533775557061,2421.8675901044267,2389.2873099416393,2358.859557634525,2389.2873099416393,2228.776236986783,2330.0612429262906,2156.3709340765904,2330.0612429262906
2013-12-22 14:10:00+01:00,2134.59912109375,2005.10888671875,2583.798828125,2039.56044478824,2437.125148623801,2397.926986297427,2363.8730970410434,2397.926986297427,2235.0875132001,2300.5049087787907,2150.0110203371105,2300.5049087787907
2013-12-22 14:20:00+01:00,2146.133544921875,2134.59912109375,2698.714111328125,2079.322993313599,2462.708202475249,2422.67585842866,2385.2237461006057,2422.67585842866,2276.6363813703124,2369.1260469581844,2193.455848929833,2369.1260469581844
2013-12-22 14:30:00+01:00,2083.603759765625,2146.133544921875,2606.96533203125,2104.385128481647,2480.3542774412995,2437.202671540738,2400.2267497742964,2437.202671540738,2287.0847076218984,2377.930808598906,2208.984177529241,2377.930808598906
2013-12-22 14:40:00+01:00,2265.521484375,2083.603759765625,2682.9873046875,2105.572471657341,2491.3024062876666,2444.165857397224,2405.976863414625,2444.165857397224,2308.832385182867,2375.5000428566623,2225.9330747251024,2375.5000428566623
2013-12-22 14:50:00+01:00,2261.10400390625,2265.521484375,2680.170654296875,2184.000141303731,2511.222507995268,2466.891742594395,2429.407621107476,2466.891742594395,2339.0754836818815,2444.9558090647547,2295.2558850930764,2444.9558090647547
2013-12-22 15:00:00+01:00,2310.031494140625,2261.10400390625,2645.52099609375,2206.548754910637,2525.6312754430296,2481.6018166151384,2448.131315753715,2481.6018166151384,2363.4053867924827,2456.4392094064165,2321.4770486383045,2456.4392094064165
2013-12-22 15:10:00+01:00,2401.24072265625,2310.031494140625,2729.0703125,2270.6079579088027,2542.1917076790965,2501.2687242072384,2471.5305571838253,2501.2687242072384,2437.048131543321,2511.075205468746,2380.4734593395815,2511.075205468746
2013-12-22 15:20:00+01:00,2304.619140625,2401.24072265625,2856.536865234375,2322.6552216866294,2565.0306695267964,2529.567923660124,2505.6336671791305,2529.567923660124,2469.080648835597,2563.1720254042457,2421.971141460988,2563.1720254042457
2013-12-22 15:30:00+01:00,2281.764404296875,2304.619140625,2966.33544921875,2302.6787958134946,2578.852512990766,2543.993633125747,2525.44296284678,2543.993633125747,2485.509137247692,2580.884037916637,2424.7917402055186,2580.884037916637
2013-12-22 15:40:00+01:00,2348.873046875,2281.764404296875,2922.66162109375,2286.63574457039,2582.7672566590168,2547.847324055777,2530.4899965606824,2547.847324055777,2509.017504363837,2575.7365335605227,2435.260307861367,2575.7365335605227
2013-12-22 15:50:00+01:00,2395.826171875,2348.873046875,2932.86669921875,2288.6745082191987,2587.5295481030676,2554.929125328107,2537.0815180373015,2554.929125328107,2531.0119304993996,2594.2470849280194,2460.277961345958,2594.2470849280194
2013-12-22 16:00:00+01:00,2172.33740234375,2395.826171875,3102.461181640625,2315.179510894082,2597.327778180497,2568.284616182555,2551.362976850835,2568.284616182555,2588.6783162337574,2621.0150957518135,2491.6230060536686,2621.0150957518135
2013-12-22 16:10:00+01:00,2329.11181640625,2172.33740234375,2976.7158203125,2221.910890947971,2580.316648592043,2545.02688177234,2525.79612569065,2545.02688177234,2553.6450019659333,2538.389297360598,2429.9676879139,2538.389297360598
2013-12-22 16:20:00+01:00,2651.850830078125,2329.11181640625,2962.54931640625,2254.8608664062413,2571.179414956971,2539.057599347188,2514.064958457109,2539.057599347188,2586.2399965304594,2573.5745707976516,2474.0046129175043,2573.5745707976516
2013-12-22 16:30:00+01:00,2556.07177734375,2651.850830078125,3077.3818359375,2381.501565742726,2586.636651545623,2566.379618613745,2544.48051112315,2566.379618613745,2666.472395596501,2657.1682158884173,2552.909058723455,2657.1682158884173
2013-12-22 16:40:00+01:00,2471.200927734375,2556.07177734375,3341.74853515625,2434.485707849064,2600.1887041167192,2586.024199007577,2572.6142217659694,2586.024199007577,2690.189073214876,2661.092419683271,2548.6878803896357,2661.092419683271
2013-12-22 16:50:00+01:00,2486.201416015625,2471.200927734375,2870.30810546875,2435.2999577647315,2585.378249420126,2571.899374411567,2562.790612548509,2571.899374411567,2646.3683322569445,2593.310627022978,2530.394612152721,2593.310627022978
2013-12-22 17:00:00+01:00,2402.3154296875,2486.201416015625,3017.3818359375,2394.1504910852827,2574.5916451445896,2566.9434143026183,2555.324146757216,2566.9434143026183,2661.8251759283494,2619.528146313212,2540.1594098623173,2619.528146313212
2013-12-22 17:10:00+01:00,2440.921875,2402.3154296875,2786.843017578125,2327.9658693546007,2545.9640529579415,2539.3258610157877,2524.0829385997886,2539.3258610157877,2648.718887794939,2573.6293220180587,2513.441388969478,2573.6293220180587
2013-12-22 17:20:00+01:00,2260.968017578125,2440.921875,2738.216552734375,2321.609176502337,2516.9470155013396,2515.39958426562,2494.4726485004812,2515.39958426562,2639.1759905933473,2552.392363966709,2515.681714912872,2552.392363966709
2013-12-22 17:30:00+01:00,2325.242919921875,2260.968017578125,2814.94873046875,2214.206018418686,2476.464264354998,2475.231321333854,2446.8637015857744,2475.231321333854,2552.7458667883634,2481.0280603207802,2420.8978238962936,2481.0280603207802
2013-12-22 17:40:00+01:00,2008.163330078125,2325.242919921875,3089.035888671875,2205.871949663815,2448.0003533282106,2453.8182391665514,2418.5560325554193,2453.8182391665514,2560.8960358070635,2489.501536211627,2421.3146407551226,2489.501536211627
2013-12-22 17:50:00+01:00,2312.8544921875,2008.163330078125,2778.16357421875,2017.158152116257,2382.6231184974536,2379.495932525201,2335.563492620286,2379.495932525201,2397.5268217109306,2339.1047140604373,2275.66199207766,2339.1047140604373
2013-12-22 18:00:00+01:00,1884.452880859375,2312.8544921875,2793.869873046875,2100.624847991583,2343.6638022890716,2348.8560946658704,2297.1269577639964,2348.8560946658704,2452.3483536811823,2387.9189497760917,2361.6357117333805,2387.9189497760917
2013-12-22 18:10:00+01:00,2071.251220703125,1884.452880859375,2813.640380859375,1882.731873668222,2273.0043480741224,2268.7961063461953,2208.216384236006,2268.7961063461953,2217.5580385186954,2194.0791467356817,2123.5572780652374,2194.0791467356817
2013-12-22 18:20:00+01:00,1986.657470703125,2071.251220703125,2760.871337890625,1940.5709521100753,2217.478338444078,2217.0400392100314,2147.776095714261,2217.0400392100314,2243.0796013432673,2199.8901413098156,2165.383437837586,2199.8901413098156
2013-12-22 18:30:00+01:00,1833.10498046875,1986.657470703125,2674.6513671875,1844.460466657531,2156.7945716419663,2154.976101903301,2081.6901914395553,2154.976101903301,2116.353669225397,2117.1035304689835,2075.5507575346205,2117.1035304689835
2013-12-22 18:40:00+01:00,1691.1322021484375,1833.10498046875,2497.2333984375,1786.38996224318,2080.338379425976,2073.6920585820944,1994.171461979107,2073.6920585820944,2041.1527811591313,2025.0409320265362,1983.4799604639234,2025.0409320265362
2013-12-22 18:50:00+01:00,1681.017822265625,1691.1322021484375,2555.327880859375,1663.4246088887503,1997.7393115171244,1987.11057914381,1896.6247438430617,1987.11057914381,1859.5411584083395,1906.2232846603806,1856.6222831056493,1906.2232846603806
2013-12-22 19:00:00+01:00,1457.5157470703125,1681.017822265625,2471.1904296875,1594.2207430943774,1917.3311141620675,1904.9998248659854,1805.725826766896,1904.9998248659854,1825.2056996345468,1866.7306866699741,1814.7284019968415,1866.7306866699741
2013-12-22 19:10:00+01:00,1255.726806640625,1457.5157470703125,2423.603759765625,1450.4060830143162,1821.0457655628554,1801.7552344804815,1691.6726569805928,1801.7552344804815,1657.5658704251193,1699.909992003226,1621.3475995125775,1699.909992003226
2013-12-22 19:20:00+01:00,1255.937255859375,1255.726806640625,2052.952392578125,1298.5387783582146,1698.8550281540495,1668.4609960651537,1544.224232176883,1668.4609960651537,1547.5059537044833,1534.666282437442,1453.6098244548225,1534.666282437442
2013-12-22 19:30:00+01:00,1104.20166015625,1255.937255859375,1793.0517578125,1213.216054323472,1581.3797020260995,1546.5789057437878,1410.6614856217138,1546.5789057437878,1440.163282032765,1432.795986965259,1372.888534766678,1432.795986965259
2013-12-22 19:40:00+01:00,929.8861083984375,1104.20166015625,1750.4432373046875,1096.4630580907042,1462.3383058316417,1424.6517360503076,1280.234236243159,1424.6517360503076,1360.6096333206485,1319.8687424660723,1258.482069623994,1319.8687424660723
2013-12-22 19:50:00+01:00,896.4365844726562,929.8861083984375,1542.716064453125,975.31734833809,1332.4461227397317,1291.419626646893,1142.7672340987367,1291.419626646893,1223.1268196081753,1141.9059138247683,1115.8931039143872,1141.9059138247683
2013-12-22 20:00:00+01:00,807.0841064453125,896.4365844726562,1552.520751953125,893.3020278285821,1221.4296833647034,1183.3862303138537,1036.4039017291284,1183.3862303138537,1145.0182238956456,1071.958241544851,1057.882042695908,1071.958241544851
2013-12-22 20:10:00+01:00,1002.88720703125,807.0841064453125,1458.406982421875,806.5687238468064,1118.0212838229672,1082.7466133676937,945.5860491821377,1082.7466133676937,1038.8563594135983,962.3395024588335,966.1865071083232,962.3395024588335
2013-12-22 20:20:00+01:00,794.06884765625,1002.88720703125,1356.0595703125,869.7205443027697,1054.0816297682766,1027.8096311380193,911.740387466509,1027.8096311380193,1038.6174660211168,992.0494191266868,1023.363897512709,992.0494191266868
2013-12-22 20:30:00+01:00,773.2915649414062,794.06884765625,1211.9283447265625,790.4612816521656,980.6291684213231,956.6992583218597,863.2069813433142,956.6992583218597,906.3598198738406,855.0142848285044,889.8890666272591,855.0142848285044
2013-12-22 20:40:00+01:00,666.1854858398438,773.2915649414062,1163.1595458984375,776.789908443019,918.7869993621894,898.5487541228823,824.8708990422417,898.5487541228823,871.9396684426077,832.0391599582017,864.7011829525002,832.0391599582017
2013-12-22 20:50:00+01:00,663.6101684570312,666.1854858398438,1058.60595703125,678.1093424566042,854.402319822735,835.4836582020994,776.6009860429197,835.4836582020994,784.9410387797166,755.9492902381929,778.1520743167054,755.9492902381929
2013-12-22 21:00:00+01:00,622.5816650390625,663.6101684570312,966.9679565429688,649.6413540048128,799.0712432370908,782.6925612491502,735.5762512487718,782.6925612491502,765.6593046340923,753.7991531651959,759.648839959978,753.7991531651959
2013-12-22 21:10:00+01:00,596.7989501953125,622.5816650390625,981.4010620117188,606.3651356731781,751.5179788785337,737.613171518612,699.4185876287472,737.613171518612,704.6138920565265,695.213311861646,703.4939573916239,695.213311861646
2013-12-22 21:20:00+01:00,650.9452514648438,596.7989501953125,827.8341674804688,583.5555409047608,705.3557252368734,692.852327126403,661.7224327248522,692.852327126403,673.2230247735845,673.9962733160844,663.0931645713379,673.9962733160844
2013-12-22 21:30:00+01:00,500.1367492675781,650.9452514648438,701.6923828125,593.9000144645212,669.008105925077,659.7432036858705,636.1085590006784,659.7432036858705,648.528094892326,650.1544556482933,651.5588221434261,650.1544556482933
2013-12-22 21:40:00+01:00,519.0877075195312,500.1367492675781,754.4537963867188,524.0653904525442,627.3273758344226,618.2133312064225,596.0662198752613,618.2133312064225,603.8916892129241,609.5855322259017,585.8809613183232,609.5855322259017
2013-12-22 21:50:00+01:00,522.98974609375,519.0877075195312,731.9561157226562,512.7671794400422,594.3692827866978,586.1430810982836,566.455554420207,586.1430810982836,575.5436171824862,579.3109551273631,570.020570740077,579.3109551273631
2013-12-22 22:00:00+01:00,535.3906860351562,522.98974609375,651.9786987304688,487.63933355364173,565.1439171737719,558.0209800805075,541.3380420042366,558.0209800805075,556.1227230447935,550.3507861821561,544.3539016665619,550.3507861821561
2013-12-22 22:10:00+01:00,484.1563415527344,535.3906860351562,763.32763671875,497.2614195173306,547.3294425244483,542.3823904421016,530.4203161160185,542.3823904421016,545.4233771913723,543.1723852662598,539.4362892997141,543.1723852662598
2013-12-22 22:20:00+01:00,455.8810119628906,484.1563415527344,631.35498046875,474.92773331458653,523.9098199146927,518.3522317701594,508.8709985383922,518.3522317701594,512.7009734620959,504.580195511914,499.1928727791421,504.580195511914
2013-12-22 22:30:00+01:00,444.8541259765625,455.8810119628906,682.820068359375,452.10107834908274,503.06815329788043,497.1522030468477,489.0510652910559,497.1522030468477,490.4736202510881,481.29628730095084,484.2243983518921,481.29628730095084
2013-12-22 22:40:00+01:00,423.22686767578125,444.8541259765625,692.962158203125,429.8004492184522,484.58077587546575,478.1656741489166,471.355306345267,478.1656741489166,469.87102324595037,457.82817906304524,455.3813579495501,457.82817906304524
2013-12-22 22:50:00+01:00,406.4170837402344,423.22686767578125,672.8045654296875,410.38705803378554,465.84747817498345,458.5494899561271,452.4373792617591,458.5494899561271,444.54628958866135,441.60176654971093,438.12144826356547,441.60176654971093
2013-12-22 23:00:00+01:00,471.2686462402344,406.4170837402344,579.7041015625,394.7230190970241,444.7567197653626,436.51354051516455,430.27567234401226,436.51354051516455,423.6582431953815,424.74920515073785,413.9969585330251,424.74920515073785
2013-12-22 23:10:00+01:00,413.9502868652344,471.2686462402344,567.5315551757812,415.8586262215836,433.1586945442709,426.65805110030016,423.38788935789745,426.65805110030016,424.35369668403166,422.2132682925978,421.764096135936,422.2132682925978
2013-12-22 23:20:00+01:00,342.5726013183594,413.9502868652344,505.4060974121094,398.1156116189481,416.83727942281575,410.55726556571693,407.64622359014294,410.55726556571693,398.96678980118173,401.25135945138754,393.00604279734847,401.25135945138754
2013-12-22 23:30:00+01:00,381.97705078125,342.5726013183594,483.52020263671875,363.29587255963634,394.8397014043504,387.19555862879724,381.85975369255146,387.19555862879724,370.4607838421561,375.9791401053584,370.20306755017083,375.9791401053584
2013-12-22 23:40:00+01:00,298.5262756347656,381.97705078125,497.0124816894531,356.8579042474991,380.883424608085,373.765904151461,369.1887018342419,373.765904151461,369.40907981551027,370.6379884480747,364.8801415615539,370.6379884480747
2013-12-22 23:50:00+01:00,353.7261047363281,298.5262756347656,499.6375427246094,308.95754137068934,360.4033321202362,351.89016788132227,345.32860969507794,351.89016788132227,332.8377329644831,339.4652959642899,328.2904517878222,339.4652959642899
